2026/09/24 12:26:29.227, 352 MiB, 3 %, 43, 210 MHz, 3.59 W, 0x0000000000000001
2026/09/24 12:26:31.241, 559 MiB, 0 %, 44, 2130 MHz, 15.40 W, 0x0000000000000000
2026/09/24 12:26:33.249, 687 MiB, 1 %, 46, 2475 MHz, 30.40 W, 0x0000000000000000
2026/09/24 12:26:35.252, 687 MiB, 65 %, 51, 2475 MHz, 62.36 W, 0x0000000000000000
2026/09/24 12:26:37.268, 943 MiB, 67 %, 56, 2475 MHz, 62.95 W, 0x0000000000000000
2026/09/24 12:26:39.282, 943 MiB, 68 %, 58, 2475 MHz, 63.18 W, 0x0000000000000000
2026/09/24 12:26:41.291, 943 MiB, 67 %, 59, 2475 MHz, 63.12 W, 0x0000000000000000
2026/09/24 12:26:43.293, 943 MiB, 65 %, 59, 2475 MHz, 62.59 W, 0x0000000000000000
2026/09/24 12:26:45.295, 943 MiB, 68 %, 60, 2475 MHz, 63.93 W, 0x0000000000000000
2026/09/24 12:26:47.300, 943 MiB, 67 %, 61, 2475 MHz, 64.11 W, 0x0000000000000000
2026/09/24 12:26:49.303, 943 MiB, 66 %, 62, 2475 MHz, 63.96 W, 0x0000000000000000
2026/09/24 12:26:51.318, 943 MiB, 67 %, 62, 2475 MHz, 60.41 W, 0x0000000000000000
2026/09/24 12:26:53.325, 943 MiB, 66 %, 63, 2460 MHz, 63.98 W, 0x0000000000000000
2026/09/24 12:26:55.328, 943 MiB, 66 %, 63, 2460 MHz, 63.51 W, 0x0000000000000000
2026/09/24 12:26:57.341, 943 MiB, 66 %, 63, 2460 MHz, 64.15 W, 0x0000000000000000
2026/09/24 12:26:59.342, 943 MiB, 67 %, 64, 2460 MHz, 62.09 W, 0x0000000000000000
2026/09/24 12:27:01.352, 943 MiB, 59 %, 64, 2460 MHz, 58.42 W, 0x0000000000000000
2026/09/24 12:27:03.356, 943 MiB, 67 %, 65, 2460 MHz, 62.29 W, 0x0000000000000000
2026/09/24 12:27:05.358, 943 MiB, 68 %, 66, 2460 MHz, 64.50 W, 0x0000000000000004
2026/09/24 12:27:07.374, 943 MiB, 63 %, 66, 2460 MHz, 64.19 W, 0x0000000000000000
2026/09/24 12:27:09.379, 943 MiB, 66 %, 67, 2460 MHz, 64.27 W, 0x0000000000000000
2026/09/24 12:27:11.380, 943 MiB, 65 %, 67, 2460 MHz, 64.24 W, 0x0000000000000004
2026/09/24 12:27:13.383, 943 MiB, 66 %, 67, 2460 MHz, 64.69 W, 0x0000000000000004
2026/09/24 12:27:15.387, 943 MiB, 66 %, 68, 2460 MHz, 64.87 W, 0x0000000000000004
2026/09/24 12:27:17.398, 943 MiB, 67 %, 68, 2460 MHz, 63.90 W, 0x0000000000000000
2026/09/24 12:27:19.402, 943 MiB, 66 %, 68, 2460 MHz, 64.04 W, 0x0000000000000000
2026/09/24 12:27:21.410, 943 MiB, 64 %, 69, 2460 MHz, 64.44 W, 0x0000000000000000
2026/09/24 12:27:23.412, 943 MiB, 67 %, 69, 2460 MHz, 63.96 W, 0x0000000000000000
2026/09/24 12:27:25.417, 943 MiB, 67 %, 69, 2460 MHz, 64.60 W, 0x0000000000000004
2026/09/24 12:27:27.419, 943 MiB, 67 %, 69, 2460 MHz, 64.87 W, 0x0000000000000004
2026/09/24 12:27:29.421, 943 MiB, 68 %, 69, 2460 MHz, 59.99 W, 0x0000000000000000
2026/09/24 12:27:31.424, 943 MiB, 34 %, 65, 2460 MHz, 43.37 W, 0x0000000000000000
2026/09/24 12:27:33.427, 943 MiB, 36 %, 63, 2205 MHz, 36.87 W, 0x0000000000000001
2026/09/24 12:27:35.430, 943 MiB, 41 %, 63, 2175 MHz, 34.51 W, 0x0000000000000001
2026/09/24 12:27:37.439, 943 MiB, 41 %, 62, 1905 MHz, 29.94 W, 0x0000000000000001
2026/09/24 12:27:39.450, 943 MiB, 32 %, 61, 2010 MHz, 29.41 W, 0x0000000000000001
2026/09/24 12:27:41.454, 943 MiB, 35 %, 61, 1740 MHz, 25.00 W, 0x0000000000000001
2026/09/24 12:27:43.456, 943 MiB, 46 %, 59, 1710 MHz, 23.74 W, 0x0000000000000001
2026/09/24 12:27:45.459, 943 MiB, 39 %, 59, 1650 MHz, 23.05 W, 0x0000000000000001
2026/09/24 12:27:47.464, 943 MiB, 35 %, 58, 1635 MHz, 22.61 W, 0x0000000000000001
2026/09/24 12:27:49.465, 943 MiB, 34 %, 59, 1515 MHz, 21.08 W, 0x0000000000000001
2026/09/24 12:27:51.478, 943 MiB, 64 %, 60, 2235 MHz, 22.06 W, 0x0000000000000001
2026/09/24 12:27:53.488, 943 MiB, 32 %, 62, 2460 MHz, 38.67 W, 0x0000000000000000
2026/09/24 12:27:55.498, 943 MiB, 39 %, 60, 2175 MHz, 31.39 W, 0x0000000000000001
2026/09/24 12:27:57.514, 943 MiB, 43 %, 60, 2115 MHz, 27.83 W, 0x0000000000000001
2026/09/24 12:27:59.514, 943 MiB, 37 %, 59, 2070 MHz, 28.32 W, 0x0000000000000001
2026/09/24 12:28:01.528, 943 MiB, 42 %, 59, 2070 MHz, 27.70 W, 0x0000000000000001
2026/09/24 12:28:03.531, 943 MiB, 35 %, 59, 2085 MHz, 26.91 W, 0x0000000000000001
2026/09/24 12:28:05.533, 943 MiB, 40 %, 57, 1755 MHz, 21.45 W, 0x0000000000000001
2026/09/24 12:28:07.536, 943 MiB, 35 %, 57, 1710 MHz, 22.12 W, 0x0000000000000001
2026/09/24 12:28:09.538, 943 MiB, 38 %, 56, 1605 MHz, 20.02 W, 0x0000000000000001
2026/09/24 12:28:11.542, 943 MiB, 32 %, 56, 1515 MHz, 17.85 W, 0x0000000000000001
2026/09/24 12:28:13.545, 943 MiB, 33 %, 55, 1440 MHz, 16.51 W, 0x0000000000000001
2026/09/24 12:28:15.548, 943 MiB, 31 %, 55, 1425 MHz, 14.87 W, 0x0000000000000001
2026/09/24 12:28:17.552, 943 MiB, 42 %, 54, 1110 MHz, 15.02 W, 0x0000000000000001
2026/09/24 12:28:19.554, 943 MiB, 40 %, 54, 930 MHz, 12.67 W, 0x0000000000000001
2026/09/24 12:28:21.556, 943 MiB, 46 %, 53, 705 MHz, 12.05 W, 0x0000000000000001
2026/09/24 12:28:23.561, 943 MiB, 49 %, 53, 840 MHz, 11.92 W, 0x0000000000000001
2026/09/24 12:28:25.576, 943 MiB, 37 %, 52, 510 MHz, 10.16 W, 0x0000000000000001
2026/09/24 12:28:27.583, 943 MiB, 39 %, 52, 450 MHz, 9.88 W, 0x0000000000000001
2026/09/24 12:28:29.584, 943 MiB, 35 %, 52, 465 MHz, 8.86 W, 0x0000000000000001
2026/09/24 12:28:31.589, 943 MiB, 38 %, 51, 435 MHz, 9.79 W, 0x0000000000000001
2026/09/24 12:28:33.590, 943 MiB, 38 %, 51, 450 MHz, 9.22 W, 0x0000000000000001
2026/09/24 12:28:35.593, 943 MiB, 51 %, 51, 375 MHz, 9.02 W, 0x0000000000000001
2026/09/24 12:28:37.594, 943 MiB, 49 %, 51, 360 MHz, 7.30 W, 0x0000000000000001
2026/09/24 12:28:39.598, 943 MiB, 45 %, 50, 360 MHz, 7.30 W, 0x0000000000000001
2026/09/24 12:28:41.600, 943 MiB, 44 %, 50, 330 MHz, 7.05 W, 0x0000000000000001
2026/09/24 12:28:43.604, 943 MiB, 46 %, 50, 330 MHz, 7.06 W, 0x0000000000000001
2026/09/24 12:28:45.606, 943 MiB, 47 %, 50, 345 MHz, 7.15 W, 0x0000000000000001
2026/09/24 12:28:47.610, 943 MiB, 48 %, 49, 345 MHz, 7.09 W, 0x0000000000000001
2026/09/24 12:28:49.612, 943 MiB, 49 %, 49, 345 MHz, 7.05 W, 0x0000000000000001
2026/09/24 12:28:51.615, 943 MiB, 45 %, 49, 300 MHz, 6.99 W, 0x0000000000000001
2026/09/24 12:28:53.624, 943 MiB, 48 %, 49, 360 MHz, 7.18 W, 0x0000000000000001
2026/09/24 12:28:55.637, 943 MiB, 30 %, 49, 420 MHz, 9.66 W, 0x0000000000000001
2026/09/24 12:28:57.640, 943 MiB, 49 %, 49, 330 MHz, 7.12 W, 0x0000000000000001
2026/09/24 12:28:59.650, 943 MiB, 46 %, 48, 330 MHz, 7.04 W, 0x0000000000000001
2026/09/24 12:29:01.658, 943 MiB, 45 %, 48, 345 MHz, 7.09 W, 0x0000000000000001
2026/09/24 12:29:03.663, 943 MiB, 28 %, 48, 435 MHz, 9.55 W, 0x0000000000000001
2026/09/24 12:29:05.669, 847 MiB, 0 %, 49, 2130 MHz, 15.23 W, 0x0000000000000000
2026/09/24 12:29:07.681, 847 MiB, 76 %, 60, 2430 MHz, 63.75 W, 0x0000000000000004
2026/09/24 12:29:09.683, 847 MiB, 76 %, 61, 2370 MHz, 61.41 W, 0x0000000000000004
2026/09/24 12:29:11.688, 847 MiB, 76 %, 63, 2385 MHz, 67.70 W, 0x0000000000000004
2026/09/24 12:29:13.694, 847 MiB, 76 %, 64, 2295 MHz, 68.11 W, 0x0000000000000000
2026/09/24 12:29:15.696, 495 MiB, 0 %, 55, 2460 MHz, 37.05 W, 0x0000000000000000
2026/09/24 12:29:17.706, 687 MiB, 9 %, 54, 2130 MHz, 19.48 W, 0x0000000000000000
2026/09/24 12:29:19.712, 687 MiB, 47 %, 60, 2460 MHz, 48.52 W, 0x0000000000000000
2026/09/24 12:29:21.720, 687 MiB, 68 %, 64, 2460 MHz, 65.00 W, 0x0000000000000004
2026/09/24 12:29:23.730, 687 MiB, 61 %, 65, 2460 MHz, 64.79 W, 0x0000000000000000
2026/09/24 12:29:25.740, 943 MiB, 68 %, 66, 2460 MHz, 65.37 W, 0x0000000000000000
2026/09/24 12:29:27.749, 943 MiB, 69 %, 67, 2460 MHz, 65.24 W, 0x0000000000000004
2026/09/24 12:29:29.764, 943 MiB, 68 %, 67, 2460 MHz, 65.50 W, 0x0000000000000004
2026/09/24 12:29:31.781, 943 MiB, 68 %, 68, 2460 MHz, 66.19 W, 0x0000000000000000
2026/09/24 12:29:33.785, 943 MiB, 68 %, 68, 2460 MHz, 62.91 W, 0x0000000000000004
2026/09/24 12:29:35.786, 943 MiB, 67 %, 69, 2460 MHz, 65.89 W, 0x0000000000000004
2026/09/24 12:29:37.802, 943 MiB, 67 %, 69, 2460 MHz, 65.91 W, 0x0000000000000000
2026/09/24 12:29:39.818, 943 MiB, 67 %, 70, 2460 MHz, 66.41 W, 0x0000000000000004
2026/09/24 12:29:41.828, 943 MiB, 68 %, 70, 2460 MHz, 66.28 W, 0x0000000000000000
2026/09/24 12:29:43.844, 943 MiB, 64 %, 70, 2460 MHz, 65.50 W, 0x0000000000000000
2026/09/24 12:29:45.850, 943 MiB, 66 %, 71, 2460 MHz, 65.03 W, 0x0000000000000000
2026/09/24 12:29:47.852, 943 MiB, 69 %, 71, 2460 MHz, 66.64 W, 0x0000000000000004
2026/09/24 12:29:49.855, 943 MiB, 64 %, 71, 2460 MHz, 66.31 W, 0x0000000000000004
2026/09/24 12:29:51.871, 943 MiB, 68 %, 72, 2445 MHz, 66.80 W, 0x0000000000000000
2026/09/24 12:29:53.878, 943 MiB, 67 %, 72, 2460 MHz, 66.69 W, 0x0000000000000004
2026/09/24 12:29:55.894, 943 MiB, 66 %, 72, 2460 MHz, 66.27 W, 0x0000000000000004
2026/09/24 12:29:57.903, 943 MiB, 67 %, 73, 2445 MHz, 66.85 W, 0x0000000000000004
2026/09/24 12:29:59.914, 943 MiB, 68 %, 73, 2460 MHz, 66.63 W, 0x0000000000000004
2026/09/24 12:30:01.920, 943 MiB, 67 %, 73, 2460 MHz, 67.12 W, 0x0000000000000004
2026/09/24 12:30:03.931, 943 MiB, 65 %, 73, 2460 MHz, 67.08 W, 0x0000000000000004
2026/09/24 12:30:05.935, 943 MiB, 67 %, 74, 2460 MHz, 66.74 W, 0x0000000000000000
2026/09/24 12:30:07.942, 943 MiB, 66 %, 74, 2445 MHz, 67.23 W, 0x0000000000000004
2026/09/24 12:30:09.948, 943 MiB, 68 %, 74, 2445 MHz, 64.08 W, 0x0000000000000000
2026/09/24 12:30:11.952, 943 MiB, 67 %, 74, 2445 MHz, 67.29 W, 0x0000000000000004
2026/09/24 12:30:13.966, 943 MiB, 67 %, 75, 2415 MHz, 67.27 W, 0x0000000000000004
2026/09/24 12:30:15.979, 943 MiB, 68 %, 75, 2460 MHz, 67.31 W, 0x0000000000000004
2026/09/24 12:30:17.988, 943 MiB, 69 %, 75, 2460 MHz, 66.95 W, 0x0000000000000004
2026/09/24 12:30:19.993, 943 MiB, 69 %, 75, 2460 MHz, 67.33 W, 0x0000000000000004
2026/09/24 12:30:21.995, 943 MiB, 68 %, 75, 2460 MHz, 67.39 W, 0x0000000000000004
2026/09/24 12:30:23.996, 943 MiB, 68 %, 75, 2415 MHz, 67.26 W, 0x0000000000000004
2026/09/24 12:30:26.005, 943 MiB, 32 %, 73, 2460 MHz, 64.97 W, 0x0000000000000000
2026/09/24 12:30:28.015, 943 MiB, 37 %, 71, 2280 MHz, 43.60 W, 0x0000000000000001
2026/09/24 12:30:30.030, 943 MiB, 39 %, 68, 2175 MHz, 37.30 W, 0x0000000000000001
2026/09/24 12:30:32.037, 943 MiB, 34 %, 68, 2145 MHz, 35.09 W, 0x0000000000000001
2026/09/24 12:30:34.053, 943 MiB, 37 %, 67, 2175 MHz, 35.22 W, 0x0000000000000001
2026/09/24 12:30:36.056, 943 MiB, 36 %, 65, 1935 MHz, 30.48 W, 0x0000000000000001
2026/09/24 12:30:38.059, 943 MiB, 40 %, 65, 1875 MHz, 28.53 W, 0x0000000000000001
2026/09/24 12:30:40.061, 943 MiB, 39 %, 65, 1935 MHz, 29.37 W, 0x0000000000000001
2026/09/24 12:30:42.064, 943 MiB, 35 %, 65, 1935 MHz, 29.40 W, 0x0000000000000001
2026/09/24 12:30:44.067, 943 MiB, 33 %, 64, 1905 MHz, 30.76 W, 0x0000000000000001
2026/09/24 12:30:46.069, 943 MiB, 37 %, 63, 1830 MHz, 27.45 W, 0x0000000000000001
2026/09/24 12:30:48.074, 943 MiB, 38 %, 63, 1845 MHz, 27.88 W, 0x0000000000000001
2026/09/24 12:30:50.077, 943 MiB, 40 %, 63, 1815 MHz, 26.21 W, 0x0000000000000001
2026/09/24 12:30:52.092, 943 MiB, 34 %, 63, 1815 MHz, 26.63 W, 0x0000000000000001
2026/09/24 12:30:54.095, 943 MiB, 33 %, 62, 1920 MHz, 27.34 W, 0x0000000000000001
2026/09/24 12:30:56.101, 943 MiB, 37 %, 62, 1815 MHz, 26.32 W, 0x0000000000000001
2026/09/24 12:30:58.117, 943 MiB, 34 %, 62, 1830 MHz, 25.83 W, 0x0000000000000001
2026/09/24 12:31:00.122, 943 MiB, 35 %, 61, 1755 MHz, 24.64 W, 0x0000000000000001
2026/09/24 12:31:02.125, 943 MiB, 41 %, 61, 1665 MHz, 23.42 W, 0x0000000000000001
2026/09/24 12:31:04.139, 943 MiB, 40 %, 60, 1575 MHz, 22.06 W, 0x0000000000000001
2026/09/24 12:31:06.145, 943 MiB, 39 %, 60, 1560 MHz, 21.36 W, 0x0000000000000001
2026/09/24 12:31:08.148, 943 MiB, 40 %, 59, 1575 MHz, 21.58 W, 0x0000000000000001
2026/09/24 12:31:10.152, 943 MiB, 43 %, 59, 1500 MHz, 20.96 W, 0x0000000000000001
2026/09/24 12:31:12.156, 943 MiB, 38 %, 59, 1500 MHz, 20.63 W, 0x0000000000000001
2026/09/24 12:31:14.159, 943 MiB, 35 %, 59, 1560 MHz, 20.95 W, 0x0000000000000001
2026/09/24 12:31:16.162, 943 MiB, 42 %, 59, 1485 MHz, 20.79 W, 0x0000000000000001
2026/09/24 12:31:18.164, 943 MiB, 45 %, 62, 2460 MHz, 29.58 W, 0x0000000000000000
2026/09/24 12:31:20.167, 943 MiB, 45 %, 63, 2460 MHz, 43.28 W, 0x0000000000000000
2026/09/24 12:31:22.182, 943 MiB, 42 %, 64, 2460 MHz, 42.15 W, 0x0000000000000000
2026/09/24 12:31:24.190, 943 MiB, 39 %, 64, 2460 MHz, 39.94 W, 0x0000000000000000
2026/09/24 12:31:26.204, 943 MiB, 40 %, 63, 2415 MHz, 38.80 W, 0x0000000000000001
2026/09/24 12:31:28.212, 943 MiB, 38 %, 63, 2400 MHz, 38.28 W, 0x0000000000000001
2026/09/24 12:31:30.227, 943 MiB, 38 %, 62, 2265 MHz, 34.06 W, 0x0000000000000001
2026/09/24 12:31:32.230, 943 MiB, 18 %, 61, 2085 MHz, 29.22 W, 0x0000000000000001
2026/09/24 12:31:34.245, 943 MiB, 39 %, 61, 2055 MHz, 28.06 W, 0x0000000000000001
2026/09/24 12:31:36.251, 943 MiB, 41 %, 60, 2040 MHz, 27.71 W, 0x0000000000000001
2026/09/24 12:31:38.256, 943 MiB, 20 %, 60, 2040 MHz, 26.11 W, 0x0000000000000001
2026/09/24 12:31:40.271, 943 MiB, 38 %, 60, 1905 MHz, 25.31 W, 0x0000000000000001
2026/09/24 12:31:42.274, 943 MiB, 38 %, 60, 1890 MHz, 24.90 W, 0x0000000000000001
2026/09/24 12:31:44.276, 943 MiB, 41 %, 59, 1905 MHz, 25.02 W, 0x0000000000000001
2026/09/24 12:31:46.280, 943 MiB, 38 %, 58, 1710 MHz, 21.54 W, 0x0000000000000001
2026/09/24 12:31:48.284, 943 MiB, 38 %, 58, 1590 MHz, 19.73 W, 0x0000000000000001
2026/09/24 12:31:50.288, 943 MiB, 47 %, 57, 1635 MHz, 17.16 W, 0x0000000000000001
2026/09/24 12:31:52.299, 943 MiB, 44 %, 57, 1560 MHz, 18.05 W, 0x0000000000000001
2026/09/24 12:31:54.303, 943 MiB, 48 %, 56, 1380 MHz, 17.02 W, 0x0000000000000001
2026/09/24 12:31:56.308, 943 MiB, 30 %, 56, 1230 MHz, 17.19 W, 0x0000000000000001
2026/09/24 12:31:58.311, 943 MiB, 29 %, 56, 1440 MHz, 15.48 W, 0x0000000000000001
2026/09/24 12:32:00.315, 943 MiB, 43 %, 55, 1185 MHz, 13.35 W, 0x0000000000000001
2026/09/24 12:32:02.319, 943 MiB, 46 %, 54, 870 MHz, 12.48 W, 0x0000000000000001
2026/09/24 12:32:04.321, 943 MiB, 39 %, 54, 795 MHz, 10.21 W, 0x0000000000000001
2026/09/24 12:32:06.324, 943 MiB, 50 %, 53, 405 MHz, 9.29 W, 0x0000000000000001
2026/09/24 12:32:08.328, 943 MiB, 40 %, 53, 420 MHz, 9.51 W, 0x0000000000000001
2026/09/24 12:32:10.332, 943 MiB, 32 %, 53, 420 MHz, 7.75 W, 0x0000000000000001
2026/09/24 12:32:12.334, 943 MiB, 53 %, 52, 345 MHz, 8.97 W, 0x0000000000000001
2026/09/24 12:32:14.336, 943 MiB, 32 %, 52, 420 MHz, 9.51 W, 0x0000000000000001
2026/09/24 12:32:16.339, 943 MiB, 54 %, 52, 405 MHz, 7.11 W, 0x0000000000000001
2026/09/24 12:32:18.342, 943 MiB, 48 %, 52, 345 MHz, 6.96 W, 0x0000000000000001
2026/09/24 12:32:20.345, 943 MiB, 47 %, 51, 330 MHz, 6.93 W, 0x0000000000000001
2026/09/24 12:32:22.347, 943 MiB, 44 %, 51, 345 MHz, 6.96 W, 0x0000000000000001
2026/09/24 12:32:24.351, 943 MiB, 43 %, 51, 375 MHz, 6.99 W, 0x0000000000000001
2026/09/24 12:32:26.353, 943 MiB, 47 %, 51, 345 MHz, 6.92 W, 0x0000000000000001
2026/09/24 12:32:28.357, 943 MiB, 49 %, 51, 345 MHz, 6.95 W, 0x0000000000000001
2026/09/24 12:32:30.363, 943 MiB, 50 %, 50, 330 MHz, 6.88 W, 0x0000000000000001
2026/09/24 12:32:32.364, 943 MiB, 50 %, 50, 330 MHz, 6.99 W, 0x0000000000000001
2026/09/24 12:32:34.380, 943 MiB, 49 %, 50, 345 MHz, 7.00 W, 0x0000000000000001
2026/09/24 12:32:36.383, 943 MiB, 47 %, 50, 360 MHz, 7.00 W, 0x0000000000000001
2026/09/24 12:32:38.385, 943 MiB, 46 %, 50, 330 MHz, 6.90 W, 0x0000000000000001
2026/09/24 12:32:40.387, 943 MiB, 43 %, 50, 375 MHz, 6.99 W, 0x0000000000000001
2026/09/24 12:32:42.393, 943 MiB, 47 %, 49, 345 MHz, 6.95 W, 0x0000000000000001
2026/09/24 12:32:44.409, 943 MiB, 49 %, 49, 315 MHz, 6.86 W, 0x0000000000000001
2026/09/24 12:32:46.413, 943 MiB, 44 %, 49, 360 MHz, 6.93 W, 0x0000000000000001
2026/09/24 12:32:48.416, 943 MiB, 42 %, 49, 360 MHz, 6.97 W, 0x0000000000000001
2026/09/24 12:32:50.421, 943 MiB, 47 %, 49, 345 MHz, 6.97 W, 0x0000000000000001
2026/09/24 12:32:52.435, 943 MiB, 44 %, 49, 315 MHz, 6.93 W, 0x0000000000000001
2026/09/24 12:32:54.440, 943 MiB, 47 %, 48, 330 MHz, 6.97 W, 0x0000000000000001
2026/09/24 12:32:56.445, 943 MiB, 49 %, 48, 330 MHz, 6.92 W, 0x0000000000000001
2026/09/24 12:32:58.450, 352 MiB, 3 %, 48, 360 MHz, 5.32 W, 0x0000000000000001
2026/09/24 12:33:00.462, 847 MiB, 33 %, 51, 2400 MHz, 27.66 W, 0x0000000000000004
2026/09/24 12:33:02.464, 847 MiB, 74 %, 62, 2370 MHz, 65.94 W, 0x0000000000000004
2026/09/24 12:33:04.467, 847 MiB, 79 %, 63, 2340 MHz, 67.46 W, 0x0000000000000004
2026/09/24 12:33:06.481, 352 MiB, 0 %, 56, 2475 MHz, 55.07 W, 0x0000000000000000
2026/09/24 12:33:08.494, 559 MiB, 0 %, 53, 2130 MHz, 18.53 W, 0x0000000000000000
2026/09/24 12:33:10.506, 687 MiB, 14 %, 57, 2460 MHz, 55.38 W, 0x0000000000000000
2026/09/24 12:33:12.517, 687 MiB, 61 %, 63, 2460 MHz, 60.35 W, 0x0000000000000000
2026/09/24 12:33:14.531, 687 MiB, 62 %, 64, 2460 MHz, 61.02 W, 0x0000000000000000
2026/09/24 12:33:16.538, 687 MiB, 66 %, 65, 2460 MHz, 65.14 W, 0x0000000000000000
2026/09/24 12:33:18.541, 687 MiB, 67 %, 66, 2460 MHz, 65.59 W, 0x0000000000000004
2026/09/24 12:33:20.554, 687 MiB, 65 %, 67, 2460 MHz, 65.34 W, 0x0000000000000000
2026/09/24 12:33:22.560, 687 MiB, 68 %, 68, 2460 MHz, 65.65 W, 0x0000000000000000
2026/09/24 12:33:24.563, 687 MiB, 67 %, 68, 2460 MHz, 62.27 W, 0x0000000000000000
2026/09/24 12:33:26.566, 687 MiB, 65 %, 68, 2460 MHz, 65.66 W, 0x0000000000000004
2026/09/24 12:33:28.571, 687 MiB, 66 %, 69, 2460 MHz, 66.07 W, 0x0000000000000004
2026/09/24 12:33:30.583, 687 MiB, 66 %, 69, 2460 MHz, 66.26 W, 0x0000000000000004
2026/09/24 12:33:32.597, 687 MiB, 68 %, 70, 2460 MHz, 66.48 W, 0x0000000000000000
2026/09/24 12:33:34.614, 943 MiB, 67 %, 70, 2460 MHz, 67.07 W, 0x0000000000000004
2026/09/24 12:33:36.618, 943 MiB, 68 %, 71, 2460 MHz, 66.86 W, 0x0000000000000000
2026/09/24 12:33:38.626, 943 MiB, 67 %, 71, 2460 MHz, 66.37 W, 0x0000000000000004
2026/09/24 12:33:40.629, 943 MiB, 69 %, 71, 2460 MHz, 66.94 W, 0x0000000000000004
2026/09/24 12:33:42.631, 943 MiB, 69 %, 72, 2460 MHz, 67.25 W, 0x0000000000000004
2026/09/24 12:33:44.634, 943 MiB, 68 %, 73, 2445 MHz, 67.29 W, 0x0000000000000004
2026/09/24 12:33:46.637, 943 MiB, 67 %, 73, 2460 MHz, 67.27 W, 0x0000000000000004
2026/09/24 12:33:48.642, 943 MiB, 68 %, 73, 2460 MHz, 67.50 W, 0x0000000000000004
2026/09/24 12:33:50.643, 943 MiB, 68 %, 73, 2460 MHz, 66.24 W, 0x0000000000000004
2026/09/24 12:33:52.653, 943 MiB, 68 %, 74, 2445 MHz, 67.16 W, 0x0000000000000004
2026/09/24 12:33:54.666, 943 MiB, 69 %, 74, 2400 MHz, 66.73 W, 0x0000000000000000
2026/09/24 12:33:56.672, 943 MiB, 68 %, 74, 2460 MHz, 67.20 W, 0x0000000000000004
2026/09/24 12:33:58.678, 943 MiB, 69 %, 74, 2430 MHz, 67.03 W, 0x0000000000000004
2026/09/24 12:34:00.691, 943 MiB, 68 %, 74, 2430 MHz, 67.19 W, 0x0000000000000004
2026/09/24 12:34:02.697, 943 MiB, 68 %, 75, 2445 MHz, 67.49 W, 0x0000000000000004
2026/09/24 12:34:04.699, 943 MiB, 67 %, 75, 2460 MHz, 66.57 W, 0x0000000000000004
2026/09/24 12:34:06.700, 943 MiB, 68 %, 75, 2460 MHz, 67.41 W, 0x0000000000000004
2026/09/24 12:34:08.706, 943 MiB, 65 %, 75, 2460 MHz, 64.13 W, 0x0000000000000000
2026/09/24 12:34:10.720, 943 MiB, 68 %, 75, 2415 MHz, 66.81 W, 0x0000000000000004
2026/09/24 12:34:12.730, 943 MiB, 67 %, 76, 2460 MHz, 67.20 W, 0x0000000000000004
2026/09/24 12:34:14.739, 943 MiB, 67 %, 76, 2400 MHz, 67.00 W, 0x0000000000000004
2026/09/24 12:34:16.744, 943 MiB, 69 %, 76, 2460 MHz, 67.41 W, 0x0000000000000004
2026/09/24 12:34:18.754, 943 MiB, 68 %, 76, 2415 MHz, 67.48 W, 0x0000000000000004
2026/09/24 12:34:20.766, 943 MiB, 69 %, 77, 2400 MHz, 67.28 W, 0x0000000000000004
2026/09/24 12:34:22.771, 943 MiB, 68 %, 77, 2415 MHz, 67.56 W, 0x0000000000000004
2026/09/24 12:34:24.784, 943 MiB, 68 %, 76, 2460 MHz, 67.80 W, 0x0000000000000004
2026/09/24 12:34:26.797, 943 MiB, 69 %, 77, 2415 MHz, 67.76 W, 0x0000000000000004
2026/09/24 12:34:28.808, 943 MiB, 69 %, 77, 2445 MHz, 67.19 W, 0x0000000000000004
2026/09/24 12:34:30.822, 943 MiB, 68 %, 77, 2430 MHz, 67.58 W, 0x0000000000000004
2026/09/24 12:34:32.834, 943 MiB, 68 %, 77, 2400 MHz, 64.61 W, 0x0000000000000004
2026/09/24 12:34:34.836, 943 MiB, 68 %, 77, 2430 MHz, 66.62 W, 0x0000000000000000
2026/09/24 12:34:36.843, 943 MiB, 69 %, 77, 2445 MHz, 67.34 W, 0x0000000000000004
2026/09/24 12:34:38.856, 943 MiB, 68 %, 78, 2400 MHz, 67.32 W, 0x0000000000000004
2026/09/24 12:34:40.864, 943 MiB, 66 %, 77, 2430 MHz, 67.11 W, 0x0000000000000004
2026/09/24 12:34:42.871, 943 MiB, 68 %, 78, 2445 MHz, 67.49 W, 0x0000000000000004
2026/09/24 12:34:44.877, 943 MiB, 68 %, 78, 2430 MHz, 67.40 W, 0x0000000000000004
2026/09/24 12:34:46.885, 943 MiB, 68 %, 77, 2445 MHz, 67.39 W, 0x0000000000000004
2026/09/24 12:34:48.892, 943 MiB, 68 %, 78, 2430 MHz, 67.66 W, 0x0000000000000004
2026/09/24 12:34:50.908, 943 MiB, 69 %, 78, 2445 MHz, 67.85 W, 0x0000000000000004
2026/09/24 12:34:52.920, 958 MiB, 68 %, 78, 2430 MHz, 67.18 W, 0x0000000000000004
2026/09/24 12:34:54.933, 958 MiB, 68 %, 78, 2415 MHz, 67.78 W, 0x0000000000000004
2026/09/24 12:34:56.935, 958 MiB, 69 %, 78, 2445 MHz, 68.00 W, 0x0000000000000004
2026/09/24 12:34:58.938, 958 MiB, 69 %, 79, 2415 MHz, 67.57 W, 0x0000000000000004
2026/09/24 12:35:00.954, 958 MiB, 69 %, 79, 2400 MHz, 67.56 W, 0x0000000000000000
2026/09/24 12:35:02.959, 958 MiB, 68 %, 79, 2415 MHz, 68.00 W, 0x0000000000000004
2026/09/24 12:35:04.959, 958 MiB, 70 %, 79, 2400 MHz, 68.02 W, 0x0000000000000004
2026/09/24 12:35:06.962, 958 MiB, 68 %, 79, 2415 MHz, 67.85 W, 0x0000000000000004
2026/09/24 12:35:08.971, 958 MiB, 69 %, 79, 2385 MHz, 68.05 W, 0x0000000000000004
2026/09/24 12:35:10.975, 958 MiB, 70 %, 78, 2400 MHz, 67.91 W, 0x0000000000000004
2026/09/24 12:35:12.990, 958 MiB, 69 %, 79, 2430 MHz, 67.65 W, 0x0000000000000004
2026/09/24 12:35:14.992, 958 MiB, 69 %, 79, 2445 MHz, 68.07 W, 0x0000000000000004
2026/09/24 12:35:16.995, 958 MiB, 68 %, 79, 2415 MHz, 67.84 W, 0x0000000000000004
2026/09/24 12:35:18.998, 958 MiB, 68 %, 78, 2445 MHz, 67.86 W, 0x0000000000000004
2026/09/24 12:35:21.005, 958 MiB, 69 %, 79, 2415 MHz, 67.41 W, 0x0000000000000004
2026/09/24 12:35:23.016, 958 MiB, 72 %, 78, 2385 MHz, 67.68 W, 0x0000000000000004
2026/09/24 12:35:25.027, 958 MiB, 69 %, 79, 2430 MHz, 62.46 W, 0x0000000000000004
2026/09/24 12:35:27.030, 958 MiB, 38 %, 74, 2445 MHz, 45.24 W, 0x0000000000000000
2026/09/24 12:35:29.030, 958 MiB, 39 %, 72, 2235 MHz, 38.22 W, 0x0000000000000001
2026/09/24 12:35:31.034, 958 MiB, 33 %, 72, 2340 MHz, 40.45 W, 0x0000000000000001
2026/09/24 12:35:33.038, 958 MiB, 37 %, 70, 2145 MHz, 37.46 W, 0x0000000000000001
2026/09/24 12:35:35.041, 958 MiB, 37 %, 70, 2265 MHz, 37.18 W, 0x0000000000000001
2026/09/24 12:35:37.044, 958 MiB, 37 %, 69, 2040 MHz, 34.44 W, 0x0000000000000001
2026/09/24 12:35:39.047, 958 MiB, 38 %, 67, 1995 MHz, 31.20 W, 0x0000000000000001
2026/09/24 12:35:41.049, 958 MiB, 39 %, 67, 2040 MHz, 31.52 W, 0x0000000000000001
2026/09/24 12:35:43.052, 943 MiB, 33 %, 67, 2115 MHz, 32.21 W, 0x0000000000000001
2026/09/24 12:35:45.063, 943 MiB, 49 %, 68, 2280 MHz, 38.60 W, 0x0000000000000001
2026/09/24 12:35:47.074, 943 MiB, 32 %, 71, 2460 MHz, 49.75 W, 0x0000000000000000
2026/09/24 12:35:49.078, 943 MiB, 43 %, 71, 2460 MHz, 52.76 W, 0x0000000000000000
2026/09/24 12:35:51.091, 943 MiB, 52 %, 71, 2460 MHz, 51.55 W, 0x0000000000000000
2026/09/24 12:35:53.096, 943 MiB, 51 %, 73, 2460 MHz, 54.35 W, 0x0000000000000000
2026/09/24 12:35:55.101, 943 MiB, 48 %, 73, 2460 MHz, 57.21 W, 0x0000000000000000
2026/09/24 12:35:57.103, 943 MiB, 41 %, 72, 2460 MHz, 56.18 W, 0x0000000000000000
2026/09/24 12:35:59.106, 943 MiB, 58 %, 72, 2460 MHz, 56.41 W, 0x0000000000000000
2026/09/24 12:36:01.109, 943 MiB, 57 %, 72, 2460 MHz, 55.81 W, 0x0000000000000000
2026/09/24 12:36:03.111, 943 MiB, 56 %, 72, 2460 MHz, 53.59 W, 0x0000000000000000
2026/09/24 12:36:05.114, 943 MiB, 45 %, 71, 2460 MHz, 53.85 W, 0x0000000000000000
2026/09/24 12:36:07.129, 943 MiB, 55 %, 71, 2460 MHz, 53.30 W, 0x0000000000000000
2026/09/24 12:36:09.133, 943 MiB, 51 %, 72, 2460 MHz, 52.74 W, 0x0000000000000000
2026/09/24 12:36:11.144, 943 MiB, 50 %, 72, 2460 MHz, 53.48 W, 0x0000000000000000
2026/09/24 12:36:13.157, 943 MiB, 41 %, 71, 2460 MHz, 51.24 W, 0x0000000000000000
2026/09/24 12:36:15.160, 943 MiB, 55 %, 72, 2460 MHz, 53.20 W, 0x0000000000000000
2026/09/24 12:36:17.161, 943 MiB, 51 %, 71, 2460 MHz, 51.07 W, 0x0000000000000000
2026/09/24 12:36:19.165, 943 MiB, 48 %, 71, 2460 MHz, 49.12 W, 0x0000000000000000
2026/09/24 12:36:21.168, 943 MiB, 47 %, 70, 2460 MHz, 48.78 W, 0x0000000000000000
2026/09/24 12:36:23.171, 943 MiB, 43 %, 71, 2460 MHz, 48.60 W, 0x0000000000000000
2026/09/24 12:36:25.174, 943 MiB, 44 %, 71, 2460 MHz, 49.04 W, 0x0000000000000000
2026/09/24 12:36:27.185, 943 MiB, 43 %, 70, 2460 MHz, 47.10 W, 0x0000000000000000
2026/09/24 12:36:29.187, 943 MiB, 45 %, 70, 2460 MHz, 45.59 W, 0x0000000000000000
2026/09/24 12:36:31.198, 943 MiB, 43 %, 69, 2460 MHz, 44.62 W, 0x0000000000000000
2026/09/24 12:36:33.200, 943 MiB, 42 %, 69, 2460 MHz, 43.47 W, 0x0000000000000000
2026/09/24 12:36:35.203, 943 MiB, 38 %, 68, 2460 MHz, 41.27 W, 0x0000000000000000
2026/09/24 12:36:37.208, 943 MiB, 39 %, 68, 2400 MHz, 40.61 W, 0x0000000000000001
2026/09/24 12:36:39.211, 943 MiB, 37 %, 68, 2400 MHz, 39.79 W, 0x0000000000000001
2026/09/24 12:36:41.223, 943 MiB, 34 %, 67, 2400 MHz, 39.78 W, 0x0000000000000001
2026/09/24 12:36:43.230, 943 MiB, 39 %, 68, 2430 MHz, 39.25 W, 0x0000000000000001
2026/09/24 12:36:45.232, 943 MiB, 31 %, 66, 2370 MHz, 36.18 W, 0x0000000000000001
2026/09/24 12:36:47.236, 943 MiB, 40 %, 67, 2370 MHz, 37.56 W, 0x0000000000000001
2026/09/24 12:36:49.239, 943 MiB, 28 %, 66, 2385 MHz, 35.79 W, 0x0000000000000001
2026/09/24 12:36:51.241, 943 MiB, 39 %, 66, 2355 MHz, 34.23 W, 0x0000000000000001
2026/09/24 12:36:53.248, 943 MiB, 37 %, 65, 2160 MHz, 34.48 W, 0x0000000000000001
2026/09/24 12:36:55.258, 943 MiB, 39 %, 64, 2055 MHz, 29.64 W, 0x0000000000000001
2026/09/24 12:36:57.272, 943 MiB, 34 %, 64, 2130 MHz, 29.83 W, 0x0000000000000001
2026/09/24 12:36:59.286, 943 MiB, 35 %, 63, 2070 MHz, 27.11 W, 0x0000000000000001
2026/09/24 12:37:01.294, 943 MiB, 38 %, 63, 2025 MHz, 26.28 W, 0x0000000000000001
2026/09/24 12:37:03.299, 943 MiB, 39 %, 62, 1875 MHz, 25.50 W, 0x0000000000000001
2026/09/24 12:37:05.307, 943 MiB, 41 %, 61, 1815 MHz, 23.94 W, 0x0000000000000001
2026/09/24 12:37:07.312, 943 MiB, 31 %, 61, 1890 MHz, 23.35 W, 0x0000000000000001
2026/09/24 12:37:09.328, 943 MiB, 34 %, 60, 1560 MHz, 20.08 W, 0x0000000000000001
2026/09/24 12:37:11.339, 943 MiB, 39 %, 60, 1500 MHz, 19.41 W, 0x0000000000000001
2026/09/24 12:37:13.348, 943 MiB, 39 %, 59, 1500 MHz, 19.31 W, 0x0000000000000001
2026/09/24 12:37:15.357, 943 MiB, 41 %, 60, 1830 MHz, 22.84 W, 0x0000000000000001
2026/09/24 12:37:17.365, 943 MiB, 34 %, 59, 1665 MHz, 21.55 W, 0x0000000000000001
2026/09/24 12:37:19.368, 943 MiB, 30 %, 59, 1470 MHz, 18.60 W, 0x0000000000000001
2026/09/24 12:37:21.374, 943 MiB, 37 %, 58, 1470 MHz, 18.03 W, 0x0000000000000001
2026/09/24 12:37:23.388, 943 MiB, 34 %, 58, 1470 MHz, 17.14 W, 0x0000000000000001
2026/09/24 12:37:25.393, 943 MiB, 30 %, 58, 1605 MHz, 17.95 W, 0x0000000000000001
2026/09/24 12:37:27.405, 943 MiB, 50 %, 57, 1335 MHz, 15.13 W, 0x0000000000000001
2026/09/24 12:37:29.409, 943 MiB, 39 %, 57, 1275 MHz, 16.56 W, 0x0000000000000001
2026/09/24 12:37:31.423, 943 MiB, 29 %, 57, 1530 MHz, 17.33 W, 0x0000000000000001
2026/09/24 12:37:33.428, 943 MiB, 38 %, 55, 1410 MHz, 13.32 W, 0x0000000000000001
2026/09/24 12:37:35.441, 943 MiB, 50 %, 55, 660 MHz, 11.57 W, 0x0000000000000001
2026/09/24 12:37:37.448, 943 MiB, 55 %, 55, 765 MHz, 11.49 W, 0x0000000000000001
2026/09/24 12:37:39.449, 943 MiB, 36 %, 54, 540 MHz, 11.06 W, 0x0000000000000001
2026/09/24 12:37:41.451, 943 MiB, 51 %, 54, 405 MHz, 9.80 W, 0x0000000000000001
2026/09/24 12:37:43.463, 943 MiB, 46 %, 54, 420 MHz, 10.09 W, 0x0000000000000001
2026/09/24 12:37:45.467, 943 MiB, 41 %, 53, 450 MHz, 10.01 W, 0x0000000000000001
2026/09/24 12:37:47.482, 943 MiB, 19 %, 55, 2130 MHz, 21.16 W, 0x0000000000000001
2026/09/24 12:37:49.495, 943 MiB, 37 %, 54, 1305 MHz, 15.49 W, 0x0000000000000001
2026/09/24 12:37:51.496, 943 MiB, 30 %, 55, 1740 MHz, 18.34 W, 0x0000000000000001
2026/09/24 12:37:53.505, 943 MiB, 30 %, 55, 1650 MHz, 17.11 W, 0x0000000000000001
2026/09/24 12:37:55.508, 943 MiB, 29 %, 54, 1485 MHz, 14.69 W, 0x0000000000000001
2026/09/24 12:37:57.517, 943 MiB, 40 %, 54, 1185 MHz, 14.65 W, 0x0000000000000001
2026/09/24 12:37:59.524, 943 MiB, 45 %, 53, 900 MHz, 11.99 W, 0x0000000000000001
2026/09/24 12:38:01.531, 943 MiB, 36 %, 53, 960 MHz, 11.43 W, 0x0000000000000001
2026/09/24 12:38:03.533, 943 MiB, 38 %, 52, 810 MHz, 11.23 W, 0x0000000000000001
2026/09/24 12:38:05.539, 943 MiB, 35 %, 52, 660 MHz, 10.71 W, 0x0000000000000001
2026/09/24 12:38:07.550, 943 MiB, 46 %, 52, 465 MHz, 10.75 W, 0x0000000000000001
2026/09/24 12:38:09.552, 943 MiB, 31 %, 52, 975 MHz, 10.93 W, 0x0000000000000001
2026/09/24 12:38:11.556, 943 MiB, 39 %, 52, 1005 MHz, 11.54 W, 0x0000000000000001
2026/09/24 12:38:13.559, 943 MiB, 52 %, 52, 705 MHz, 11.14 W, 0x0000000000000001
2026/09/24 12:38:15.566, 943 MiB, 41 %, 51, 735 MHz, 11.27 W, 0x0000000000000001
2026/09/24 12:38:17.571, 943 MiB, 47 %, 51, 900 MHz, 11.78 W, 0x0000000000000001
2026/09/24 12:38:19.584, 943 MiB, 38 %, 51, 1020 MHz, 11.86 W, 0x0000000000000001
2026/09/24 12:38:21.586, 943 MiB, 47 %, 51, 915 MHz, 11.39 W, 0x0000000000000001
2026/09/24 12:38:23.588, 943 MiB, 45 %, 51, 990 MHz, 11.60 W, 0x0000000000000001
2026/09/24 12:38:25.593, 943 MiB, 26 %, 52, 1620 MHz, 15.69 W, 0x0000000000000001
2026/09/24 12:38:27.607, 943 MiB, 20 %, 52, 1515 MHz, 14.87 W, 0x0000000000000001
2026/09/24 12:38:29.612, 943 MiB, 38 %, 51, 885 MHz, 11.55 W, 0x0000000000000001
2026/09/24 12:38:31.618, 943 MiB, 40 %, 50, 690 MHz, 10.38 W, 0x0000000000000001
2026/09/24 12:38:33.619, 943 MiB, 30 %, 50, 525 MHz, 9.76 W, 0x0000000000000001
2026/09/24 12:38:35.623, 943 MiB, 39 %, 50, 465 MHz, 9.71 W, 0x0000000000000001
2026/09/24 12:38:37.625, 943 MiB, 47 %, 50, 360 MHz, 7.21 W, 0x0000000000000001
2026/09/24 12:38:39.629, 943 MiB, 46 %, 50, 330 MHz, 7.18 W, 0x0000000000000001
2026/09/24 12:38:41.629, 943 MiB, 33 %, 50, 450 MHz, 8.73 W, 0x0000000000000001
2026/09/24 12:38:43.631, 943 MiB, 46 %, 49, 375 MHz, 7.68 W, 0x0000000000000001
2026/09/24 12:38:45.634, 943 MiB, 42 %, 49, 420 MHz, 7.49 W, 0x0000000000000001
2026/09/24 12:38:47.638, 943 MiB, 51 %, 49, 315 MHz, 9.04 W, 0x0000000000000001
2026/09/24 12:38:49.642, 943 MiB, 48 %, 49, 345 MHz, 7.15 W, 0x0000000000000001
2026/09/24 12:38:51.658, 943 MiB, 45 %, 49, 405 MHz, 7.22 W, 0x0000000000000001
2026/09/24 12:38:53.663, 943 MiB, 41 %, 49, 420 MHz, 7.55 W, 0x0000000000000001
2026/09/24 12:38:55.677, 943 MiB, 49 %, 49, 315 MHz, 8.94 W, 0x0000000000000001
2026/09/24 12:38:57.681, 943 MiB, 34 %, 49, 420 MHz, 7.54 W, 0x0000000000000001
2026/09/24 12:38:59.687, 943 MiB, 52 %, 48, 315 MHz, 8.96 W, 0x0000000000000001
2026/09/24 12:39:01.690, 943 MiB, 31 %, 48, 435 MHz, 9.67 W, 0x0000000000000001
2026/09/24 12:39:03.691, 943 MiB, 49 %, 48, 390 MHz, 7.23 W, 0x0000000000000001
2026/09/24 12:39:05.693, 943 MiB, 50 %, 48, 345 MHz, 7.20 W, 0x0000000000000001
2026/09/24 12:39:07.704, 943 MiB, 61 %, 48, 360 MHz, 8.37 W, 0x0000000000000001
2026/09/24 12:39:09.715, 943 MiB, 46 %, 48, 600 MHz, 10.87 W, 0x0000000000000001
2026/09/24 12:39:11.722, 943 MiB, 37 %, 48, 465 MHz, 9.65 W, 0x0000000000000001
2026/09/24 12:39:13.736, 943 MiB, 42 %, 48, 480 MHz, 9.45 W, 0x0000000000000001
2026/09/24 12:39:15.751, 943 MiB, 51 %, 48, 390 MHz, 7.30 W, 0x0000000000000001
2026/09/24 12:39:17.762, 943 MiB, 34 %, 48, 420 MHz, 9.87 W, 0x0000000000000001
2026/09/24 12:39:19.769, 943 MiB, 32 %, 47, 435 MHz, 7.52 W, 0x0000000000000001
2026/09/24 12:39:21.776, 943 MiB, 46 %, 47, 390 MHz, 7.87 W, 0x0000000000000001
2026/09/24 12:39:23.778, 943 MiB, 44 %, 47, 510 MHz, 10.09 W, 0x0000000000000001
2026/09/24 12:39:25.784, 943 MiB, 31 %, 47, 495 MHz, 9.55 W, 0x0000000000000001
2026/09/24 12:39:27.786, 943 MiB, 35 %, 47, 525 MHz, 9.63 W, 0x0000000000000001
2026/09/24 12:39:29.789, 943 MiB, 45 %, 47, 330 MHz, 7.05 W, 0x0000000000000001
2026/09/24 12:39:31.792, 943 MiB, 46 %, 47, 375 MHz, 7.09 W, 0x0000000000000001
2026/09/24 12:39:33.800, 591 MiB, 8 %, 47, 2130 MHz, 5.76 W, 0x0000000000000000
2026/09/24 12:39:35.803, 847 MiB, 32 %, 51, 2475 MHz, 35.73 W, 0x0000000000000000
2026/09/24 12:39:37.805, 847 MiB, 76 %, 61, 2355 MHz, 67.27 W, 0x0000000000000004
2026/09/24 12:39:39.806, 847 MiB, 76 %, 61, 2385 MHz, 67.17 W, 0x0000000000000004
2026/09/24 12:39:41.814, 495 MiB, 13 %, 54, 2475 MHz, 48.90 W, 0x0000000000000000
2026/09/24 12:39:43.821, 687 MiB, 11 %, 52, 2130 MHz, 19.84 W, 0x0000000000000000
2026/09/24 12:39:45.831, 687 MiB, 68 %, 61, 2460 MHz, 64.15 W, 0x0000000000000000
2026/09/24 12:39:47.838, 687 MiB, 62 %, 62, 2460 MHz, 60.38 W, 0x0000000000000000
2026/09/24 12:39:49.843, 687 MiB, 62 %, 63, 2460 MHz, 57.99 W, 0x0000000000000000
2026/09/24 12:39:51.855, 687 MiB, 68 %, 65, 2460 MHz, 65.06 W, 0x0000000000000000
2026/09/24 12:39:53.862, 687 MiB, 68 %, 65, 2460 MHz, 65.08 W, 0x0000000000000004
2026/09/24 12:39:55.868, 687 MiB, 65 %, 65, 2460 MHz, 64.92 W, 0x0000000000000000
2026/09/24 12:39:57.883, 687 MiB, 68 %, 67, 2460 MHz, 65.20 W, 0x0000000000000000
2026/09/24 12:39:59.897, 687 MiB, 70 %, 66, 2460 MHz, 63.94 W, 0x0000000000000000
2026/09/24 12:40:01.909, 687 MiB, 68 %, 67, 2460 MHz, 64.43 W, 0x0000000000000004
2026/09/24 12:40:03.914, 687 MiB, 66 %, 68, 2460 MHz, 64.74 W, 0x0000000000000000
2026/09/24 12:40:05.924, 687 MiB, 64 %, 68, 2460 MHz, 64.41 W, 0x0000000000000004
2026/09/24 12:40:07.935, 687 MiB, 67 %, 68, 2460 MHz, 62.95 W, 0x0000000000000004
2026/09/24 12:40:09.947, 687 MiB, 66 %, 69, 2460 MHz, 64.44 W, 0x0000000000000000
2026/09/24 12:40:11.952, 943 MiB, 66 %, 70, 2460 MHz, 66.15 W, 0x0000000000000004
2026/09/24 12:40:13.955, 943 MiB, 67 %, 70, 2460 MHz, 66.08 W, 0x0000000000000004
2026/09/24 12:40:15.962, 943 MiB, 66 %, 71, 2460 MHz, 66.45 W, 0x0000000000000000
2026/09/24 12:40:17.970, 943 MiB, 69 %, 71, 2460 MHz, 65.80 W, 0x0000000000000000
2026/09/24 12:40:19.979, 943 MiB, 67 %, 72, 2460 MHz, 66.80 W, 0x0000000000000000
2026/09/24 12:40:21.984, 943 MiB, 69 %, 72, 2430 MHz, 66.36 W, 0x0000000000000004
2026/09/24 12:40:23.990, 943 MiB, 68 %, 72, 2445 MHz, 66.67 W, 0x0000000000000004
2026/09/24 12:40:26.005, 943 MiB, 11 %, 66, 2460 MHz, 59.62 W, 0x0000000000000000
2026/09/24 12:40:28.018, 943 MiB, 69 %, 73, 2445 MHz, 67.09 W, 0x0000000000000004
2026/09/24 12:40:30.020, 943 MiB, 68 %, 73, 2445 MHz, 67.12 W, 0x0000000000000004
2026/09/24 12:40:32.021, 943 MiB, 68 %, 73, 2460 MHz, 67.00 W, 0x0000000000000004
2026/09/24 12:40:34.025, 943 MiB, 68 %, 74, 2460 MHz, 66.96 W, 0x0000000000000004
2026/09/24 12:40:36.028, 943 MiB, 67 %, 74, 2445 MHz, 67.45 W, 0x0000000000000004
2026/09/24 12:40:38.034, 943 MiB, 69 %, 73, 2460 MHz, 60.22 W, 0x0000000000000004
2026/09/24 12:40:40.049, 943 MiB, 69 %, 74, 2430 MHz, 67.56 W, 0x0000000000000004
2026/09/24 12:40:42.057, 943 MiB, 68 %, 75, 2460 MHz, 67.07 W, 0x0000000000000004
2026/09/24 12:40:44.068, 943 MiB, 68 %, 75, 2430 MHz, 67.39 W, 0x0000000000000004
2026/09/24 12:40:46.072, 943 MiB, 64 %, 74, 2460 MHz, 61.94 W, 0x0000000000000004
2026/09/24 12:40:48.082, 943 MiB, 68 %, 75, 2460 MHz, 65.49 W, 0x0000000000000004
2026/09/24 12:40:50.094, 943 MiB, 70 %, 76, 2460 MHz, 66.28 W, 0x0000000000000004
2026/09/24 12:40:52.096, 943 MiB, 69 %, 75, 2460 MHz, 66.20 W, 0x0000000000000004
2026/09/24 12:40:54.103, 943 MiB, 70 %, 75, 2445 MHz, 66.08 W, 0x0000000000000004
2026/09/24 12:40:56.116, 943 MiB, 68 %, 76, 2460 MHz, 65.93 W, 0x0000000000000000
2026/09/24 12:40:58.120, 943 MiB, 69 %, 76, 2460 MHz, 66.33 W, 0x0000000000000000
2026/09/24 12:41:00.124, 943 MiB, 68 %, 77, 2415 MHz, 67.38 W, 0x0000000000000004
2026/09/24 12:41:02.130, 943 MiB, 66 %, 77, 2460 MHz, 67.60 W, 0x0000000000000004
2026/09/24 12:41:04.132, 943 MiB, 67 %, 76, 2460 MHz, 66.47 W, 0x0000000000000004
2026/09/24 12:41:06.148, 943 MiB, 70 %, 77, 2460 MHz, 66.04 W, 0x0000000000000004
2026/09/24 12:41:08.154, 943 MiB, 70 %, 76, 2460 MHz, 65.07 W, 0x0000000000000004
2026/09/24 12:41:10.167, 943 MiB, 66 %, 77, 2460 MHz, 66.14 W, 0x0000000000000004
2026/09/24 12:41:12.176, 943 MiB, 68 %, 77, 2445 MHz, 59.04 W, 0x0000000000000004
2026/09/24 12:41:14.190, 943 MiB, 68 %, 77, 2445 MHz, 67.13 W, 0x0000000000000004
2026/09/24 12:41:16.204, 943 MiB, 68 %, 77, 2430 MHz, 67.56 W, 0x0000000000000004
2026/09/24 12:41:18.214, 943 MiB, 68 %, 78, 2445 MHz, 67.49 W, 0x0000000000000004
2026/09/24 12:41:20.222, 943 MiB, 68 %, 78, 2445 MHz, 67.66 W, 0x0000000000000004
2026/09/24 12:41:22.235, 943 MiB, 68 %, 77, 2415 MHz, 67.65 W, 0x0000000000000004
2026/09/24 12:41:24.244, 943 MiB, 69 %, 78, 2430 MHz, 67.45 W, 0x0000000000000004
2026/09/24 12:41:26.250, 943 MiB, 68 %, 78, 2430 MHz, 67.58 W, 0x0000000000000004
2026/09/24 12:41:28.257, 943 MiB, 68 %, 78, 2430 MHz, 67.38 W, 0x0000000000000004
2026/09/24 12:41:30.262, 943 MiB, 68 %, 78, 2430 MHz, 67.47 W, 0x0000000000000004
2026/09/24 12:41:32.278, 943 MiB, 67 %, 78, 2415 MHz, 67.72 W, 0x0000000000000004
2026/09/24 12:41:34.285, 943 MiB, 68 %, 78, 2460 MHz, 66.39 W, 0x0000000000000000
2026/09/24 12:41:36.289, 943 MiB, 67 %, 79, 2400 MHz, 67.75 W, 0x0000000000000004
2026/09/24 12:41:38.302, 943 MiB, 68 %, 78, 2415 MHz, 67.65 W, 0x0000000000000004
2026/09/24 12:41:40.307, 943 MiB, 68 %, 78, 2430 MHz, 67.67 W, 0x0000000000000004
2026/09/24 12:41:42.311, 943 MiB, 67 %, 79, 2445 MHz, 67.74 W, 0x0000000000000000
2026/09/24 12:41:44.320, 943 MiB, 68 %, 79, 2430 MHz, 67.55 W, 0x0000000000000004
2026/09/24 12:41:46.330, 943 MiB, 68 %, 79, 2400 MHz, 67.97 W, 0x0000000000000004
2026/09/24 12:41:48.337, 943 MiB, 64 %, 79, 2430 MHz, 67.76 W, 0x0000000000000004
2026/09/24 12:41:50.342, 943 MiB, 67 %, 79, 2430 MHz, 67.67 W, 0x0000000000000004
2026/09/24 12:41:52.353, 943 MiB, 65 %, 79, 2430 MHz, 67.30 W, 0x0000000000000004
2026/09/24 12:41:54.358, 943 MiB, 66 %, 79, 2415 MHz, 67.71 W, 0x0000000000000000
2026/09/24 12:41:56.360, 943 MiB, 67 %, 79, 2415 MHz, 67.92 W, 0x0000000000000004
2026/09/24 12:41:58.374, 943 MiB, 67 %, 79, 2445 MHz, 67.87 W, 0x0000000000000004
2026/09/24 12:42:00.380, 943 MiB, 67 %, 79, 2445 MHz, 67.96 W, 0x0000000000000004
2026/09/24 12:42:02.395, 943 MiB, 67 %, 79, 2400 MHz, 67.90 W, 0x0000000000000004
2026/09/24 12:42:04.401, 943 MiB, 66 %, 79, 2445 MHz, 68.06 W, 0x0000000000000004
2026/09/24 12:42:06.409, 943 MiB, 66 %, 79, 2415 MHz, 67.77 W, 0x0000000000000004
2026/09/24 12:42:08.410, 943 MiB, 65 %, 79, 2415 MHz, 66.64 W, 0x0000000000000004
2026/09/24 12:42:10.420, 943 MiB, 66 %, 79, 2415 MHz, 67.51 W, 0x0000000000000000
2026/09/24 12:42:12.421, 943 MiB, 67 %, 79, 2415 MHz, 67.46 W, 0x0000000000000004
2026/09/24 12:42:14.431, 943 MiB, 65 %, 79, 2430 MHz, 67.29 W, 0x0000000000000004
2026/09/24 12:42:16.446, 943 MiB, 66 %, 79, 2430 MHz, 67.64 W, 0x0000000000000004
2026/09/24 12:42:18.451, 943 MiB, 68 %, 80, 2415 MHz, 67.72 W, 0x0000000000000004
2026/09/24 12:42:20.457, 943 MiB, 66 %, 79, 2415 MHz, 67.75 W, 0x0000000000000004
2026/09/24 12:42:22.464, 943 MiB, 67 %, 79, 2400 MHz, 67.84 W, 0x0000000000000004
2026/09/24 12:42:24.475, 943 MiB, 69 %, 79, 2430 MHz, 67.54 W, 0x0000000000000004
2026/09/24 12:42:26.478, 943 MiB, 65 %, 79, 2400 MHz, 67.65 W, 0x0000000000000004
2026/09/24 12:42:28.479, 943 MiB, 67 %, 80, 2400 MHz, 67.64 W, 0x0000000000000004
2026/09/24 12:42:30.492, 943 MiB, 66 %, 80, 2430 MHz, 67.11 W, 0x0000000000000004
2026/09/24 12:42:32.500, 943 MiB, 66 %, 79, 2445 MHz, 67.64 W, 0x0000000000000004
2026/09/24 12:42:34.503, 943 MiB, 67 %, 79, 2415 MHz, 67.61 W, 0x0000000000000004
2026/09/24 12:42:36.508, 943 MiB, 66 %, 79, 2445 MHz, 67.68 W, 0x0000000000000004
2026/09/24 12:42:38.515, 943 MiB, 68 %, 80, 2400 MHz, 67.79 W, 0x0000000000000004
2026/09/24 12:42:40.517, 943 MiB, 69 %, 80, 2415 MHz, 67.76 W, 0x0000000000000004
2026/09/24 12:42:42.523, 943 MiB, 69 %, 79, 2385 MHz, 67.94 W, 0x0000000000000004
2026/09/24 12:42:44.539, 943 MiB, 66 %, 80, 2445 MHz, 67.75 W, 0x0000000000000004
2026/09/24 12:42:46.540, 943 MiB, 67 %, 80, 2415 MHz, 67.50 W, 0x0000000000000004
2026/09/24 12:42:48.552, 943 MiB, 68 %, 79, 2400 MHz, 67.68 W, 0x0000000000000004
2026/09/24 12:42:50.559, 943 MiB, 69 %, 80, 2400 MHz, 67.88 W, 0x0000000000000004
2026/09/24 12:42:52.564, 943 MiB, 68 %, 80, 2400 MHz, 67.62 W, 0x0000000000000004
2026/09/24 12:42:54.578, 943 MiB, 66 %, 80, 2400 MHz, 67.64 W, 0x0000000000000004
2026/09/24 12:42:56.587, 943 MiB, 66 %, 80, 2415 MHz, 67.82 W, 0x0000000000000004
2026/09/24 12:42:58.590, 943 MiB, 67 %, 80, 2415 MHz, 67.61 W, 0x0000000000000004
2026/09/24 12:43:00.599, 943 MiB, 68 %, 79, 2415 MHz, 67.76 W, 0x0000000000000004
2026/09/24 12:43:02.615, 943 MiB, 68 %, 80, 2385 MHz, 67.69 W, 0x0000000000000004
2026/09/24 12:43:04.623, 943 MiB, 67 %, 80, 2400 MHz, 67.63 W, 0x0000000000000004
2026/09/24 12:43:06.626, 943 MiB, 66 %, 80, 2400 MHz, 67.70 W, 0x0000000000000004
2026/09/24 12:43:08.639, 943 MiB, 68 %, 80, 2415 MHz, 67.39 W, 0x0000000000000004
2026/09/24 12:43:10.641, 943 MiB, 66 %, 80, 2400 MHz, 67.66 W, 0x0000000000000004
2026/09/24 12:43:12.653, 943 MiB, 67 %, 80, 2400 MHz, 67.20 W, 0x0000000000000000
2026/09/24 12:43:14.667, 943 MiB, 66 %, 80, 2400 MHz, 67.40 W, 0x0000000000000004
2026/09/24 12:43:16.674, 943 MiB, 66 %, 79, 2445 MHz, 67.03 W, 0x0000000000000004
2026/09/24 12:43:18.680, 943 MiB, 63 %, 80, 2400 MHz, 66.75 W, 0x0000000000000004
2026/09/24 12:43:20.698, 943 MiB, 69 %, 79, 2445 MHz, 67.73 W, 0x0000000000000004
2026/09/24 12:43:22.704, 943 MiB, 67 %, 80, 2415 MHz, 67.22 W, 0x0000000000000000
2026/09/24 12:43:24.709, 943 MiB, 65 %, 80, 2400 MHz, 66.80 W, 0x0000000000000004
2026/09/24 12:43:26.713, 943 MiB, 67 %, 80, 2415 MHz, 67.48 W, 0x0000000000000004
2026/09/24 12:43:28.716, 943 MiB, 68 %, 80, 2445 MHz, 67.81 W, 0x0000000000000004
2026/09/24 12:43:30.719, 943 MiB, 66 %, 79, 2430 MHz, 67.43 W, 0x0000000000000004
2026/09/24 12:43:32.722, 943 MiB, 65 %, 80, 2430 MHz, 67.42 W, 0x0000000000000000
2026/09/24 12:43:34.734, 943 MiB, 69 %, 80, 2415 MHz, 67.25 W, 0x0000000000000004
2026/09/24 12:43:36.749, 943 MiB, 69 %, 79, 2445 MHz, 67.58 W, 0x0000000000000004
2026/09/24 12:43:38.761, 943 MiB, 65 %, 79, 2445 MHz, 67.06 W, 0x0000000000000004
2026/09/24 12:43:40.764, 943 MiB, 66 %, 79, 2415 MHz, 67.03 W, 0x0000000000000004
2026/09/24 12:43:42.776, 943 MiB, 66 %, 79, 2445 MHz, 66.66 W, 0x0000000000000004
2026/09/24 12:43:44.786, 943 MiB, 66 %, 79, 2445 MHz, 67.02 W, 0x0000000000000004
2026/09/24 12:43:46.788, 943 MiB, 68 %, 80, 2430 MHz, 67.49 W, 0x0000000000000004
2026/09/24 12:43:48.791, 943 MiB, 65 %, 80, 2400 MHz, 67.36 W, 0x0000000000000000
2026/09/24 12:43:50.794, 943 MiB, 66 %, 80, 2415 MHz, 67.24 W, 0x0000000000000004
2026/09/24 12:43:52.798, 943 MiB, 67 %, 79, 2430 MHz, 67.34 W, 0x0000000000000004
2026/09/24 12:43:54.808, 943 MiB, 66 %, 80, 2400 MHz, 67.22 W, 0x0000000000000004
2026/09/24 12:43:56.820, 943 MiB, 66 %, 79, 2430 MHz, 66.74 W, 0x0000000000000004
2026/09/24 12:43:58.822, 943 MiB, 68 %, 80, 2445 MHz, 66.91 W, 0x0000000000000004
2026/09/24 12:44:00.832, 943 MiB, 65 %, 80, 2445 MHz, 67.05 W, 0x0000000000000004
2026/09/24 12:44:02.836, 943 MiB, 65 %, 80, 2430 MHz, 66.59 W, 0x0000000000000000
2026/09/24 12:44:04.846, 943 MiB, 65 %, 80, 2430 MHz, 67.27 W, 0x0000000000000004
2026/09/24 12:44:06.849, 943 MiB, 66 %, 80, 2415 MHz, 67.39 W, 0x0000000000000000
2026/09/24 12:44:08.851, 943 MiB, 67 %, 80, 2385 MHz, 67.40 W, 0x0000000000000004
2026/09/24 12:44:10.852, 943 MiB, 67 %, 80, 2445 MHz, 67.24 W, 0x0000000000000000
2026/09/24 12:44:12.864, 943 MiB, 68 %, 79, 2445 MHz, 67.38 W, 0x0000000000000004
2026/09/24 12:44:14.880, 943 MiB, 67 %, 79, 2415 MHz, 67.47 W, 0x0000000000000004
2026/09/24 12:44:16.895, 943 MiB, 66 %, 80, 2385 MHz, 67.43 W, 0x0000000000000004
2026/09/24 12:44:18.911, 943 MiB, 69 %, 80, 2400 MHz, 67.52 W, 0x0000000000000004
2026/09/24 12:44:20.917, 943 MiB, 68 %, 79, 2430 MHz, 67.70 W, 0x0000000000000004
2026/09/24 12:44:22.928, 943 MiB, 69 %, 80, 2415 MHz, 67.83 W, 0x0000000000000004
2026/09/24 12:44:24.934, 943 MiB, 36 %, 78, 2445 MHz, 65.56 W, 0x0000000000000000
2026/09/24 12:44:26.937, 943 MiB, 38 %, 75, 2265 MHz, 44.30 W, 0x0000000000000001
2026/09/24 12:44:28.941, 943 MiB, 41 %, 73, 2175 MHz, 37.78 W, 0x0000000000000001
2026/09/24 12:44:30.944, 943 MiB, 40 %, 71, 2205 MHz, 37.52 W, 0x0000000000000001
2026/09/24 12:44:32.946, 943 MiB, 34 %, 71, 2130 MHz, 37.20 W, 0x0000000000000001
2026/09/24 12:44:34.947, 943 MiB, 40 %, 70, 2370 MHz, 40.50 W, 0x0000000000000001
2026/09/24 12:44:36.952, 943 MiB, 34 %, 69, 2130 MHz, 36.20 W, 0x0000000000000001
2026/09/24 12:44:38.956, 943 MiB, 37 %, 69, 2085 MHz, 34.10 W, 0x0000000000000001
2026/09/24 12:44:40.970, 943 MiB, 34 %, 69, 2160 MHz, 34.66 W, 0x0000000000000001
2026/09/24 12:44:42.976, 943 MiB, 41 %, 68, 1995 MHz, 32.37 W, 0x0000000000000001
2026/09/24 12:44:44.979, 943 MiB, 41 %, 68, 2070 MHz, 33.49 W, 0x0000000000000001
2026/09/24 12:44:46.980, 943 MiB, 43 %, 67, 2085 MHz, 33.52 W, 0x0000000000000001
2026/09/24 12:44:48.985, 943 MiB, 34 %, 67, 2040 MHz, 32.41 W, 0x0000000000000001
2026/09/24 12:44:50.988, 943 MiB, 34 %, 66, 2025 MHz, 31.27 W, 0x0000000000000001
2026/09/24 12:44:52.990, 943 MiB, 40 %, 66, 1905 MHz, 30.60 W, 0x0000000000000001
2026/09/24 12:44:54.993, 943 MiB, 33 %, 66, 2175 MHz, 34.18 W, 0x0000000000000001
2026/09/24 12:44:56.996, 943 MiB, 35 %, 65, 1920 MHz, 29.87 W, 0x0000000000000001
2026/09/24 12:44:58.999, 943 MiB, 34 %, 65, 1965 MHz, 30.04 W, 0x0000000000000001
2026/09/24 12:45:01.014, 943 MiB, 35 %, 64, 1920 MHz, 29.68 W, 0x0000000000000001
2026/09/24 12:45:03.020, 943 MiB, 35 %, 64, 2070 MHz, 31.02 W, 0x0000000000000001
2026/09/24 12:45:05.023, 943 MiB, 31 %, 64, 2145 MHz, 31.53 W, 0x0000000000000001
2026/09/24 12:45:07.026, 943 MiB, 37 %, 65, 2130 MHz, 31.17 W, 0x0000000000000001
2026/09/24 12:45:09.028, 943 MiB, 43 %, 64, 1965 MHz, 31.25 W, 0x0000000000000001
2026/09/24 12:45:11.031, 943 MiB, 33 %, 64, 2250 MHz, 31.70 W, 0x0000000000000001
2026/09/24 12:45:13.034, 943 MiB, 54 %, 68, 2460 MHz, 48.56 W, 0x0000000000000000
2026/09/24 12:45:15.037, 943 MiB, 54 %, 69, 2460 MHz, 50.57 W, 0x0000000000000000
2026/09/24 12:45:17.039, 943 MiB, 37 %, 70, 2460 MHz, 50.55 W, 0x0000000000000000
2026/09/24 12:45:19.042, 943 MiB, 55 %, 70, 2460 MHz, 54.76 W, 0x0000000000000000
2026/09/24 12:45:21.043, 943 MiB, 51 %, 70, 2460 MHz, 52.19 W, 0x0000000000000000
2026/09/24 12:45:23.047, 943 MiB, 48 %, 69, 2460 MHz, 50.75 W, 0x0000000000000000
2026/09/24 12:45:25.051, 943 MiB, 48 %, 69, 2460 MHz, 50.54 W, 0x0000000000000000
2026/09/24 12:45:27.054, 943 MiB, 48 %, 69, 2460 MHz, 49.05 W, 0x0000000000000000
2026/09/24 12:45:29.070, 943 MiB, 47 %, 69, 2460 MHz, 47.81 W, 0x0000000000000000
2026/09/24 12:45:31.075, 943 MiB, 40 %, 69, 2460 MHz, 46.56 W, 0x0000000000000000
2026/09/24 12:45:33.078, 943 MiB, 39 %, 68, 2460 MHz, 45.05 W, 0x0000000000000000
2026/09/24 12:45:35.081, 943 MiB, 41 %, 68, 2460 MHz, 44.38 W, 0x0000000000000000
2026/09/24 12:45:37.083, 943 MiB, 40 %, 68, 2460 MHz, 44.34 W, 0x0000000000000000
2026/09/24 12:45:39.088, 943 MiB, 39 %, 68, 2460 MHz, 44.24 W, 0x0000000000000000
2026/09/24 12:45:41.092, 943 MiB, 43 %, 69, 2460 MHz, 44.35 W, 0x0000000000000000
2026/09/24 12:45:43.106, 943 MiB, 42 %, 68, 2460 MHz, 44.42 W, 0x0000000000000000
2026/09/24 12:45:45.110, 943 MiB, 42 %, 68, 2460 MHz, 42.72 W, 0x0000000000000000
2026/09/24 12:45:47.116, 943 MiB, 38 %, 68, 2460 MHz, 42.50 W, 0x0000000000000000
2026/09/24 12:45:49.128, 943 MiB, 38 %, 67, 2445 MHz, 41.47 W, 0x0000000000000001
2026/09/24 12:45:51.133, 943 MiB, 38 %, 67, 2445 MHz, 41.22 W, 0x0000000000000001
2026/09/24 12:45:53.138, 943 MiB, 40 %, 68, 2415 MHz, 40.66 W, 0x0000000000000001
2026/09/24 12:45:55.140, 943 MiB, 39 %, 67, 2430 MHz, 40.58 W, 0x0000000000000001
2026/09/24 12:45:57.142, 943 MiB, 38 %, 67, 2430 MHz, 40.63 W, 0x0000000000000001
2026/09/24 12:45:59.144, 943 MiB, 38 %, 67, 2445 MHz, 41.33 W, 0x0000000000000001
2026/09/24 12:46:01.147, 943 MiB, 38 %, 66, 2385 MHz, 40.00 W, 0x0000000000000001
2026/09/24 12:46:03.151, 943 MiB, 40 %, 66, 2295 MHz, 36.29 W, 0x0000000000000001
2026/09/24 12:46:05.155, 943 MiB, 38 %, 65, 2265 MHz, 34.83 W, 0x0000000000000001
2026/09/24 12:46:07.157, 943 MiB, 38 %, 65, 2235 MHz, 34.51 W, 0x0000000000000001
2026/09/24 12:46:09.160, 943 MiB, 40 %, 65, 2250 MHz, 34.54 W, 0x0000000000000001
2026/09/24 12:46:11.163, 943 MiB, 37 %, 65, 2265 MHz, 33.47 W, 0x0000000000000001
2026/09/24 12:46:13.165, 943 MiB, 40 %, 64, 2115 MHz, 29.80 W, 0x0000000000000001
2026/09/24 12:46:15.168, 943 MiB, 40 %, 63, 2070 MHz, 28.65 W, 0x0000000000000001
2026/09/24 12:46:17.171, 943 MiB, 37 %, 63, 2055 MHz, 27.96 W, 0x0000000000000001
2026/09/24 12:46:19.173, 943 MiB, 37 %, 62, 1905 MHz, 25.63 W, 0x0000000000000001
2026/09/24 12:46:21.176, 943 MiB, 39 %, 61, 1800 MHz, 23.57 W, 0x0000000000000001
2026/09/24 12:46:23.179, 943 MiB, 35 %, 60, 1710 MHz, 21.82 W, 0x0000000000000001
2026/09/24 12:46:25.183, 943 MiB, 38 %, 60, 1620 MHz, 20.82 W, 0x0000000000000001
2026/09/24 12:46:27.187, 943 MiB, 42 %, 60, 1590 MHz, 20.41 W, 0x0000000000000001
2026/09/24 12:46:29.189, 943 MiB, 41 %, 60, 1590 MHz, 20.23 W, 0x0000000000000001
2026/09/24 12:46:31.191, 943 MiB, 40 %, 59, 1575 MHz, 20.20 W, 0x0000000000000001
2026/09/24 12:46:33.195, 943 MiB, 38 %, 59, 1575 MHz, 20.14 W, 0x0000000000000001
2026/09/24 12:46:35.199, 943 MiB, 39 %, 58, 1575 MHz, 20.11 W, 0x0000000000000001
2026/09/24 12:46:37.200, 943 MiB, 41 %, 58, 1590 MHz, 20.09 W, 0x0000000000000001
2026/09/24 12:46:39.205, 943 MiB, 40 %, 58, 1575 MHz, 20.12 W, 0x0000000000000001
2026/09/24 12:46:41.211, 943 MiB, 37 %, 58, 1590 MHz, 20.23 W, 0x0000000000000001
2026/09/24 12:46:43.223, 943 MiB, 40 %, 58, 1575 MHz, 20.26 W, 0x0000000000000001
2026/09/24 12:46:45.226, 943 MiB, 41 %, 58, 1575 MHz, 20.10 W, 0x0000000000000001
2026/09/24 12:46:47.229, 943 MiB, 41 %, 58, 1575 MHz, 20.09 W, 0x0000000000000001
2026/09/24 12:46:49.232, 943 MiB, 39 %, 58, 1575 MHz, 19.99 W, 0x0000000000000001
2026/09/24 12:46:51.235, 943 MiB, 38 %, 57, 1575 MHz, 20.04 W, 0x0000000000000001
2026/09/24 12:46:53.239, 943 MiB, 40 %, 57, 1575 MHz, 19.94 W, 0x0000000000000001
2026/09/24 12:46:55.240, 943 MiB, 38 %, 57, 1605 MHz, 20.12 W, 0x0000000000000001
2026/09/24 12:46:57.244, 943 MiB, 39 %, 57, 1575 MHz, 19.96 W, 0x0000000000000001
2026/09/24 12:46:59.246, 943 MiB, 38 %, 57, 1575 MHz, 19.87 W, 0x0000000000000001
2026/09/24 12:47:01.250, 943 MiB, 38 %, 57, 1575 MHz, 19.97 W, 0x0000000000000001
2026/09/24 12:47:03.253, 943 MiB, 40 %, 57, 1575 MHz, 20.05 W, 0x0000000000000001
2026/09/24 12:47:05.255, 943 MiB, 41 %, 56, 1590 MHz, 20.09 W, 0x0000000000000001
2026/09/24 12:47:07.264, 943 MiB, 39 %, 56, 1665 MHz, 17.78 W, 0x0000000000000001
2026/09/24 12:47:09.273, 943 MiB, 37 %, 56, 1590 MHz, 20.42 W, 0x0000000000000001
2026/09/24 12:47:11.278, 943 MiB, 40 %, 56, 1575 MHz, 19.96 W, 0x0000000000000001
2026/09/24 12:47:13.282, 943 MiB, 41 %, 56, 1575 MHz, 19.35 W, 0x0000000000000001
2026/09/24 12:47:15.285, 943 MiB, 40 %, 56, 1575 MHz, 19.93 W, 0x0000000000000001
2026/09/24 12:47:17.288, 943 MiB, 38 %, 56, 1575 MHz, 19.73 W, 0x0000000000000001
2026/09/24 12:47:19.292, 943 MiB, 38 %, 56, 1590 MHz, 19.94 W, 0x0000000000000001
2026/09/24 12:47:21.293, 943 MiB, 42 %, 56, 1575 MHz, 19.98 W, 0x0000000000000001
2026/09/24 12:47:23.295, 943 MiB, 40 %, 56, 1590 MHz, 19.95 W, 0x0000000000000001
2026/09/24 12:47:25.300, 943 MiB, 39 %, 56, 1575 MHz, 19.89 W, 0x0000000000000001
2026/09/24 12:47:27.315, 943 MiB, 39 %, 56, 1575 MHz, 19.72 W, 0x0000000000000001
2026/09/24 12:47:29.321, 943 MiB, 40 %, 55, 1530 MHz, 19.07 W, 0x0000000000000001
2026/09/24 12:47:31.323, 943 MiB, 42 %, 55, 1515 MHz, 18.95 W, 0x0000000000000001
2026/09/24 12:47:33.325, 943 MiB, 35 %, 55, 1515 MHz, 18.53 W, 0x0000000000000001
2026/09/24 12:47:35.330, 943 MiB, 33 %, 55, 1530 MHz, 18.10 W, 0x0000000000000001
2026/09/24 12:47:37.331, 943 MiB, 37 %, 55, 1500 MHz, 18.08 W, 0x0000000000000001
2026/09/24 12:47:39.335, 943 MiB, 35 %, 55, 1590 MHz, 18.79 W, 0x0000000000000001
2026/09/24 12:47:41.338, 943 MiB, 36 %, 54, 1515 MHz, 18.39 W, 0x0000000000000001
2026/09/24 12:47:43.341, 943 MiB, 33 %, 55, 1620 MHz, 19.00 W, 0x0000000000000001
2026/09/24 12:47:45.343, 943 MiB, 33 %, 55, 1620 MHz, 19.01 W, 0x0000000000000001
2026/09/24 12:47:47.347, 943 MiB, 34 %, 54, 1635 MHz, 19.02 W, 0x0000000000000001
2026/09/24 12:47:49.349, 943 MiB, 33 %, 54, 1650 MHz, 19.13 W, 0x0000000000000001
2026/09/24 12:47:51.353, 943 MiB, 31 %, 55, 1650 MHz, 19.14 W, 0x0000000000000001
2026/09/24 12:47:53.355, 943 MiB, 33 %, 54, 1635 MHz, 19.04 W, 0x0000000000000001
2026/09/24 12:47:55.371, 943 MiB, 34 %, 54, 1650 MHz, 19.08 W, 0x0000000000000001
2026/09/24 12:47:57.376, 943 MiB, 37 %, 54, 1515 MHz, 18.31 W, 0x0000000000000001
2026/09/24 12:47:59.379, 943 MiB, 33 %, 54, 1620 MHz, 18.94 W, 0x0000000000000001
2026/09/24 12:48:01.380, 943 MiB, 31 %, 54, 1620 MHz, 18.91 W, 0x0000000000000001
2026/09/24 12:48:03.384, 943 MiB, 31 %, 54, 1650 MHz, 19.11 W, 0x0000000000000001
2026/09/24 12:48:05.386, 943 MiB, 36 %, 54, 1515 MHz, 17.90 W, 0x0000000000000001
2026/09/24 12:48:07.401, 943 MiB, 35 %, 54, 1605 MHz, 18.35 W, 0x0000000000000001
2026/09/24 12:48:09.408, 943 MiB, 31 %, 54, 1620 MHz, 16.41 W, 0x0000000000000001
2026/09/24 12:48:11.413, 943 MiB, 33 %, 53, 1380 MHz, 17.98 W, 0x0000000000000001
2026/09/24 12:48:13.426, 943 MiB, 36 %, 54, 1560 MHz, 18.30 W, 0x0000000000000001
2026/09/24 12:48:15.431, 943 MiB, 34 %, 54, 1605 MHz, 18.65 W, 0x0000000000000001
2026/09/24 12:48:17.434, 943 MiB, 34 %, 53, 1575 MHz, 18.37 W, 0x0000000000000001
2026/09/24 12:48:19.437, 943 MiB, 32 %, 54, 1590 MHz, 18.66 W, 0x0000000000000001
2026/09/24 12:48:21.441, 943 MiB, 35 %, 53, 1470 MHz, 17.46 W, 0x0000000000000001
2026/09/24 12:48:23.442, 943 MiB, 33 %, 53, 1605 MHz, 18.47 W, 0x0000000000000001
2026/09/24 12:48:25.446, 943 MiB, 38 %, 53, 1425 MHz, 17.14 W, 0x0000000000000001
2026/09/24 12:48:27.461, 943 MiB, 32 %, 53, 1590 MHz, 17.58 W, 0x0000000000000001
2026/09/24 12:48:29.468, 943 MiB, 35 %, 53, 1545 MHz, 17.22 W, 0x0000000000000001
2026/09/24 12:48:31.469, 943 MiB, 35 %, 53, 1515 MHz, 17.45 W, 0x0000000000000001
2026/09/24 12:48:33.471, 943 MiB, 42 %, 52, 1410 MHz, 16.36 W, 0x0000000000000001
2026/09/24 12:48:35.474, 943 MiB, 43 %, 52, 1185 MHz, 15.95 W, 0x0000000000000001
2026/09/24 12:48:37.478, 943 MiB, 30 %, 53, 1410 MHz, 16.41 W, 0x0000000000000001
2026/09/24 12:48:39.483, 943 MiB, 42 %, 52, 1200 MHz, 13.58 W, 0x0000000000000001
2026/09/24 12:48:41.485, 943 MiB, 39 %, 51, 1125 MHz, 12.03 W, 0x0000000000000001
2026/09/24 12:48:43.486, 943 MiB, 29 %, 51, 645 MHz, 10.97 W, 0x0000000000000001
2026/09/24 12:48:45.490, 943 MiB, 53 %, 51, 405 MHz, 9.50 W, 0x0000000000000001
2026/09/24 12:48:47.492, 943 MiB, 53 %, 50, 360 MHz, 9.47 W, 0x0000000000000001
2026/09/24 12:48:49.495, 943 MiB, 50 %, 50, 375 MHz, 9.40 W, 0x0000000000000001
2026/09/24 12:48:51.498, 943 MiB, 53 %, 50, 345 MHz, 9.48 W, 0x0000000000000001
2026/09/24 12:48:53.499, 943 MiB, 44 %, 50, 435 MHz, 9.14 W, 0x0000000000000001
2026/09/24 12:48:55.502, 943 MiB, 54 %, 50, 360 MHz, 9.44 W, 0x0000000000000001
2026/09/24 12:48:57.507, 943 MiB, 54 %, 50, 360 MHz, 9.26 W, 0x0000000000000001
2026/09/24 12:48:59.508, 943 MiB, 37 %, 49, 450 MHz, 9.40 W, 0x0000000000000001
2026/09/24 12:49:01.513, 943 MiB, 53 %, 49, 360 MHz, 9.22 W, 0x0000000000000001
2026/09/24 12:49:03.518, 943 MiB, 49 %, 49, 600 MHz, 11.33 W, 0x0000000000000001
2026/09/24 12:49:05.533, 943 MiB, 55 %, 49, 525 MHz, 11.26 W, 0x0000000000000001
2026/09/24 12:49:07.537, 943 MiB, 35 %, 49, 555 MHz, 10.38 W, 0x0000000000000001
2026/09/24 12:49:09.540, 943 MiB, 45 %, 49, 585 MHz, 11.07 W, 0x0000000000000001
2026/09/24 12:49:11.542, 943 MiB, 52 %, 49, 540 MHz, 10.60 W, 0x0000000000000001
2026/09/24 12:49:13.557, 943 MiB, 52 %, 49, 555 MHz, 10.86 W, 0x0000000000000001
2026/09/24 12:49:15.562, 943 MiB, 33 %, 49, 675 MHz, 11.09 W, 0x0000000000000001
2026/09/24 12:49:17.574, 943 MiB, 48 %, 48, 390 MHz, 10.42 W, 0x0000000000000001
2026/09/24 12:49:19.575, 943 MiB, 46 %, 48, 465 MHz, 10.28 W, 0x0000000000000001
2026/09/24 12:49:21.581, 943 MiB, 44 %, 48, 435 MHz, 9.81 W, 0x0000000000000001
2026/09/24 12:49:23.594, 943 MiB, 51 %, 48, 360 MHz, 8.96 W, 0x0000000000000001
2026/09/24 12:49:25.597, 943 MiB, 47 %, 48, 420 MHz, 9.50 W, 0x0000000000000001
2026/09/24 12:49:27.607, 943 MiB, 59 %, 48, 360 MHz, 8.79 W, 0x0000000000000001
2026/09/24 12:49:29.617, 943 MiB, 47 %, 48, 375 MHz, 7.47 W, 0x0000000000000001
2026/09/24 12:49:31.622, 943 MiB, 44 %, 47, 360 MHz, 7.69 W, 0x0000000000000001
2026/09/24 12:49:33.636, 943 MiB, 34 %, 47, 420 MHz, 8.65 W, 0x0000000000000001
2026/09/24 12:49:35.641, 943 MiB, 50 %, 47, 330 MHz, 8.57 W, 0x0000000000000001
2026/09/24 12:49:37.657, 943 MiB, 51 %, 47, 360 MHz, 9.26 W, 0x0000000000000001
2026/09/24 12:49:39.672, 943 MiB, 52 %, 47, 375 MHz, 7.99 W, 0x0000000000000001
2026/09/24 12:49:41.675, 943 MiB, 54 %, 47, 330 MHz, 8.70 W, 0x0000000000000001
2026/09/24 12:49:43.684, 943 MiB, 41 %, 47, 855 MHz, 11.41 W, 0x0000000000000001
2026/09/24 12:49:45.687, 943 MiB, 35 %, 47, 525 MHz, 10.27 W, 0x0000000000000001
2026/09/24 12:49:47.693, 943 MiB, 49 %, 47, 405 MHz, 7.84 W, 0x0000000000000001
2026/09/24 12:49:49.705, 943 MiB, 49 %, 47, 315 MHz, 8.55 W, 0x0000000000000001
2026/09/24 12:49:51.720, 943 MiB, 45 %, 46, 330 MHz, 9.44 W, 0x0000000000000001
2026/09/24 12:49:53.733, 943 MiB, 49 %, 46, 375 MHz, 8.52 W, 0x0000000000000001
2026/09/24 12:49:55.737, 943 MiB, 46 %, 46, 330 MHz, 7.20 W, 0x0000000000000001
2026/09/24 12:49:57.749, 943 MiB, 33 %, 46, 480 MHz, 7.69 W, 0x0000000000000001
2026/09/24 12:49:59.764, 943 MiB, 44 %, 46, 375 MHz, 7.54 W, 0x0000000000000001
2026/09/24 12:50:01.779, 943 MiB, 32 %, 46, 420 MHz, 9.98 W, 0x0000000000000001
2026/09/24 12:50:03.780, 943 MiB, 52 %, 46, 345 MHz, 7.15 W, 0x0000000000000001
2026/09/24 12:50:05.782, 943 MiB, 48 %, 46, 405 MHz, 7.76 W, 0x0000000000000001
2026/09/24 12:50:07.790, 943 MiB, 55 %, 46, 315 MHz, 7.15 W, 0x0000000000000001
2026/09/24 12:50:09.795, 943 MiB, 55 %, 46, 345 MHz, 8.48 W, 0x0000000000000001
2026/09/24 12:50:11.809, 943 MiB, 32 %, 46, 450 MHz, 10.02 W, 0x0000000000000001
2026/09/24 12:50:13.811, 943 MiB, 37 %, 45, 510 MHz, 9.84 W, 0x0000000000000001
2026/09/24 12:50:15.815, 943 MiB, 32 %, 45, 435 MHz, 9.16 W, 0x0000000000000001
2026/09/24 12:50:17.819, 943 MiB, 56 %, 45, 420 MHz, 7.31 W, 0x0000000000000001
2026/09/24 12:50:19.823, 943 MiB, 50 %, 45, 345 MHz, 7.81 W, 0x0000000000000001
2026/09/24 12:50:21.825, 943 MiB, 50 %, 45, 405 MHz, 7.20 W, 0x0000000000000001
2026/09/24 12:50:23.826, 943 MiB, 33 %, 45, 420 MHz, 9.81 W, 0x0000000000000001
2026/09/24 12:50:25.827, 943 MiB, 48 %, 45, 345 MHz, 7.22 W, 0x0000000000000001
2026/09/24 12:50:27.842, 943 MiB, 49 %, 45, 360 MHz, 7.23 W, 0x0000000000000001
2026/09/24 12:50:29.849, 943 MiB, 51 %, 45, 390 MHz, 8.69 W, 0x0000000000000001
2026/09/24 12:50:31.857, 943 MiB, 30 %, 45, 450 MHz, 9.95 W, 0x0000000000000001
2026/09/24 12:50:33.871, 943 MiB, 48 %, 45, 375 MHz, 7.28 W, 0x0000000000000001
2026/09/24 12:50:35.877, 943 MiB, 46 %, 45, 330 MHz, 7.23 W, 0x0000000000000001
2026/09/24 12:50:37.887, 943 MiB, 54 %, 45, 360 MHz, 7.16 W, 0x0000000000000001
2026/09/24 12:50:39.902, 943 MiB, 49 %, 45, 345 MHz, 7.08 W, 0x0000000000000001
2026/09/24 12:50:41.907, 943 MiB, 50 %, 45, 315 MHz, 8.27 W, 0x0000000000000001
2026/09/24 12:50:43.920, 943 MiB, 48 %, 44, 360 MHz, 7.07 W, 0x0000000000000001
2026/09/24 12:50:45.932, 943 MiB, 41 %, 44, 345 MHz, 7.19 W, 0x0000000000000001
2026/09/24 12:50:47.934, 943 MiB, 49 %, 44, 360 MHz, 7.15 W, 0x0000000000000001
2026/09/24 12:50:49.942, 943 MiB, 47 %, 44, 345 MHz, 7.81 W, 0x0000000000000001
2026/09/24 12:50:51.944, 943 MiB, 51 %, 44, 360 MHz, 7.18 W, 0x0000000000000001
2026/09/24 12:50:53.953, 943 MiB, 40 %, 44, 525 MHz, 8.52 W, 0x0000000000000001
2026/09/24 12:50:55.958, 943 MiB, 66 %, 44, 600 MHz, 9.53 W, 0x0000000000000001
2026/09/24 12:50:57.968, 943 MiB, 42 %, 44, 555 MHz, 10.13 W, 0x0000000000000001
2026/09/24 12:50:59.973, 943 MiB, 40 %, 44, 570 MHz, 10.18 W, 0x0000000000000001
2026/09/24 12:51:01.983, 943 MiB, 49 %, 44, 345 MHz, 8.71 W, 0x0000000000000001
2026/09/24 12:51:03.984, 943 MiB, 47 %, 44, 330 MHz, 7.09 W, 0x0000000000000001
2026/09/24 12:51:05.999, 943 MiB, 28 %, 44, 495 MHz, 9.88 W, 0x0000000000000001
2026/09/24 12:51:08.010, 943 MiB, 51 %, 44, 390 MHz, 7.17 W, 0x0000000000000001
2026/09/24 12:51:10.025, 943 MiB, 50 %, 44, 345 MHz, 7.21 W, 0x0000000000000001
2026/09/24 12:51:12.039, 943 MiB, 56 %, 44, 360 MHz, 7.28 W, 0x0000000000000001
2026/09/24 12:51:14.048, 943 MiB, 38 %, 44, 420 MHz, 9.60 W, 0x0000000000000001
2026/09/24 12:51:16.058, 943 MiB, 49 %, 44, 390 MHz, 7.25 W, 0x0000000000000001
2026/09/24 12:51:18.067, 943 MiB, 53 %, 44, 345 MHz, 7.26 W, 0x0000000000000001
2026/09/24 12:51:20.070, 943 MiB, 47 %, 43, 390 MHz, 7.28 W, 0x0000000000000001
2026/09/24 12:51:22.076, 943 MiB, 44 %, 43, 375 MHz, 7.23 W, 0x0000000000000001
2026/09/24 12:51:24.085, 943 MiB, 51 %, 43, 375 MHz, 7.10 W, 0x0000000000000001
2026/09/24 12:51:26.091, 943 MiB, 51 %, 43, 360 MHz, 7.23 W, 0x0000000000000001
2026/09/24 12:51:28.101, 943 MiB, 44 %, 43, 375 MHz, 7.18 W, 0x0000000000000001
2026/09/24 12:51:30.105, 943 MiB, 45 %, 43, 375 MHz, 7.22 W, 0x0000000000000001
2026/09/24 12:51:32.119, 943 MiB, 43 %, 43, 390 MHz, 7.17 W, 0x0000000000000001
2026/09/24 12:51:34.128, 943 MiB, 36 %, 43, 465 MHz, 7.47 W, 0x0000000000000001
2026/09/24 12:51:36.138, 943 MiB, 47 %, 43, 360 MHz, 9.21 W, 0x0000000000000001
2026/09/24 12:51:38.154, 943 MiB, 52 %, 43, 330 MHz, 7.11 W, 0x0000000000000001
2026/09/24 12:51:40.157, 943 MiB, 54 %, 43, 345 MHz, 7.66 W, 0x0000000000000001
2026/09/24 12:51:42.171, 943 MiB, 42 %, 43, 420 MHz, 9.78 W, 0x0000000000000001
2026/09/24 12:51:44.182, 943 MiB, 56 %, 43, 375 MHz, 7.23 W, 0x0000000000000001
2026/09/24 12:51:46.184, 943 MiB, 35 %, 43, 450 MHz, 9.53 W, 0x0000000000000001
2026/09/24 12:51:48.188, 943 MiB, 43 %, 43, 390 MHz, 7.20 W, 0x0000000000000001
2026/09/24 12:51:50.199, 943 MiB, 45 %, 43, 390 MHz, 7.19 W, 0x0000000000000001
2026/09/24 12:51:52.214, 943 MiB, 34 %, 43, 420 MHz, 9.65 W, 0x0000000000000001
2026/09/24 12:51:54.224, 943 MiB, 46 %, 43, 390 MHz, 7.23 W, 0x0000000000000001
2026/09/24 12:51:56.236, 943 MiB, 44 %, 43, 390 MHz, 7.25 W, 0x0000000000000001
2026/09/24 12:51:58.238, 943 MiB, 46 %, 43, 390 MHz, 7.23 W, 0x0000000000000001
2026/09/24 12:52:00.252, 943 MiB, 50 %, 43, 375 MHz, 7.22 W, 0x0000000000000001
2026/09/24 12:52:02.266, 943 MiB, 40 %, 43, 420 MHz, 7.98 W, 0x0000000000000001
2026/09/24 12:52:04.267, 943 MiB, 44 %, 43, 390 MHz, 8.67 W, 0x0000000000000001
2026/09/24 12:52:06.283, 943 MiB, 33 %, 43, 420 MHz, 8.61 W, 0x0000000000000001
2026/09/24 12:52:08.296, 943 MiB, 45 %, 43, 390 MHz, 8.34 W, 0x0000000000000001
2026/09/24 12:52:10.303, 943 MiB, 45 %, 42, 375 MHz, 7.23 W, 0x0000000000000001
2026/09/24 12:52:12.314, 943 MiB, 47 %, 42, 330 MHz, 7.69 W, 0x0000000000000001
2026/09/24 12:52:14.325, 943 MiB, 48 %, 42, 360 MHz, 7.04 W, 0x0000000000000001
2026/09/24 12:52:16.328, 943 MiB, 51 %, 42, 300 MHz, 6.97 W, 0x0000000000000001
2026/09/24 12:52:18.329, 943 MiB, 43 %, 42, 330 MHz, 6.99 W, 0x0000000000000001
2026/09/24 12:52:20.333, 943 MiB, 43 %, 42, 345 MHz, 7.01 W, 0x0000000000000001
2026/09/24 12:52:22.337, 943 MiB, 51 %, 42, 360 MHz, 7.08 W, 0x0000000000000001
2026/09/24 12:52:24.347, 943 MiB, 51 %, 42, 315 MHz, 8.10 W, 0x0000000000000001
2026/09/24 12:52:26.354, 943 MiB, 45 %, 42, 315 MHz, 7.55 W, 0x0000000000000001
2026/09/24 12:52:28.366, 943 MiB, 49 %, 42, 285 MHz, 6.95 W, 0x0000000000000001
2026/09/24 12:52:30.374, 943 MiB, 45 %, 42, 330 MHz, 6.93 W, 0x0000000000000001
2026/09/24 12:52:32.385, 943 MiB, 48 %, 42, 315 MHz, 7.03 W, 0x0000000000000001
2026/09/24 12:52:34.391, 943 MiB, 50 %, 42, 330 MHz, 7.03 W, 0x0000000000000001
2026/09/24 12:52:36.399, 943 MiB, 51 %, 42, 300 MHz, 6.95 W, 0x0000000000000001
2026/09/24 12:52:38.400, 943 MiB, 39 %, 42, 345 MHz, 6.98 W, 0x0000000000000001
2026/09/24 12:52:40.405, 943 MiB, 44 %, 42, 360 MHz, 7.00 W, 0x0000000000000001
2026/09/24 12:52:42.405, 943 MiB, 49 %, 42, 345 MHz, 7.07 W, 0x0000000000000001
2026/09/24 12:52:44.415, 943 MiB, 45 %, 42, 315 MHz, 6.97 W, 0x0000000000000001
2026/09/24 12:52:46.418, 943 MiB, 51 %, 42, 315 MHz, 6.96 W, 0x0000000000000001
2026/09/24 12:52:48.421, 943 MiB, 44 %, 42, 360 MHz, 7.07 W, 0x0000000000000001
2026/09/24 12:52:50.436, 943 MiB, 48 %, 42, 300 MHz, 6.92 W, 0x0000000000000001
2026/09/24 12:52:52.449, 943 MiB, 29 %, 42, 420 MHz, 8.73 W, 0x0000000000000001
2026/09/24 12:52:54.460, 943 MiB, 47 %, 42, 330 MHz, 7.76 W, 0x0000000000000001
2026/09/24 12:52:56.471, 943 MiB, 48 %, 42, 345 MHz, 7.04 W, 0x0000000000000001
2026/09/24 12:52:58.474, 943 MiB, 55 %, 42, 375 MHz, 7.18 W, 0x0000000000000001
2026/09/24 12:53:00.486, 943 MiB, 48 %, 42, 330 MHz, 7.06 W, 0x0000000000000001
2026/09/24 12:53:02.499, 943 MiB, 42 %, 42, 330 MHz, 6.95 W, 0x0000000000000001
2026/09/24 12:53:04.513, 943 MiB, 53 %, 42, 300 MHz, 6.97 W, 0x0000000000000001
2026/09/24 12:53:06.516, 943 MiB, 46 %, 42, 285 MHz, 6.90 W, 0x0000000000000001
2026/09/24 12:53:08.522, 943 MiB, 45 %, 42, 345 MHz, 7.05 W, 0x0000000000000001
2026/09/24 12:53:10.528, 943 MiB, 50 %, 41, 330 MHz, 7.05 W, 0x0000000000000001
2026/09/24 12:53:12.544, 943 MiB, 47 %, 41, 315 MHz, 6.97 W, 0x0000000000000001
2026/09/24 12:53:14.550, 943 MiB, 45 %, 41, 300 MHz, 6.97 W, 0x0000000000000001
2026/09/24 12:53:16.554, 943 MiB, 47 %, 41, 330 MHz, 7.02 W, 0x0000000000000001
2026/09/24 12:53:18.567, 943 MiB, 45 %, 41, 330 MHz, 7.01 W, 0x0000000000000001
2026/09/24 12:53:20.581, 943 MiB, 45 %, 41, 300 MHz, 6.92 W, 0x0000000000000001
2026/09/24 12:53:22.594, 943 MiB, 51 %, 41, 330 MHz, 7.06 W, 0x0000000000000001
2026/09/24 12:53:24.610, 943 MiB, 48 %, 41, 285 MHz, 6.95 W, 0x0000000000000001
2026/09/24 12:53:26.613, 943 MiB, 53 %, 41, 345 MHz, 7.09 W, 0x0000000000000001
2026/09/24 12:53:28.625, 943 MiB, 46 %, 41, 345 MHz, 7.00 W, 0x0000000000000001
2026/09/24 12:53:30.636, 943 MiB, 46 %, 41, 300 MHz, 7.00 W, 0x0000000000000001
2026/09/24 12:53:32.650, 943 MiB, 47 %, 41, 345 MHz, 6.99 W, 0x0000000000000001
2026/09/24 12:53:34.661, 943 MiB, 49 %, 41, 300 MHz, 6.95 W, 0x0000000000000001
2026/09/24 12:53:36.677, 943 MiB, 34 %, 41, 465 MHz, 8.27 W, 0x0000000000000001
2026/09/24 12:53:38.679, 943 MiB, 42 %, 41, 300 MHz, 7.70 W, 0x0000000000000001
2026/09/24 12:53:40.688, 943 MiB, 48 %, 41, 330 MHz, 7.02 W, 0x0000000000000001
2026/09/24 12:53:42.703, 943 MiB, 45 %, 41, 330 MHz, 7.02 W, 0x0000000000000001
2026/09/24 12:53:44.715, 943 MiB, 53 %, 41, 315 MHz, 7.05 W, 0x0000000000000001
2026/09/24 12:53:46.726, 847 MiB, 0 %, 42, 2130 MHz, 11.06 W, 0x0000000000000000
2026/09/24 12:53:48.727, 847 MiB, 52 %, 44, 2130 MHz, 20.88 W, 0x0000000000000000
2026/09/24 12:53:50.730, 847 MiB, 78 %, 55, 2325 MHz, 68.16 W, 0x0000000000000004
2026/09/24 12:53:52.734, 847 MiB, 77 %, 56, 2325 MHz, 67.62 W, 0x0000000000000004
2026/09/24 12:53:54.746, 847 MiB, 0 %, 49, 2475 MHz, 53.06 W, 0x0000000000000000
2026/09/24 12:53:56.751, 495 MiB, 10 %, 46, 2130 MHz, 17.11 W, 0x0000000000000000
2026/09/24 12:53:58.759, 687 MiB, 18 %, 46, 2130 MHz, 19.07 W, 0x0000000000000000
2026/09/24 12:54:00.762, 687 MiB, 68 %, 56, 2475 MHz, 59.71 W, 0x0000000000000000
2026/09/24 12:54:02.764, 687 MiB, 66 %, 57, 2475 MHz, 62.88 W, 0x0000000000000000
2026/09/24 12:54:04.777, 687 MiB, 66 %, 57, 2475 MHz, 57.52 W, 0x0000000000000000
2026/09/24 12:54:06.781, 687 MiB, 58 %, 59, 2475 MHz, 61.05 W, 0x0000000000000000
2026/09/24 12:54:08.796, 687 MiB, 68 %, 60, 2460 MHz, 56.98 W, 0x0000000000000000
2026/09/24 12:54:10.801, 687 MiB, 67 %, 61, 2460 MHz, 63.73 W, 0x0000000000000000
2026/09/24 12:54:12.811, 687 MiB, 68 %, 62, 2460 MHz, 63.80 W, 0x0000000000000000
2026/09/24 12:54:14.814, 687 MiB, 66 %, 63, 2460 MHz, 63.76 W, 0x0000000000000000
2026/09/24 12:54:16.833, 687 MiB, 67 %, 63, 2460 MHz, 64.14 W, 0x0000000000000000
2026/09/24 12:54:18.845, 687 MiB, 67 %, 64, 2460 MHz, 64.42 W, 0x0000000000000000
2026/09/24 12:54:20.848, 687 MiB, 69 %, 65, 2460 MHz, 64.64 W, 0x0000000000000000
2026/09/24 12:54:22.850, 687 MiB, 66 %, 65, 2460 MHz, 64.31 W, 0x0000000000000000
2026/09/24 12:54:24.859, 687 MiB, 66 %, 65, 2460 MHz, 65.16 W, 0x0000000000000000
2026/09/24 12:54:26.875, 687 MiB, 67 %, 66, 2460 MHz, 65.37 W, 0x0000000000000000
2026/09/24 12:54:28.890, 687 MiB, 67 %, 67, 2460 MHz, 65.33 W, 0x0000000000000000
2026/09/24 12:54:30.903, 687 MiB, 67 %, 67, 2460 MHz, 65.18 W, 0x0000000000000000
2026/09/24 12:54:32.905, 687 MiB, 67 %, 67, 2460 MHz, 65.45 W, 0x0000000000000000
2026/09/24 12:54:34.907, 687 MiB, 66 %, 68, 2460 MHz, 65.48 W, 0x0000000000000004
2026/09/24 12:54:36.922, 687 MiB, 67 %, 68, 2460 MHz, 65.84 W, 0x0000000000000000
2026/09/24 12:54:38.936, 687 MiB, 68 %, 69, 2460 MHz, 65.96 W, 0x0000000000000000
2026/09/24 12:54:40.952, 687 MiB, 67 %, 69, 2460 MHz, 65.83 W, 0x0000000000000000
2026/09/24 12:54:42.953, 943 MiB, 66 %, 70, 2460 MHz, 65.97 W, 0x0000000000000004
2026/09/24 12:54:44.955, 943 MiB, 66 %, 70, 2460 MHz, 66.28 W, 0x0000000000000004
2026/09/24 12:54:46.970, 943 MiB, 66 %, 70, 2460 MHz, 62.60 W, 0x0000000000000004
2026/09/24 12:54:48.985, 943 MiB, 66 %, 71, 2460 MHz, 66.48 W, 0x0000000000000004
2026/09/24 12:54:51.001, 943 MiB, 65 %, 71, 2460 MHz, 66.70 W, 0x0000000000000000
2026/09/24 12:54:53.014, 943 MiB, 68 %, 71, 2460 MHz, 66.60 W, 0x0000000000000004
2026/09/24 12:54:55.015, 943 MiB, 66 %, 72, 2460 MHz, 66.52 W, 0x0000000000000004
2026/09/24 12:54:57.016, 943 MiB, 68 %, 72, 2460 MHz, 66.71 W, 0x0000000000000004
2026/09/24 12:54:59.031, 943 MiB, 67 %, 73, 2445 MHz, 66.43 W, 0x0000000000000000
2026/09/24 12:55:01.047, 943 MiB, 67 %, 73, 2460 MHz, 66.78 W, 0x0000000000000004
2026/09/24 12:55:03.048, 943 MiB, 66 %, 73, 2460 MHz, 66.88 W, 0x0000000000000004
2026/09/24 12:55:05.062, 943 MiB, 65 %, 73, 2460 MHz, 66.89 W, 0x0000000000000004
2026/09/24 12:55:07.064, 943 MiB, 66 %, 74, 2460 MHz, 66.98 W, 0x0000000000000004
2026/09/24 12:55:09.078, 943 MiB, 66 %, 74, 2460 MHz, 66.91 W, 0x0000000000000004
2026/09/24 12:55:11.093, 943 MiB, 68 %, 74, 2460 MHz, 67.06 W, 0x0000000000000004
2026/09/24 12:55:13.096, 943 MiB, 67 %, 74, 2460 MHz, 67.05 W, 0x0000000000000004
2026/09/24 12:55:15.108, 943 MiB, 65 %, 75, 2460 MHz, 67.06 W, 0x0000000000000004
2026/09/24 12:55:17.123, 943 MiB, 67 %, 75, 2445 MHz, 67.03 W, 0x0000000000000004
2026/09/24 12:55:19.127, 943 MiB, 68 %, 75, 2460 MHz, 67.28 W, 0x0000000000000004
2026/09/24 12:55:21.139, 943 MiB, 67 %, 75, 2430 MHz, 67.23 W, 0x0000000000000004
2026/09/24 12:55:23.152, 943 MiB, 68 %, 76, 2415 MHz, 67.24 W, 0x0000000000000004
2026/09/24 12:55:25.155, 943 MiB, 67 %, 76, 2430 MHz, 67.17 W, 0x0000000000000000
2026/09/24 12:55:27.170, 943 MiB, 67 %, 76, 2430 MHz, 67.62 W, 0x0000000000000004
2026/09/24 12:55:29.171, 943 MiB, 68 %, 76, 2415 MHz, 67.30 W, 0x0000000000000004
2026/09/24 12:55:31.188, 943 MiB, 67 %, 76, 2460 MHz, 67.69 W, 0x0000000000000004
2026/09/24 12:55:33.189, 943 MiB, 68 %, 76, 2415 MHz, 67.50 W, 0x0000000000000004
2026/09/24 12:55:35.203, 943 MiB, 67 %, 76, 2430 MHz, 67.63 W, 0x0000000000000004
2026/09/24 12:55:37.204, 943 MiB, 68 %, 77, 2445 MHz, 67.53 W, 0x0000000000000004
2026/09/24 12:55:39.216, 943 MiB, 66 %, 77, 2415 MHz, 67.66 W, 0x0000000000000004
2026/09/24 12:55:41.218, 943 MiB, 68 %, 77, 2415 MHz, 67.42 W, 0x0000000000000004
2026/09/24 12:55:43.232, 943 MiB, 68 %, 77, 2430 MHz, 67.73 W, 0x0000000000000004
2026/09/24 12:55:45.238, 943 MiB, 68 %, 76, 2460 MHz, 67.12 W, 0x0000000000000004
2026/09/24 12:55:47.250, 943 MiB, 68 %, 77, 2445 MHz, 67.79 W, 0x0000000000000004
2026/09/24 12:55:49.266, 943 MiB, 68 %, 77, 2430 MHz, 67.72 W, 0x0000000000000004
2026/09/24 12:55:51.280, 943 MiB, 68 %, 77, 2445 MHz, 67.70 W, 0x0000000000000004
2026/09/24 12:55:53.283, 943 MiB, 68 %, 78, 2415 MHz, 67.62 W, 0x0000000000000004
2026/09/24 12:55:55.297, 943 MiB, 68 %, 78, 2415 MHz, 67.15 W, 0x0000000000000004
2026/09/24 12:55:57.311, 943 MiB, 66 %, 78, 2415 MHz, 67.90 W, 0x0000000000000004
2026/09/24 12:55:59.314, 943 MiB, 67 %, 78, 2445 MHz, 67.55 W, 0x0000000000000004
2026/09/24 12:56:01.327, 943 MiB, 68 %, 78, 2415 MHz, 67.83 W, 0x0000000000000004
2026/09/24 12:56:03.330, 943 MiB, 68 %, 78, 2415 MHz, 67.75 W, 0x0000000000000004
2026/09/24 12:56:05.345, 943 MiB, 68 %, 78, 2460 MHz, 67.79 W, 0x0000000000000004
2026/09/24 12:56:07.358, 943 MiB, 68 %, 78, 2445 MHz, 67.69 W, 0x0000000000000004
2026/09/24 12:56:09.363, 943 MiB, 66 %, 78, 2415 MHz, 67.94 W, 0x0000000000000004
2026/09/24 12:56:11.373, 943 MiB, 67 %, 78, 2400 MHz, 67.70 W, 0x0000000000000004
2026/09/24 12:56:13.374, 943 MiB, 67 %, 79, 2400 MHz, 67.81 W, 0x0000000000000004
2026/09/24 12:56:15.376, 943 MiB, 67 %, 79, 2400 MHz, 67.76 W, 0x0000000000000004
2026/09/24 12:56:17.391, 943 MiB, 67 %, 78, 2430 MHz, 67.55 W, 0x0000000000000004
2026/09/24 12:56:19.392, 943 MiB, 67 %, 79, 2415 MHz, 67.81 W, 0x0000000000000004
2026/09/24 12:56:21.407, 943 MiB, 68 %, 79, 2430 MHz, 67.94 W, 0x0000000000000004
2026/09/24 12:56:23.423, 943 MiB, 69 %, 79, 2400 MHz, 68.07 W, 0x0000000000000004
2026/09/24 12:56:25.437, 943 MiB, 68 %, 79, 2415 MHz, 68.01 W, 0x0000000000000004
2026/09/24 12:56:27.438, 943 MiB, 66 %, 79, 2400 MHz, 67.87 W, 0x0000000000000004
2026/09/24 12:56:29.452, 943 MiB, 68 %, 79, 2415 MHz, 67.83 W, 0x0000000000000004
2026/09/24 12:56:31.468, 943 MiB, 67 %, 79, 2460 MHz, 67.91 W, 0x0000000000000004
2026/09/24 12:56:33.484, 943 MiB, 68 %, 79, 2415 MHz, 68.11 W, 0x0000000000000004
2026/09/24 12:56:35.485, 943 MiB, 68 %, 79, 2415 MHz, 68.16 W, 0x0000000000000004
2026/09/24 12:56:37.500, 943 MiB, 68 %, 79, 2445 MHz, 67.71 W, 0x0000000000000004
2026/09/24 12:56:39.516, 943 MiB, 68 %, 79, 2460 MHz, 67.54 W, 0x0000000000000004
2026/09/24 12:56:41.531, 943 MiB, 67 %, 79, 2430 MHz, 67.83 W, 0x0000000000000004
2026/09/24 12:56:43.532, 943 MiB, 67 %, 79, 2400 MHz, 67.76 W, 0x0000000000000004
2026/09/24 12:56:45.533, 943 MiB, 68 %, 79, 2400 MHz, 67.74 W, 0x0000000000000004
2026/09/24 12:56:47.547, 943 MiB, 68 %, 79, 2415 MHz, 67.86 W, 0x0000000000000004
2026/09/24 12:56:49.548, 943 MiB, 68 %, 79, 2400 MHz, 63.49 W, 0x0000000000000004
2026/09/24 12:56:51.564, 943 MiB, 68 %, 79, 2400 MHz, 67.82 W, 0x0000000000000004
2026/09/24 12:56:53.579, 943 MiB, 65 %, 79, 2400 MHz, 64.32 W, 0x0000000000000004
2026/09/24 12:56:55.593, 943 MiB, 68 %, 80, 2400 MHz, 67.75 W, 0x0000000000000004
2026/09/24 12:56:57.595, 943 MiB, 67 %, 79, 2400 MHz, 67.72 W, 0x0000000000000004
2026/09/24 12:56:59.607, 943 MiB, 67 %, 80, 2430 MHz, 67.66 W, 0x0000000000000004
2026/09/24 12:57:01.608, 943 MiB, 67 %, 80, 2460 MHz, 67.61 W, 0x0000000000000004
2026/09/24 12:57:03.623, 943 MiB, 66 %, 79, 2415 MHz, 67.69 W, 0x0000000000000004
2026/09/24 12:57:05.626, 943 MiB, 67 %, 80, 2415 MHz, 67.72 W, 0x0000000000000004
2026/09/24 12:57:07.639, 943 MiB, 63 %, 80, 2400 MHz, 67.79 W, 0x0000000000000004
2026/09/24 12:57:09.642, 943 MiB, 66 %, 79, 2430 MHz, 67.64 W, 0x0000000000000004
2026/09/24 12:57:11.657, 943 MiB, 65 %, 79, 2415 MHz, 67.80 W, 0x0000000000000004
2026/09/24 12:57:13.672, 943 MiB, 67 %, 79, 2430 MHz, 67.94 W, 0x0000000000000004
2026/09/24 12:57:15.688, 943 MiB, 67 %, 79, 2400 MHz, 67.76 W, 0x0000000000000004
2026/09/24 12:57:17.704, 943 MiB, 67 %, 79, 2385 MHz, 67.84 W, 0x0000000000000004
2026/09/24 12:57:19.718, 943 MiB, 68 %, 80, 2445 MHz, 67.89 W, 0x0000000000000004
2026/09/24 12:57:21.732, 943 MiB, 68 %, 80, 2415 MHz, 67.93 W, 0x0000000000000004
2026/09/24 12:57:23.737, 943 MiB, 68 %, 80, 2415 MHz, 67.92 W, 0x0000000000000004
2026/09/24 12:57:25.749, 943 MiB, 67 %, 80, 2400 MHz, 67.93 W, 0x0000000000000004
2026/09/24 12:57:27.752, 943 MiB, 68 %, 80, 2415 MHz, 67.98 W, 0x0000000000000004
2026/09/24 12:57:29.764, 943 MiB, 67 %, 80, 2460 MHz, 67.95 W, 0x0000000000000004
2026/09/24 12:57:31.767, 943 MiB, 68 %, 80, 2400 MHz, 67.86 W, 0x0000000000000004
2026/09/24 12:57:33.780, 943 MiB, 67 %, 80, 2400 MHz, 67.81 W, 0x0000000000000004
2026/09/24 12:57:35.781, 943 MiB, 67 %, 80, 2430 MHz, 67.89 W, 0x0000000000000004
2026/09/24 12:57:37.796, 943 MiB, 68 %, 80, 2430 MHz, 67.81 W, 0x0000000000000004
2026/09/24 12:57:39.797, 943 MiB, 69 %, 80, 2430 MHz, 67.81 W, 0x0000000000000004
2026/09/24 12:57:41.814, 943 MiB, 68 %, 80, 2445 MHz, 67.54 W, 0x0000000000000004
2026/09/24 12:57:43.827, 943 MiB, 67 %, 80, 2385 MHz, 67.92 W, 0x0000000000000004
2026/09/24 12:57:45.828, 943 MiB, 68 %, 80, 2400 MHz, 67.78 W, 0x0000000000000004
2026/09/24 12:57:47.840, 943 MiB, 66 %, 79, 2415 MHz, 67.97 W, 0x0000000000000004
2026/09/24 12:57:49.846, 943 MiB, 68 %, 80, 2385 MHz, 67.68 W, 0x0000000000000004
2026/09/24 12:57:51.860, 943 MiB, 68 %, 80, 2400 MHz, 67.97 W, 0x0000000000000004
2026/09/24 12:57:53.874, 943 MiB, 67 %, 80, 2445 MHz, 67.81 W, 0x0000000000000004
2026/09/24 12:57:55.888, 943 MiB, 68 %, 80, 2400 MHz, 67.86 W, 0x0000000000000004
2026/09/24 12:57:57.891, 943 MiB, 66 %, 79, 2430 MHz, 68.00 W, 0x0000000000000004
2026/09/24 12:57:59.906, 943 MiB, 68 %, 80, 2415 MHz, 67.89 W, 0x0000000000000004
2026/09/24 12:58:01.907, 943 MiB, 67 %, 80, 2415 MHz, 67.85 W, 0x0000000000000004
2026/09/24 12:58:03.910, 943 MiB, 67 %, 79, 2400 MHz, 67.80 W, 0x0000000000000004
2026/09/24 12:58:05.912, 943 MiB, 66 %, 80, 2445 MHz, 67.87 W, 0x0000000000000004
2026/09/24 12:58:07.915, 943 MiB, 68 %, 80, 2415 MHz, 67.87 W, 0x0000000000000004
2026/09/24 12:58:09.918, 943 MiB, 68 %, 80, 2415 MHz, 67.86 W, 0x0000000000000004
2026/09/24 12:58:11.920, 943 MiB, 67 %, 80, 2400 MHz, 67.88 W, 0x0000000000000004
2026/09/24 12:58:13.924, 943 MiB, 66 %, 80, 2415 MHz, 67.99 W, 0x0000000000000004
2026/09/24 12:58:15.927, 943 MiB, 67 %, 80, 2445 MHz, 67.76 W, 0x0000000000000004
2026/09/24 12:58:17.937, 943 MiB, 68 %, 80, 2415 MHz, 67.77 W, 0x0000000000000004
2026/09/24 12:58:19.938, 943 MiB, 68 %, 80, 2430 MHz, 67.62 W, 0x0000000000000004
2026/09/24 12:58:21.951, 943 MiB, 68 %, 80, 2415 MHz, 67.78 W, 0x0000000000000004
2026/09/24 12:58:23.967, 943 MiB, 68 %, 80, 2415 MHz, 67.85 W, 0x0000000000000004
2026/09/24 12:58:25.983, 943 MiB, 66 %, 80, 2445 MHz, 67.93 W, 0x0000000000000004
2026/09/24 12:58:27.986, 943 MiB, 64 %, 80, 2445 MHz, 67.56 W, 0x0000000000000004
2026/09/24 12:58:30.002, 943 MiB, 67 %, 80, 2415 MHz, 67.34 W, 0x0000000000000004
2026/09/24 12:58:32.015, 943 MiB, 71 %, 79, 2415 MHz, 67.54 W, 0x0000000000000000
2026/09/24 12:58:34.023, 943 MiB, 67 %, 80, 2415 MHz, 66.58 W, 0x0000000000000004
2026/09/24 12:58:36.037, 943 MiB, 70 %, 80, 2445 MHz, 66.80 W, 0x0000000000000000
2026/09/24 12:58:38.040, 943 MiB, 67 %, 80, 2400 MHz, 67.00 W, 0x0000000000000004
2026/09/24 12:58:40.052, 943 MiB, 67 %, 80, 2400 MHz, 65.33 W, 0x0000000000000004
2026/09/24 12:58:42.062, 943 MiB, 68 %, 80, 2445 MHz, 67.37 W, 0x0000000000000004
2026/09/24 12:58:44.064, 943 MiB, 67 %, 80, 2400 MHz, 67.43 W, 0x0000000000000004
2026/09/24 12:58:46.076, 943 MiB, 65 %, 80, 2400 MHz, 67.82 W, 0x0000000000000004
2026/09/24 12:58:48.078, 943 MiB, 67 %, 80, 2415 MHz, 67.24 W, 0x0000000000000004
2026/09/24 12:58:50.090, 943 MiB, 67 %, 80, 2400 MHz, 67.96 W, 0x0000000000000004
2026/09/24 12:58:52.100, 943 MiB, 67 %, 80, 2415 MHz, 67.81 W, 0x0000000000000004
2026/09/24 12:58:54.115, 943 MiB, 67 %, 80, 2415 MHz, 67.63 W, 0x0000000000000004
2026/09/24 12:58:56.120, 943 MiB, 66 %, 80, 2430 MHz, 67.57 W, 0x0000000000000004
2026/09/24 12:58:58.124, 943 MiB, 67 %, 80, 2445 MHz, 67.76 W, 0x0000000000000004
2026/09/24 12:59:00.132, 943 MiB, 67 %, 80, 2415 MHz, 67.86 W, 0x0000000000000004
2026/09/24 12:59:02.136, 943 MiB, 67 %, 79, 2445 MHz, 67.79 W, 0x0000000000000004
2026/09/24 12:59:04.143, 943 MiB, 52 %, 78, 2445 MHz, 67.04 W, 0x0000000000000000
2026/09/24 12:59:06.156, 943 MiB, 32 %, 75, 2460 MHz, 49.46 W, 0x0000000000000000
2026/09/24 12:59:08.165, 943 MiB, 55 %, 75, 2460 MHz, 49.23 W, 0x0000000000000000
2026/09/24 12:59:10.171, 943 MiB, 42 %, 74, 2460 MHz, 48.73 W, 0x0000000000000000
2026/09/24 12:59:12.174, 943 MiB, 38 %, 73, 2460 MHz, 48.73 W, 0x0000000000000000
2026/09/24 12:59:14.175, 943 MiB, 37 %, 72, 2460 MHz, 46.26 W, 0x0000000000000000
2026/09/24 12:59:16.189, 943 MiB, 42 %, 73, 2460 MHz, 48.85 W, 0x0000000000000000
2026/09/24 12:59:18.198, 943 MiB, 42 %, 74, 2430 MHz, 46.59 W, 0x0000000000000001
2026/09/24 12:59:20.209, 943 MiB, 38 %, 74, 2460 MHz, 47.95 W, 0x0000000000000000
2026/09/24 12:59:22.212, 943 MiB, 40 %, 72, 2460 MHz, 46.17 W, 0x0000000000000000
2026/09/24 12:59:24.227, 943 MiB, 43 %, 74, 2460 MHz, 46.59 W, 0x0000000000000000
2026/09/24 12:59:26.230, 943 MiB, 45 %, 72, 2460 MHz, 49.02 W, 0x0000000000000000
2026/09/24 12:59:28.231, 943 MiB, 39 %, 72, 2295 MHz, 43.76 W, 0x0000000000000001
2026/09/24 12:59:30.236, 943 MiB, 37 %, 71, 2460 MHz, 47.22 W, 0x0000000000000000
2026/09/24 12:59:32.248, 943 MiB, 43 %, 70, 2430 MHz, 44.12 W, 0x0000000000000001
2026/09/24 12:59:34.250, 943 MiB, 40 %, 72, 2460 MHz, 45.40 W, 0x0000000000000000
2026/09/24 12:59:36.264, 943 MiB, 37 %, 71, 2460 MHz, 45.65 W, 0x0000000000000000
2026/09/24 12:59:38.266, 943 MiB, 35 %, 71, 2460 MHz, 45.96 W, 0x0000000000000000
2026/09/24 12:59:40.279, 943 MiB, 34 %, 69, 2460 MHz, 43.76 W, 0x0000000000000000
2026/09/24 12:59:42.281, 943 MiB, 37 %, 69, 2250 MHz, 42.71 W, 0x0000000000000001
2026/09/24 12:59:44.283, 943 MiB, 41 %, 69, 2340 MHz, 42.32 W, 0x0000000000000001
2026/09/24 12:59:46.296, 943 MiB, 47 %, 69, 2460 MHz, 47.49 W, 0x0000000000000000
2026/09/24 12:59:48.302, 943 MiB, 43 %, 70, 2460 MHz, 45.56 W, 0x0000000000000000
2026/09/24 12:59:50.305, 943 MiB, 43 %, 71, 2460 MHz, 45.96 W, 0x0000000000000000
2026/09/24 12:59:52.309, 943 MiB, 41 %, 69, 2280 MHz, 43.98 W, 0x0000000000000001
2026/09/24 12:59:54.311, 943 MiB, 36 %, 69, 2460 MHz, 45.65 W, 0x0000000000000000
2026/09/24 12:59:56.314, 943 MiB, 34 %, 68, 2205 MHz, 39.45 W, 0x0000000000000001
2026/09/24 12:59:58.318, 943 MiB, 30 %, 69, 2460 MHz, 47.42 W, 0x0000000000000000
2026/09/24 13:00:00.328, 943 MiB, 39 %, 69, 2460 MHz, 44.15 W, 0x0000000000000000
2026/09/24 13:00:02.337, 943 MiB, 50 %, 70, 2460 MHz, 46.01 W, 0x0000000000000000
2026/09/24 13:00:04.350, 943 MiB, 38 %, 69, 2460 MHz, 47.00 W, 0x0000000000000000
2026/09/24 13:00:06.355, 943 MiB, 37 %, 68, 2460 MHz, 50.62 W, 0x0000000000000000
2026/09/24 13:00:08.357, 943 MiB, 65 %, 71, 2460 MHz, 49.27 W, 0x0000000000000000
2026/09/24 13:00:10.358, 943 MiB, 30 %, 68, 2460 MHz, 49.62 W, 0x0000000000000000
2026/09/24 13:00:12.360, 943 MiB, 35 %, 68, 2460 MHz, 46.31 W, 0x0000000000000000
2026/09/24 13:00:14.367, 943 MiB, 36 %, 70, 2460 MHz, 46.38 W, 0x0000000000000000
2026/09/24 13:00:16.373, 943 MiB, 45 %, 68, 2460 MHz, 46.65 W, 0x0000000000000000
2026/09/24 13:00:18.374, 943 MiB, 53 %, 69, 2460 MHz, 49.99 W, 0x0000000000000000
2026/09/24 13:00:20.384, 943 MiB, 42 %, 68, 2460 MHz, 47.03 W, 0x0000000000000000
2026/09/24 13:00:22.386, 943 MiB, 39 %, 68, 2460 MHz, 47.63 W, 0x0000000000000000
2026/09/24 13:00:24.392, 943 MiB, 44 %, 70, 2460 MHz, 48.73 W, 0x0000000000000000
2026/09/24 13:00:26.392, 943 MiB, 41 %, 68, 2460 MHz, 49.58 W, 0x0000000000000000
2026/09/24 13:00:28.400, 943 MiB, 31 %, 69, 2460 MHz, 45.92 W, 0x0000000000000000
2026/09/24 13:00:30.404, 943 MiB, 33 %, 70, 2460 MHz, 50.05 W, 0x0000000000000000
2026/09/24 13:00:32.413, 943 MiB, 38 %, 69, 2460 MHz, 45.11 W, 0x0000000000000000
2026/09/24 13:00:34.427, 943 MiB, 48 %, 70, 2460 MHz, 46.25 W, 0x0000000000000000
2026/09/24 13:00:36.438, 943 MiB, 49 %, 71, 2460 MHz, 46.65 W, 0x0000000000000000
2026/09/24 13:00:38.451, 943 MiB, 36 %, 69, 2460 MHz, 44.46 W, 0x0000000000000000
2026/09/24 13:00:40.452, 943 MiB, 51 %, 71, 2460 MHz, 55.16 W, 0x0000000000000000
2026/09/24 13:00:42.453, 943 MiB, 58 %, 71, 2460 MHz, 55.28 W, 0x0000000000000000
2026/09/24 13:00:44.469, 943 MiB, 59 %, 70, 2460 MHz, 54.07 W, 0x0000000000000000
2026/09/24 13:00:46.482, 943 MiB, 56 %, 71, 2460 MHz, 53.93 W, 0x0000000000000000
2026/09/24 13:00:48.498, 943 MiB, 57 %, 71, 2460 MHz, 52.99 W, 0x0000000000000000
2026/09/24 13:00:50.499, 943 MiB, 53 %, 71, 2460 MHz, 53.54 W, 0x0000000000000000
2026/09/24 13:00:52.513, 943 MiB, 52 %, 70, 2460 MHz, 53.96 W, 0x0000000000000000
2026/09/24 13:00:54.515, 943 MiB, 56 %, 71, 2460 MHz, 54.15 W, 0x0000000000000000
2026/09/24 13:00:56.531, 943 MiB, 54 %, 71, 2460 MHz, 53.69 W, 0x0000000000000000
2026/09/24 13:00:58.546, 943 MiB, 55 %, 71, 2460 MHz, 54.18 W, 0x0000000000000000
2026/09/24 13:01:00.562, 943 MiB, 55 %, 71, 2460 MHz, 53.71 W, 0x0000000000000000
2026/09/24 13:01:02.577, 943 MiB, 55 %, 71, 2460 MHz, 52.21 W, 0x0000000000000000
2026/09/24 13:01:04.578, 943 MiB, 48 %, 71, 2460 MHz, 53.76 W, 0x0000000000000000
2026/09/24 13:01:06.593, 943 MiB, 55 %, 71, 2460 MHz, 53.02 W, 0x0000000000000000
2026/09/24 13:01:08.608, 943 MiB, 55 %, 71, 2460 MHz, 53.25 W, 0x0000000000000000
2026/09/24 13:01:10.609, 943 MiB, 55 %, 71, 2460 MHz, 53.78 W, 0x0000000000000000
2026/09/24 13:01:12.610, 943 MiB, 55 %, 72, 2460 MHz, 52.90 W, 0x0000000000000000
2026/09/24 13:01:14.625, 943 MiB, 53 %, 71, 2460 MHz, 51.13 W, 0x0000000000000000
2026/09/24 13:01:16.626, 943 MiB, 51 %, 72, 2460 MHz, 51.83 W, 0x0000000000000000
2026/09/24 13:01:18.629, 943 MiB, 52 %, 71, 2460 MHz, 51.49 W, 0x0000000000000000
2026/09/24 13:01:20.644, 943 MiB, 39 %, 70, 2460 MHz, 48.60 W, 0x0000000000000000
2026/09/24 13:01:22.646, 943 MiB, 47 %, 70, 2460 MHz, 45.92 W, 0x0000000000000000
2026/09/24 13:01:24.657, 943 MiB, 46 %, 69, 2460 MHz, 44.94 W, 0x0000000000000000
2026/09/24 13:01:26.671, 943 MiB, 47 %, 71, 2460 MHz, 46.15 W, 0x0000000000000000
2026/09/24 13:01:28.686, 943 MiB, 45 %, 70, 2460 MHz, 45.19 W, 0x0000000000000000
2026/09/24 13:01:30.701, 943 MiB, 47 %, 70, 2460 MHz, 46.81 W, 0x0000000000000000
2026/09/24 13:01:32.713, 943 MiB, 43 %, 68, 2460 MHz, 45.56 W, 0x0000000000000000
2026/09/24 13:01:34.718, 943 MiB, 43 %, 69, 2460 MHz, 45.39 W, 0x0000000000000000
2026/09/24 13:01:36.732, 943 MiB, 48 %, 69, 2460 MHz, 47.27 W, 0x0000000000000000
2026/09/24 13:01:38.735, 943 MiB, 49 %, 69, 2460 MHz, 47.30 W, 0x0000000000000000
2026/09/24 13:01:40.748, 943 MiB, 48 %, 69, 2460 MHz, 46.96 W, 0x0000000000000000
2026/09/24 13:01:42.751, 943 MiB, 49 %, 69, 2460 MHz, 47.67 W, 0x0000000000000000
2026/09/24 13:01:44.758, 943 MiB, 44 %, 69, 2460 MHz, 47.22 W, 0x0000000000000000
2026/09/24 13:01:46.768, 943 MiB, 44 %, 68, 2460 MHz, 44.93 W, 0x0000000000000000
2026/09/24 13:01:48.779, 943 MiB, 44 %, 69, 2460 MHz, 47.28 W, 0x0000000000000000
2026/09/24 13:01:50.781, 943 MiB, 45 %, 69, 2460 MHz, 46.21 W, 0x0000000000000000
2026/09/24 13:01:52.797, 943 MiB, 46 %, 69, 2460 MHz, 44.79 W, 0x0000000000000000
2026/09/24 13:01:54.812, 943 MiB, 47 %, 69, 2460 MHz, 46.98 W, 0x0000000000000000
2026/09/24 13:01:56.818, 943 MiB, 47 %, 69, 2460 MHz, 47.07 W, 0x0000000000000000
2026/09/24 13:01:58.828, 943 MiB, 46 %, 69, 2460 MHz, 46.26 W, 0x0000000000000000
2026/09/24 13:02:00.840, 943 MiB, 42 %, 69, 2460 MHz, 46.39 W, 0x0000000000000000
2026/09/24 13:02:02.843, 943 MiB, 48 %, 69, 2460 MHz, 45.74 W, 0x0000000000000000
2026/09/24 13:02:04.845, 943 MiB, 47 %, 70, 2460 MHz, 46.68 W, 0x0000000000000000
2026/09/24 13:02:06.860, 943 MiB, 46 %, 69, 2460 MHz, 46.51 W, 0x0000000000000000
2026/09/24 13:02:08.874, 943 MiB, 46 %, 70, 2460 MHz, 46.66 W, 0x0000000000000000
2026/09/24 13:02:10.876, 943 MiB, 48 %, 70, 2460 MHz, 47.08 W, 0x0000000000000000
2026/09/24 13:02:12.889, 943 MiB, 48 %, 69, 2460 MHz, 46.07 W, 0x0000000000000000
2026/09/24 13:02:14.901, 943 MiB, 40 %, 69, 2460 MHz, 45.17 W, 0x0000000000000000
2026/09/24 13:02:16.906, 943 MiB, 31 %, 69, 2460 MHz, 44.04 W, 0x0000000000000000
2026/09/24 13:02:18.915, 943 MiB, 45 %, 68, 2460 MHz, 44.93 W, 0x0000000000000000
2026/09/24 13:02:20.920, 943 MiB, 49 %, 69, 2460 MHz, 44.66 W, 0x0000000000000000
2026/09/24 13:02:22.922, 943 MiB, 44 %, 69, 2460 MHz, 45.91 W, 0x0000000000000000
2026/09/24 13:02:24.938, 943 MiB, 44 %, 69, 2460 MHz, 46.54 W, 0x0000000000000000
2026/09/24 13:02:26.953, 943 MiB, 44 %, 69, 2460 MHz, 46.94 W, 0x0000000000000000
2026/09/24 13:02:28.954, 943 MiB, 43 %, 68, 2460 MHz, 46.59 W, 0x0000000000000000
2026/09/24 13:02:30.968, 943 MiB, 42 %, 68, 2460 MHz, 45.65 W, 0x0000000000000000
2026/09/24 13:02:32.984, 943 MiB, 42 %, 68, 2460 MHz, 45.21 W, 0x0000000000000000
2026/09/24 13:02:34.998, 943 MiB, 39 %, 67, 2460 MHz, 45.36 W, 0x0000000000000000
2026/09/24 13:02:37.001, 943 MiB, 41 %, 68, 2460 MHz, 45.08 W, 0x0000000000000000
2026/09/24 13:02:39.015, 943 MiB, 43 %, 68, 2460 MHz, 45.32 W, 0x0000000000000000
2026/09/24 13:02:41.020, 943 MiB, 44 %, 68, 2460 MHz, 44.73 W, 0x0000000000000000
2026/09/24 13:02:43.030, 943 MiB, 43 %, 68, 2460 MHz, 44.03 W, 0x0000000000000000
2026/09/24 13:02:45.045, 943 MiB, 39 %, 68, 2460 MHz, 43.66 W, 0x0000000000000000
2026/09/24 13:02:47.046, 943 MiB, 44 %, 68, 2460 MHz, 43.84 W, 0x0000000000000000
2026/09/24 13:02:49.061, 943 MiB, 41 %, 68, 2460 MHz, 42.40 W, 0x0000000000000000
2026/09/24 13:02:51.069, 943 MiB, 42 %, 67, 2460 MHz, 41.49 W, 0x0000000000000000
2026/09/24 13:02:53.078, 943 MiB, 41 %, 67, 2460 MHz, 39.32 W, 0x0000000000000000
2026/09/24 13:02:55.094, 943 MiB, 41 %, 67, 2445 MHz, 40.89 W, 0x0000000000000001
2026/09/24 13:02:57.095, 943 MiB, 38 %, 66, 2460 MHz, 39.95 W, 0x0000000000000000
2026/09/24 13:02:59.109, 951 MiB, 40 %, 67, 2460 MHz, 40.28 W, 0x0000000000000000
2026/09/24 13:03:01.123, 951 MiB, 34 %, 67, 2460 MHz, 39.49 W, 0x0000000000000000
2026/09/24 13:03:03.124, 995 MiB, 43 %, 67, 2460 MHz, 39.97 W, 0x0000000000000000
2026/09/24 13:03:05.125, 983 MiB, 40 %, 67, 2460 MHz, 40.42 W, 0x0000000000000000
2026/09/24 13:03:07.130, 964 MiB, 47 %, 67, 2460 MHz, 40.99 W, 0x0000000000000000
2026/09/24 13:03:09.137, 965 MiB, 36 %, 66, 2460 MHz, 39.34 W, 0x0000000000000000
2026/09/24 13:03:11.141, 965 MiB, 36 %, 66, 2460 MHz, 39.38 W, 0x0000000000000000
2026/09/24 13:03:13.154, 965 MiB, 28 %, 64, 2235 MHz, 33.84 W, 0x0000000000000001
2026/09/24 13:03:15.159, 965 MiB, 44 %, 64, 2235 MHz, 30.14 W, 0x0000000000000001
2026/09/24 13:03:17.168, 965 MiB, 39 %, 64, 2325 MHz, 33.30 W, 0x0000000000000001
2026/09/24 13:03:19.170, 965 MiB, 37 %, 65, 2250 MHz, 35.60 W, 0x0000000000000001
2026/09/24 13:03:21.171, 965 MiB, 38 %, 64, 2220 MHz, 33.24 W, 0x0000000000000001
2026/09/24 13:03:23.174, 965 MiB, 37 %, 64, 2250 MHz, 33.74 W, 0x0000000000000001
2026/09/24 13:03:25.189, 959 MiB, 38 %, 64, 2235 MHz, 32.41 W, 0x0000000000000001
2026/09/24 13:03:27.201, 959 MiB, 39 %, 64, 2280 MHz, 33.96 W, 0x0000000000000001
2026/09/24 13:03:29.204, 959 MiB, 37 %, 64, 2250 MHz, 33.18 W, 0x0000000000000001
2026/09/24 13:03:31.204, 959 MiB, 39 %, 64, 2235 MHz, 33.49 W, 0x0000000000000001
2026/09/24 13:03:33.209, 959 MiB, 32 %, 63, 2355 MHz, 34.89 W, 0x0000000000000001
2026/09/24 13:03:35.218, 959 MiB, 41 %, 63, 2235 MHz, 30.28 W, 0x0000000000000001
2026/09/24 13:03:37.220, 995 MiB, 38 %, 64, 2460 MHz, 38.62 W, 0x0000000000000000
2026/09/24 13:03:39.234, 988 MiB, 39 %, 64, 2340 MHz, 38.24 W, 0x0000000000000001
2026/09/24 13:03:41.235, 988 MiB, 43 %, 64, 2340 MHz, 34.61 W, 0x0000000000000001
2026/09/24 13:03:43.251, 988 MiB, 41 %, 64, 2355 MHz, 35.78 W, 0x0000000000000001
2026/09/24 13:03:45.265, 959 MiB, 49 %, 64, 2460 MHz, 37.63 W, 0x0000000000000000
2026/09/24 13:03:47.268, 959 MiB, 41 %, 64, 2460 MHz, 38.66 W, 0x0000000000000000
2026/09/24 13:03:49.270, 959 MiB, 33 %, 65, 2460 MHz, 37.55 W, 0x0000000000000000
2026/09/24 13:03:51.276, 959 MiB, 41 %, 64, 2460 MHz, 36.89 W, 0x0000000000000000
2026/09/24 13:03:53.288, 959 MiB, 40 %, 64, 2460 MHz, 36.48 W, 0x0000000000000000
2026/09/24 13:03:55.304, 959 MiB, 39 %, 64, 2460 MHz, 36.69 W, 0x0000000000000000
2026/09/24 13:03:57.308, 959 MiB, 36 %, 64, 2340 MHz, 36.59 W, 0x0000000000000001
2026/09/24 13:03:59.313, 959 MiB, 39 %, 64, 2460 MHz, 37.13 W, 0x0000000000000000
2026/09/24 13:04:01.316, 959 MiB, 33 %, 64, 2460 MHz, 36.71 W, 0x0000000000000000
2026/09/24 13:04:03.319, 959 MiB, 35 %, 64, 2460 MHz, 36.70 W, 0x0000000000000000
2026/09/24 13:04:05.326, 959 MiB, 33 %, 64, 2205 MHz, 37.16 W, 0x0000000000000000
2026/09/24 13:04:07.328, 959 MiB, 33 %, 63, 2445 MHz, 32.09 W, 0x0000000000000001
2026/09/24 13:04:09.343, 959 MiB, 41 %, 63, 2295 MHz, 34.10 W, 0x0000000000000001
2026/09/24 13:04:11.359, 959 MiB, 33 %, 63, 2340 MHz, 31.03 W, 0x0000000000000001
2026/09/24 13:04:13.371, 959 MiB, 37 %, 62, 2070 MHz, 30.39 W, 0x0000000000000001
2026/09/24 13:04:15.375, 959 MiB, 37 %, 62, 2295 MHz, 30.88 W, 0x0000000000000001
2026/09/24 13:04:17.391, 959 MiB, 37 %, 63, 2340 MHz, 32.13 W, 0x0000000000000001
2026/09/24 13:04:19.396, 959 MiB, 53 %, 62, 2400 MHz, 26.87 W, 0x0000000000000001
2026/09/24 13:04:21.406, 959 MiB, 36 %, 63, 2460 MHz, 35.29 W, 0x0000000000000000
2026/09/24 13:04:23.413, 959 MiB, 37 %, 62, 2235 MHz, 32.48 W, 0x0000000000000001
2026/09/24 13:04:25.419, 959 MiB, 38 %, 62, 2460 MHz, 35.41 W, 0x0000000000000000
2026/09/24 13:04:27.427, 959 MiB, 40 %, 64, 2460 MHz, 35.52 W, 0x0000000000000000
2026/09/24 13:04:29.433, 959 MiB, 35 %, 62, 2400 MHz, 33.90 W, 0x0000000000000001
2026/09/24 13:04:31.441, 959 MiB, 36 %, 63, 2460 MHz, 35.65 W, 0x0000000000000000
2026/09/24 13:04:33.452, 959 MiB, 36 %, 63, 2460 MHz, 36.29 W, 0x0000000000000000
2026/09/24 13:04:35.465, 959 MiB, 42 %, 61, 2055 MHz, 27.98 W, 0x0000000000000001
2026/09/24 13:04:37.471, 959 MiB, 41 %, 61, 1995 MHz, 26.89 W, 0x0000000000000001
2026/09/24 13:04:39.473, 959 MiB, 38 %, 61, 1980 MHz, 26.84 W, 0x0000000000000001
2026/09/24 13:04:41.477, 959 MiB, 41 %, 62, 2310 MHz, 31.51 W, 0x0000000000000001
2026/09/24 13:04:43.483, 959 MiB, 37 %, 61, 2205 MHz, 32.52 W, 0x0000000000000001
2026/09/24 13:04:45.484, 959 MiB, 34 %, 61, 2190 MHz, 29.23 W, 0x0000000000000001
2026/09/24 13:04:47.485, 959 MiB, 36 %, 60, 1860 MHz, 24.23 W, 0x0000000000000001
2026/09/24 13:04:49.488, 959 MiB, 38 %, 61, 2010 MHz, 26.89 W, 0x0000000000000001
2026/09/24 13:04:51.498, 959 MiB, 36 %, 60, 1995 MHz, 26.67 W, 0x0000000000000001
2026/09/24 13:04:53.499, 959 MiB, 37 %, 60, 1890 MHz, 24.88 W, 0x0000000000000001
2026/09/24 13:04:55.515, 959 MiB, 37 %, 60, 1905 MHz, 24.83 W, 0x0000000000000001
2026/09/24 13:04:57.529, 959 MiB, 38 %, 60, 1920 MHz, 24.95 W, 0x0000000000000001
2026/09/24 13:04:59.541, 959 MiB, 37 %, 59, 1890 MHz, 24.53 W, 0x0000000000000001
2026/09/24 13:05:01.554, 959 MiB, 41 %, 59, 1905 MHz, 24.16 W, 0x0000000000000001
2026/09/24 13:05:03.568, 959 MiB, 36 %, 59, 1905 MHz, 24.35 W, 0x0000000000000001
2026/09/24 13:05:05.577, 959 MiB, 37 %, 59, 1935 MHz, 24.52 W, 0x0000000000000001
2026/09/24 13:05:07.590, 959 MiB, 32 %, 59, 1965 MHz, 24.62 W, 0x0000000000000001
2026/09/24 13:05:09.592, 959 MiB, 38 %, 59, 1890 MHz, 23.52 W, 0x0000000000000001
2026/09/24 13:05:11.603, 959 MiB, 38 %, 58, 1710 MHz, 21.73 W, 0x0000000000000001
2026/09/24 13:05:13.605, 959 MiB, 38 %, 58, 1755 MHz, 21.86 W, 0x0000000000000001
2026/09/24 13:05:15.610, 959 MiB, 42 %, 57, 1650 MHz, 20.79 W, 0x0000000000000001
2026/09/24 13:05:17.612, 959 MiB, 41 %, 58, 1800 MHz, 22.41 W, 0x0000000000000001
2026/09/24 13:05:19.627, 959 MiB, 39 %, 57, 1695 MHz, 22.09 W, 0x0000000000000001
2026/09/24 13:05:21.640, 959 MiB, 36 %, 57, 1605 MHz, 20.00 W, 0x0000000000000001
2026/09/24 13:05:23.640, 959 MiB, 39 %, 57, 1545 MHz, 19.84 W, 0x0000000000000001
2026/09/24 13:05:25.655, 959 MiB, 41 %, 57, 1575 MHz, 19.86 W, 0x0000000000000001
2026/09/24 13:05:27.658, 959 MiB, 39 %, 57, 1650 MHz, 20.45 W, 0x0000000000000001
2026/09/24 13:05:29.673, 959 MiB, 39 %, 56, 1650 MHz, 20.09 W, 0x0000000000000001
2026/09/24 13:05:31.685, 959 MiB, 37 %, 56, 1545 MHz, 19.64 W, 0x0000000000000001
2026/09/24 13:05:33.687, 959 MiB, 39 %, 56, 1545 MHz, 18.91 W, 0x0000000000000001
2026/09/24 13:05:35.702, 959 MiB, 37 %, 56, 1530 MHz, 19.00 W, 0x0000000000000001
2026/09/24 13:05:37.704, 959 MiB, 36 %, 56, 1530 MHz, 18.50 W, 0x0000000000000001
2026/09/24 13:05:39.706, 959 MiB, 35 %, 56, 1530 MHz, 18.29 W, 0x0000000000000001
2026/09/24 13:05:41.710, 959 MiB, 39 %, 55, 1425 MHz, 18.23 W, 0x0000000000000001
2026/09/24 13:05:43.712, 959 MiB, 37 %, 55, 1515 MHz, 18.53 W, 0x0000000000000001
2026/09/24 13:05:45.714, 959 MiB, 49 %, 55, 1635 MHz, 19.12 W, 0x0000000000000001
2026/09/24 13:05:47.719, 959 MiB, 32 %, 56, 1875 MHz, 21.47 W, 0x0000000000000001
2026/09/24 13:05:49.722, 959 MiB, 32 %, 55, 1770 MHz, 20.60 W, 0x0000000000000001
2026/09/24 13:05:51.736, 959 MiB, 34 %, 55, 1740 MHz, 20.71 W, 0x0000000000000001
2026/09/24 13:05:53.739, 959 MiB, 37 %, 55, 1815 MHz, 20.50 W, 0x0000000000000001
2026/09/24 13:05:55.742, 959 MiB, 38 %, 55, 1725 MHz, 20.24 W, 0x0000000000000001
2026/09/24 13:05:57.746, 959 MiB, 31 %, 55, 1635 MHz, 19.05 W, 0x0000000000000001
2026/09/24 13:05:59.754, 959 MiB, 32 %, 54, 1500 MHz, 18.07 W, 0x0000000000000001
2026/09/24 13:06:01.768, 959 MiB, 35 %, 54, 1560 MHz, 18.00 W, 0x0000000000000001
2026/09/24 13:06:03.781, 959 MiB, 34 %, 54, 1425 MHz, 16.36 W, 0x0000000000000001
2026/09/24 13:06:05.792, 959 MiB, 34 %, 54, 1500 MHz, 17.18 W, 0x0000000000000001
2026/09/24 13:06:07.796, 959 MiB, 38 %, 54, 1440 MHz, 16.08 W, 0x0000000000000001
2026/09/24 13:06:09.803, 959 MiB, 34 %, 54, 1485 MHz, 17.11 W, 0x0000000000000001
2026/09/24 13:06:11.811, 959 MiB, 43 %, 53, 1350 MHz, 16.79 W, 0x0000000000000001
2026/09/24 13:06:13.826, 959 MiB, 34 %, 54, 1395 MHz, 17.73 W, 0x0000000000000001
2026/09/24 13:06:15.842, 959 MiB, 35 %, 54, 1455 MHz, 17.57 W, 0x0000000000000001
2026/09/24 13:06:17.853, 959 MiB, 35 %, 54, 1455 MHz, 17.78 W, 0x0000000000000001
2026/09/24 13:06:19.866, 959 MiB, 35 %, 53, 1425 MHz, 17.66 W, 0x0000000000000001
2026/09/24 13:06:21.874, 959 MiB, 34 %, 53, 1440 MHz, 17.71 W, 0x0000000000000001
2026/09/24 13:06:23.876, 959 MiB, 35 %, 53, 1455 MHz, 17.27 W, 0x0000000000000001
2026/09/24 13:06:25.883, 959 MiB, 34 %, 53, 1440 MHz, 16.77 W, 0x0000000000000001
2026/09/24 13:06:27.896, 959 MiB, 38 %, 53, 1410 MHz, 14.92 W, 0x0000000000000001
2026/09/24 13:06:29.903, 959 MiB, 39 %, 52, 1350 MHz, 13.67 W, 0x0000000000000001
2026/09/24 13:06:31.907, 959 MiB, 33 %, 52, 990 MHz, 12.25 W, 0x0000000000000001
2026/09/24 13:06:33.920, 959 MiB, 47 %, 52, 525 MHz, 11.99 W, 0x0000000000000001
2026/09/24 13:06:35.923, 959 MiB, 48 %, 51, 495 MHz, 11.49 W, 0x0000000000000001
2026/09/24 13:06:37.937, 959 MiB, 50 %, 51, 435 MHz, 11.12 W, 0x0000000000000001
2026/09/24 13:06:39.952, 959 MiB, 57 %, 51, 465 MHz, 11.19 W, 0x0000000000000001
2026/09/24 13:06:41.953, 959 MiB, 49 %, 51, 450 MHz, 11.06 W, 0x0000000000000001
2026/09/24 13:06:43.965, 959 MiB, 51 %, 51, 465 MHz, 11.70 W, 0x0000000000000001
2026/09/24 13:06:45.969, 959 MiB, 56 %, 51, 510 MHz, 11.81 W, 0x0000000000000001
2026/09/24 13:06:47.984, 959 MiB, 48 %, 50, 510 MHz, 11.10 W, 0x0000000000000001
2026/09/24 13:06:50.000, 959 MiB, 49 %, 50, 480 MHz, 11.63 W, 0x0000000000000001
2026/09/24 13:06:52.012, 959 MiB, 50 %, 50, 480 MHz, 11.82 W, 0x0000000000000001
2026/09/24 13:06:54.020, 959 MiB, 52 %, 50, 465 MHz, 11.74 W, 0x0000000000000001
2026/09/24 13:06:56.027, 959 MiB, 44 %, 50, 435 MHz, 11.88 W, 0x0000000000000001
2026/09/24 13:06:58.038, 959 MiB, 62 %, 50, 555 MHz, 11.76 W, 0x0000000000000001
2026/09/24 13:07:00.046, 959 MiB, 44 %, 50, 825 MHz, 12.41 W, 0x0000000000000001
2026/09/24 13:07:02.047, 815 MiB, 38 %, 50, 945 MHz, 12.31 W, 0x0000000000000001
2026/09/24 13:07:04.048, 824 MiB, 38 %, 51, 1845 MHz, 14.22 W, 0x0000000000000001
2026/09/24 13:07:06.060, 824 MiB, 39 %, 51, 1605 MHz, 19.09 W, 0x0000000000000001
2026/09/24 13:07:08.064, 824 MiB, 32 %, 51, 1485 MHz, 17.80 W, 0x0000000000000001
2026/09/24 13:07:10.067, 824 MiB, 29 %, 51, 1590 MHz, 18.47 W, 0x0000000000000001
2026/09/24 13:07:12.078, 824 MiB, 39 %, 51, 1755 MHz, 18.32 W, 0x0000000000000001
2026/09/24 13:07:14.080, 824 MiB, 42 %, 51, 1785 MHz, 19.77 W, 0x0000000000000001
2026/09/24 13:07:16.089, 824 MiB, 35 %, 51, 1620 MHz, 19.09 W, 0x0000000000000001
2026/09/24 13:07:18.100, 824 MiB, 31 %, 51, 1560 MHz, 17.66 W, 0x0000000000000001
2026/09/24 13:07:20.102, 824 MiB, 38 %, 52, 1710 MHz, 18.92 W, 0x0000000000000001
2026/09/24 13:07:22.105, 824 MiB, 38 %, 51, 1710 MHz, 19.04 W, 0x0000000000000001
2026/09/24 13:07:24.107, 824 MiB, 36 %, 51, 1635 MHz, 18.83 W, 0x0000000000000001
2026/09/24 13:07:26.108, 824 MiB, 36 %, 51, 1425 MHz, 17.65 W, 0x0000000000000001
2026/09/24 13:07:28.123, 824 MiB, 34 %, 51, 1425 MHz, 17.49 W, 0x0000000000000001
2026/09/24 13:07:30.138, 824 MiB, 33 %, 51, 1515 MHz, 18.02 W, 0x0000000000000001
2026/09/24 13:07:32.154, 824 MiB, 30 %, 51, 1515 MHz, 18.07 W, 0x0000000000000001
2026/09/24 13:07:34.155, 824 MiB, 32 %, 51, 1515 MHz, 18.11 W, 0x0000000000000001
2026/09/24 13:07:36.156, 824 MiB, 32 %, 51, 1560 MHz, 18.25 W, 0x0000000000000001
2026/09/24 13:07:38.171, 824 MiB, 33 %, 51, 1545 MHz, 18.15 W, 0x0000000000000001
2026/09/24 13:07:40.173, 824 MiB, 31 %, 51, 1590 MHz, 18.54 W, 0x0000000000000001
2026/09/24 13:07:42.186, 824 MiB, 32 %, 51, 1575 MHz, 18.22 W, 0x0000000000000001
2026/09/24 13:07:44.200, 824 MiB, 35 %, 51, 1560 MHz, 18.29 W, 0x0000000000000001
2026/09/24 13:07:46.203, 824 MiB, 33 %, 51, 1530 MHz, 18.07 W, 0x0000000000000001
2026/09/24 13:07:48.217, 824 MiB, 36 %, 51, 1425 MHz, 17.50 W, 0x0000000000000001
2026/09/24 13:07:50.233, 824 MiB, 31 %, 51, 1620 MHz, 17.99 W, 0x0000000000000001
2026/09/24 13:07:52.235, 824 MiB, 35 %, 51, 1545 MHz, 17.67 W, 0x0000000000000001
2026/09/24 13:07:54.249, 824 MiB, 34 %, 51, 1515 MHz, 17.61 W, 0x0000000000000001
2026/09/24 13:07:56.249, 824 MiB, 37 %, 51, 1470 MHz, 17.19 W, 0x0000000000000001
2026/09/24 13:07:58.265, 824 MiB, 37 %, 51, 1530 MHz, 16.94 W, 0x0000000000000001
2026/09/24 13:08:00.280, 824 MiB, 36 %, 51, 1545 MHz, 17.67 W, 0x0000000000000001
2026/09/24 13:08:02.297, 824 MiB, 36 %, 51, 1590 MHz, 18.04 W, 0x0000000000000001
2026/09/24 13:08:04.313, 824 MiB, 36 %, 51, 1575 MHz, 17.77 W, 0x0000000000000001
2026/09/24 13:08:06.325, 824 MiB, 37 %, 51, 1545 MHz, 17.72 W, 0x0000000000000001
2026/09/24 13:08:08.328, 824 MiB, 36 %, 51, 1575 MHz, 17.80 W, 0x0000000000000001
2026/09/24 13:08:10.344, 824 MiB, 34 %, 51, 1560 MHz, 17.75 W, 0x0000000000000001
2026/09/24 13:08:12.345, 824 MiB, 33 %, 51, 1560 MHz, 17.75 W, 0x0000000000000001
2026/09/24 13:08:14.359, 824 MiB, 34 %, 51, 1575 MHz, 17.77 W, 0x0000000000000001
2026/09/24 13:08:16.373, 824 MiB, 34 %, 51, 1560 MHz, 17.61 W, 0x0000000000000001
2026/09/24 13:08:18.374, 824 MiB, 33 %, 51, 1515 MHz, 17.65 W, 0x0000000000000001
2026/09/24 13:08:20.375, 824 MiB, 32 %, 51, 1530 MHz, 17.62 W, 0x0000000000000001
2026/09/24 13:08:22.389, 824 MiB, 32 %, 51, 1575 MHz, 17.57 W, 0x0000000000000001
2026/09/24 13:08:24.403, 824 MiB, 32 %, 51, 1560 MHz, 17.79 W, 0x0000000000000001
2026/09/24 13:08:26.406, 824 MiB, 32 %, 51, 1545 MHz, 17.59 W, 0x0000000000000001
2026/09/24 13:08:28.421, 824 MiB, 32 %, 51, 1560 MHz, 17.68 W, 0x0000000000000001
2026/09/24 13:08:30.437, 824 MiB, 32 %, 51, 1560 MHz, 17.67 W, 0x0000000000000001
2026/09/24 13:08:32.454, 824 MiB, 34 %, 51, 1485 MHz, 16.85 W, 0x0000000000000001
2026/09/24 13:08:34.467, 824 MiB, 35 %, 51, 1560 MHz, 17.56 W, 0x0000000000000001
2026/09/24 13:08:36.469, 824 MiB, 42 %, 51, 1410 MHz, 17.87 W, 0x0000000000000001
2026/09/24 13:08:38.481, 824 MiB, 44 %, 51, 1395 MHz, 18.05 W, 0x0000000000000001
2026/09/24 13:08:40.481, 824 MiB, 43 %, 51, 1365 MHz, 18.12 W, 0x0000000000000001
2026/09/24 13:08:42.497, 824 MiB, 45 %, 51, 1365 MHz, 18.01 W, 0x0000000000000001
2026/09/24 13:08:44.513, 824 MiB, 46 %, 51, 1365 MHz, 18.07 W, 0x0000000000000001
2026/09/24 13:08:46.515, 824 MiB, 41 %, 51, 1380 MHz, 18.13 W, 0x0000000000000001
2026/09/24 13:08:48.528, 824 MiB, 39 %, 51, 1350 MHz, 17.46 W, 0x0000000000000001
2026/09/24 13:08:50.531, 824 MiB, 40 %, 50, 1335 MHz, 17.36 W, 0x0000000000000001
2026/09/24 13:08:52.546, 824 MiB, 31 %, 50, 1470 MHz, 17.01 W, 0x0000000000000001
2026/09/24 13:08:54.547, 824 MiB, 31 %, 51, 1485 MHz, 17.22 W, 0x0000000000000001
2026/09/24 13:08:56.560, 824 MiB, 35 %, 51, 1440 MHz, 16.95 W, 0x0000000000000001
2026/09/24 13:08:58.562, 824 MiB, 34 %, 50, 1485 MHz, 17.28 W, 0x0000000000000001
2026/09/24 13:09:00.577, 824 MiB, 32 %, 51, 1515 MHz, 17.44 W, 0x0000000000000001
2026/09/24 13:09:02.592, 824 MiB, 33 %, 50, 1425 MHz, 17.01 W, 0x0000000000000001
2026/09/24 13:09:04.607, 824 MiB, 32 %, 50, 1485 MHz, 17.15 W, 0x0000000000000001
2026/09/24 13:09:06.609, 824 MiB, 32 %, 50, 1440 MHz, 16.94 W, 0x0000000000000001
2026/09/24 13:09:08.622, 824 MiB, 30 %, 50, 1425 MHz, 16.99 W, 0x0000000000000001
2026/09/24 13:09:10.638, 824 MiB, 30 %, 50, 1515 MHz, 17.24 W, 0x0000000000000001
2026/09/24 13:09:12.654, 824 MiB, 29 %, 50, 1590 MHz, 16.95 W, 0x0000000000000001
2026/09/24 13:09:14.670, 824 MiB, 31 %, 50, 1500 MHz, 16.37 W, 0x0000000000000001
2026/09/24 13:09:16.672, 824 MiB, 33 %, 50, 1470 MHz, 15.61 W, 0x0000000000000001
2026/09/24 13:09:18.687, 824 MiB, 40 %, 50, 1365 MHz, 15.92 W, 0x0000000000000001
2026/09/24 13:09:20.701, 824 MiB, 37 %, 49, 1170 MHz, 13.52 W, 0x0000000000000001
2026/09/24 13:09:22.702, 824 MiB, 35 %, 49, 885 MHz, 13.09 W, 0x0000000000000001
2026/09/24 13:09:24.718, 824 MiB, 36 %, 49, 645 MHz, 10.72 W, 0x0000000000000001
2026/09/24 13:09:26.733, 824 MiB, 52 %, 48, 465 MHz, 9.44 W, 0x0000000000000001
2026/09/24 13:09:28.735, 824 MiB, 45 %, 48, 375 MHz, 9.53 W, 0x0000000000000001
2026/09/24 13:09:30.749, 824 MiB, 37 %, 48, 450 MHz, 9.81 W, 0x0000000000000001
2026/09/24 13:09:32.763, 824 MiB, 58 %, 48, 450 MHz, 9.46 W, 0x0000000000000001
2026/09/24 13:09:34.766, 824 MiB, 37 %, 48, 390 MHz, 9.96 W, 0x0000000000000001
2026/09/24 13:09:36.781, 824 MiB, 44 %, 48, 345 MHz, 9.61 W, 0x0000000000000001
2026/09/24 13:09:38.796, 824 MiB, 56 %, 48, 465 MHz, 9.73 W, 0x0000000000000001
2026/09/24 13:09:40.812, 824 MiB, 70 %, 47, 570 MHz, 9.73 W, 0x0000000000000001
2026/09/24 13:09:42.826, 824 MiB, 48 %, 47, 420 MHz, 10.48 W, 0x0000000000000001
2026/09/24 13:09:44.828, 824 MiB, 60 %, 47, 510 MHz, 9.49 W, 0x0000000000000001
2026/09/24 13:09:46.843, 824 MiB, 62 %, 47, 465 MHz, 9.39 W, 0x0000000000000001
2026/09/24 13:09:48.850, 824 MiB, 54 %, 47, 435 MHz, 9.45 W, 0x0000000000000001
2026/09/24 13:09:50.858, 824 MiB, 81 %, 48, 2130 MHz, 10.37 W, 0x0000000000000001
2026/09/24 13:09:52.871, 824 MiB, 27 %, 49, 1515 MHz, 19.96 W, 0x0000000000000001
2026/09/24 13:09:54.874, 824 MiB, 35 %, 48, 1320 MHz, 14.10 W, 0x0000000000000001
2026/09/24 13:09:56.888, 824 MiB, 35 %, 47, 915 MHz, 12.45 W, 0x0000000000000001
2026/09/24 13:09:58.890, 824 MiB, 50 %, 47, 1080 MHz, 11.72 W, 0x0000000000000001
2026/09/24 13:10:00.905, 824 MiB, 41 %, 47, 825 MHz, 12.12 W, 0x0000000000000001
2026/09/24 13:10:02.913, 824 MiB, 26 %, 47, 720 MHz, 10.41 W, 0x0000000000000001
2026/09/24 13:10:04.919, 824 MiB, 47 %, 47, 420 MHz, 8.45 W, 0x0000000000000001
2026/09/24 13:10:06.932, 824 MiB, 34 %, 46, 645 MHz, 10.55 W, 0x0000000000000001
2026/09/24 13:10:08.934, 824 MiB, 44 %, 46, 525 MHz, 9.25 W, 0x0000000000000001
2026/09/24 13:10:10.936, 824 MiB, 50 %, 46, 375 MHz, 8.98 W, 0x0000000000000001
2026/09/24 13:10:12.947, 824 MiB, 55 %, 46, 330 MHz, 9.52 W, 0x0000000000000001
2026/09/24 13:10:14.958, 824 MiB, 48 %, 46, 450 MHz, 9.83 W, 0x0000000000000001
2026/09/24 13:10:16.970, 824 MiB, 61 %, 46, 360 MHz, 8.88 W, 0x0000000000000001
2026/09/24 13:10:18.974, 824 MiB, 49 %, 46, 855 MHz, 11.53 W, 0x0000000000000001
2026/09/24 13:10:20.980, 824 MiB, 47 %, 46, 1020 MHz, 11.60 W, 0x0000000000000001
2026/09/24 13:10:22.994, 824 MiB, 42 %, 46, 1050 MHz, 11.83 W, 0x0000000000000001
2026/09/24 13:10:25.005, 824 MiB, 50 %, 46, 825 MHz, 11.57 W, 0x0000000000000001
2026/09/24 13:10:27.018, 824 MiB, 42 %, 46, 660 MHz, 10.83 W, 0x0000000000000001
2026/09/24 13:10:29.031, 824 MiB, 50 %, 46, 405 MHz, 9.23 W, 0x0000000000000001
2026/09/24 13:10:31.045, 824 MiB, 39 %, 45, 420 MHz, 9.93 W, 0x0000000000000001
2026/09/24 13:10:33.054, 824 MiB, 50 %, 45, 375 MHz, 7.47 W, 0x0000000000000001
2026/09/24 13:10:35.057, 824 MiB, 45 %, 45, 360 MHz, 7.47 W, 0x0000000000000001
2026/09/24 13:10:37.073, 824 MiB, 49 %, 45, 360 MHz, 7.53 W, 0x0000000000000001
2026/09/24 13:10:39.087, 824 MiB, 45 %, 45, 360 MHz, 7.48 W, 0x0000000000000001
2026/09/24 13:10:41.089, 824 MiB, 45 %, 45, 360 MHz, 7.43 W, 0x0000000000000001
2026/09/24 13:10:43.094, 824 MiB, 45 %, 45, 390 MHz, 7.50 W, 0x0000000000000001
2026/09/24 13:10:45.097, 824 MiB, 50 %, 45, 390 MHz, 7.49 W, 0x0000000000000001
2026/09/24 13:10:47.098, 824 MiB, 50 %, 45, 360 MHz, 8.20 W, 0x0000000000000001
2026/09/24 13:10:49.107, 824 MiB, 48 %, 45, 360 MHz, 7.49 W, 0x0000000000000001
2026/09/24 13:10:51.119, 824 MiB, 45 %, 45, 360 MHz, 7.44 W, 0x0000000000000001
2026/09/24 13:10:53.124, 824 MiB, 55 %, 45, 360 MHz, 7.43 W, 0x0000000000000001
2026/09/24 13:10:55.130, 824 MiB, 35 %, 45, 420 MHz, 9.52 W, 0x0000000000000001
2026/09/24 13:10:57.134, 824 MiB, 49 %, 45, 375 MHz, 7.76 W, 0x0000000000000001
2026/09/24 13:10:59.140, 824 MiB, 44 %, 44, 330 MHz, 7.39 W, 0x0000000000000001
2026/09/24 13:11:01.148, 824 MiB, 45 %, 44, 390 MHz, 7.46 W, 0x0000000000000001
2026/09/24 13:11:03.151, 824 MiB, 51 %, 44, 360 MHz, 7.43 W, 0x0000000000000001
2026/09/24 13:11:05.156, 824 MiB, 56 %, 44, 405 MHz, 7.49 W, 0x0000000000000001
2026/09/24 13:11:07.170, 824 MiB, 47 %, 44, 345 MHz, 7.41 W, 0x0000000000000001
2026/09/24 13:11:09.182, 824 MiB, 51 %, 44, 330 MHz, 7.37 W, 0x0000000000000001
2026/09/24 13:11:11.194, 824 MiB, 37 %, 44, 435 MHz, 9.45 W, 0x0000000000000001
2026/09/24 13:11:13.202, 824 MiB, 50 %, 44, 360 MHz, 7.43 W, 0x0000000000000001
2026/09/24 13:11:15.217, 824 MiB, 48 %, 44, 345 MHz, 10.07 W, 0x0000000000000001
2026/09/24 13:11:17.233, 824 MiB, 32 %, 44, 420 MHz, 9.60 W, 0x0000000000000001
2026/09/24 13:11:19.237, 824 MiB, 50 %, 44, 405 MHz, 7.67 W, 0x0000000000000001
2026/09/24 13:11:21.249, 824 MiB, 33 %, 44, 420 MHz, 9.40 W, 0x0000000000000001
2026/09/24 13:11:23.265, 824 MiB, 45 %, 44, 360 MHz, 7.67 W, 0x0000000000000001
2026/09/24 13:11:25.281, 824 MiB, 45 %, 44, 360 MHz, 7.44 W, 0x0000000000000001
2026/09/24 13:11:27.294, 824 MiB, 31 %, 44, 465 MHz, 8.00 W, 0x0000000000000001
2026/09/24 13:11:29.295, 824 MiB, 49 %, 44, 345 MHz, 9.04 W, 0x0000000000000001
2026/09/24 13:11:31.311, 824 MiB, 49 %, 43, 360 MHz, 7.40 W, 0x0000000000000001
2026/09/24 13:11:33.327, 824 MiB, 44 %, 43, 345 MHz, 7.41 W, 0x0000000000000001
2026/09/24 13:11:35.342, 824 MiB, 37 %, 43, 420 MHz, 9.00 W, 0x0000000000000001
2026/09/24 13:11:37.344, 824 MiB, 51 %, 43, 375 MHz, 8.16 W, 0x0000000000000001
2026/09/24 13:11:39.359, 824 MiB, 47 %, 43, 345 MHz, 7.46 W, 0x0000000000000001
2026/09/24 13:11:41.360, 824 MiB, 34 %, 43, 420 MHz, 8.90 W, 0x0000000000000001
2026/09/24 13:11:43.375, 824 MiB, 48 %, 43, 360 MHz, 8.12 W, 0x0000000000000001
2026/09/24 13:11:45.390, 824 MiB, 50 %, 43, 360 MHz, 7.41 W, 0x0000000000000001
2026/09/24 13:11:47.391, 824 MiB, 45 %, 43, 330 MHz, 7.39 W, 0x0000000000000001
2026/09/24 13:11:49.406, 824 MiB, 37 %, 43, 420 MHz, 9.96 W, 0x0000000000000001
2026/09/24 13:11:51.406, 824 MiB, 51 %, 43, 390 MHz, 7.45 W, 0x0000000000000001
2026/09/24 13:11:53.422, 824 MiB, 49 %, 43, 420 MHz, 7.51 W, 0x0000000000000001
2026/09/24 13:11:55.437, 824 MiB, 52 %, 43, 315 MHz, 9.48 W, 0x0000000000000001
2026/09/24 13:11:57.453, 824 MiB, 38 %, 43, 315 MHz, 7.28 W, 0x0000000000000001
2026/09/24 13:11:59.469, 824 MiB, 50 %, 43, 345 MHz, 7.17 W, 0x0000000000000001
2026/09/24 13:12:01.481, 824 MiB, 43 %, 43, 345 MHz, 7.17 W, 0x0000000000000001
2026/09/24 13:12:03.484, 824 MiB, 49 %, 43, 360 MHz, 7.17 W, 0x0000000000000001
2026/09/24 13:12:05.497, 824 MiB, 44 %, 43, 360 MHz, 7.27 W, 0x0000000000000001
2026/09/24 13:12:07.513, 824 MiB, 46 %, 43, 345 MHz, 7.14 W, 0x0000000000000001
2026/09/24 13:12:09.515, 824 MiB, 52 %, 43, 345 MHz, 7.14 W, 0x0000000000000001
2026/09/24 13:12:11.530, 824 MiB, 48 %, 43, 345 MHz, 7.18 W, 0x0000000000000001
2026/09/24 13:12:13.545, 824 MiB, 36 %, 43, 420 MHz, 9.70 W, 0x0000000000000001
2026/09/24 13:12:15.558, 824 MiB, 46 %, 42, 345 MHz, 7.19 W, 0x0000000000000001
2026/09/24 13:12:17.560, 824 MiB, 50 %, 42, 345 MHz, 7.24 W, 0x0000000000000001
2026/09/24 13:12:19.563, 824 MiB, 48 %, 42, 330 MHz, 7.21 W, 0x0000000000000001
2026/09/24 13:12:21.578, 824 MiB, 47 %, 42, 330 MHz, 7.13 W, 0x0000000000000001
2026/09/24 13:12:23.592, 824 MiB, 47 %, 42, 345 MHz, 7.12 W, 0x0000000000000001
2026/09/24 13:12:25.593, 824 MiB, 48 %, 42, 330 MHz, 7.16 W, 0x0000000000000001
2026/09/24 13:12:27.594, 824 MiB, 48 %, 42, 345 MHz, 7.15 W, 0x0000000000000001
2026/09/24 13:12:29.595, 824 MiB, 50 %, 42, 315 MHz, 7.18 W, 0x0000000000000001
2026/09/24 13:12:31.609, 824 MiB, 51 %, 42, 345 MHz, 7.22 W, 0x0000000000000001
2026/09/24 13:12:33.624, 824 MiB, 49 %, 42, 330 MHz, 7.12 W, 0x0000000000000001
2026/09/24 13:12:35.638, 824 MiB, 45 %, 42, 330 MHz, 7.07 W, 0x0000000000000001
2026/09/24 13:12:37.641, 824 MiB, 44 %, 42, 360 MHz, 7.16 W, 0x0000000000000001
2026/09/24 13:12:39.655, 824 MiB, 48 %, 42, 375 MHz, 7.22 W, 0x0000000000000001
2026/09/24 13:12:41.658, 824 MiB, 48 %, 42, 360 MHz, 7.26 W, 0x0000000000000001
2026/09/24 13:12:43.669, 824 MiB, 43 %, 42, 360 MHz, 7.11 W, 0x0000000000000001
2026/09/24 13:12:45.671, 824 MiB, 49 %, 42, 330 MHz, 7.17 W, 0x0000000000000001
2026/09/24 13:12:47.687, 824 MiB, 45 %, 42, 345 MHz, 7.18 W, 0x0000000000000001
2026/09/24 13:12:49.701, 824 MiB, 49 %, 42, 360 MHz, 7.25 W, 0x0000000000000001
2026/09/24 13:12:51.704, 824 MiB, 50 %, 42, 345 MHz, 7.24 W, 0x0000000000000001
2026/09/24 13:12:53.719, 824 MiB, 43 %, 42, 360 MHz, 7.23 W, 0x0000000000000001
2026/09/24 13:12:55.733, 824 MiB, 52 %, 42, 315 MHz, 7.13 W, 0x0000000000000001
2026/09/24 13:12:57.748, 824 MiB, 50 %, 42, 345 MHz, 7.17 W, 0x0000000000000001
2026/09/24 13:12:59.763, 824 MiB, 50 %, 42, 315 MHz, 7.19 W, 0x0000000000000001
2026/09/24 13:13:01.766, 824 MiB, 45 %, 42, 360 MHz, 7.17 W, 0x0000000000000001
2026/09/24 13:13:03.781, 824 MiB, 47 %, 42, 360 MHz, 7.20 W, 0x0000000000000001
2026/09/24 13:13:05.797, 824 MiB, 51 %, 42, 330 MHz, 7.21 W, 0x0000000000000001
2026/09/24 13:13:07.811, 824 MiB, 50 %, 42, 330 MHz, 7.18 W, 0x0000000000000001
2026/09/24 13:13:09.826, 824 MiB, 49 %, 42, 345 MHz, 7.14 W, 0x0000000000000001
2026/09/24 13:13:11.827, 824 MiB, 48 %, 42, 375 MHz, 7.21 W, 0x0000000000000001
2026/09/24 13:13:13.843, 824 MiB, 46 %, 42, 360 MHz, 7.15 W, 0x0000000000000001
2026/09/24 13:13:15.844, 824 MiB, 48 %, 42, 345 MHz, 7.24 W, 0x0000000000000001
2026/09/24 13:13:17.859, 824 MiB, 49 %, 41, 360 MHz, 7.21 W, 0x0000000000000001
2026/09/24 13:13:19.875, 824 MiB, 49 %, 41, 345 MHz, 7.21 W, 0x0000000000000001
2026/09/24 13:13:21.876, 824 MiB, 50 %, 41, 345 MHz, 7.19 W, 0x0000000000000001
2026/09/24 13:13:23.886, 824 MiB, 51 %, 41, 330 MHz, 7.17 W, 0x0000000000000001
2026/09/24 13:13:25.889, 824 MiB, 42 %, 41, 390 MHz, 7.23 W, 0x0000000000000001
2026/09/24 13:13:27.891, 824 MiB, 42 %, 41, 390 MHz, 7.19 W, 0x0000000000000001
2026/09/24 13:13:29.906, 824 MiB, 52 %, 41, 345 MHz, 7.11 W, 0x0000000000000001
2026/09/24 13:13:31.921, 824 MiB, 50 %, 41, 360 MHz, 7.16 W, 0x0000000000000001
2026/09/24 13:13:33.937, 824 MiB, 46 %, 41, 375 MHz, 7.10 W, 0x0000000000000001
2026/09/24 13:13:35.952, 824 MiB, 48 %, 41, 345 MHz, 7.14 W, 0x0000000000000001
2026/09/24 13:13:37.967, 824 MiB, 49 %, 41, 330 MHz, 7.05 W, 0x0000000000000001
2026/09/24 13:13:39.968, 824 MiB, 47 %, 41, 375 MHz, 7.14 W, 0x0000000000000001
2026/09/24 13:13:41.981, 824 MiB, 45 %, 41, 345 MHz, 7.15 W, 0x0000000000000001
2026/09/24 13:13:43.984, 824 MiB, 51 %, 41, 330 MHz, 7.20 W, 0x0000000000000001
2026/09/24 13:13:45.985, 824 MiB, 51 %, 41, 315 MHz, 7.16 W, 0x0000000000000001
2026/09/24 13:13:48.000, 824 MiB, 47 %, 41, 345 MHz, 7.13 W, 0x0000000000000001
2026/09/24 13:13:50.015, 824 MiB, 40 %, 41, 390 MHz, 7.24 W, 0x0000000000000001
2026/09/24 13:13:52.031, 824 MiB, 43 %, 41, 375 MHz, 7.13 W, 0x0000000000000001
2026/09/24 13:13:54.045, 824 MiB, 44 %, 41, 360 MHz, 7.22 W, 0x0000000000000001
2026/09/24 13:13:56.047, 824 MiB, 43 %, 41, 375 MHz, 7.13 W, 0x0000000000000001
2026/09/24 13:13:58.062, 824 MiB, 45 %, 41, 345 MHz, 7.14 W, 0x0000000000000001
2026/09/24 13:14:00.073, 824 MiB, 47 %, 41, 330 MHz, 7.15 W, 0x0000000000000001
2026/09/24 13:14:02.078, 824 MiB, 49 %, 41, 375 MHz, 7.20 W, 0x0000000000000001
2026/09/24 13:14:04.091, 824 MiB, 45 %, 41, 360 MHz, 7.12 W, 0x0000000000000001
2026/09/24 13:14:06.092, 824 MiB, 47 %, 41, 345 MHz, 7.20 W, 0x0000000000000001
2026/09/24 13:14:08.094, 824 MiB, 49 %, 41, 360 MHz, 7.21 W, 0x0000000000000001
2026/09/24 13:14:10.108, 824 MiB, 46 %, 41, 360 MHz, 7.23 W, 0x0000000000000001
2026/09/24 13:14:12.110, 824 MiB, 30 %, 41, 420 MHz, 7.94 W, 0x0000000000000001
2026/09/24 13:14:14.125, 824 MiB, 53 %, 41, 300 MHz, 8.59 W, 0x0000000000000001
2026/09/24 13:14:16.140, 824 MiB, 49 %, 41, 345 MHz, 7.25 W, 0x0000000000000001
2026/09/24 13:14:18.155, 824 MiB, 47 %, 41, 345 MHz, 7.19 W, 0x0000000000000001
2026/09/24 13:14:20.168, 824 MiB, 48 %, 41, 360 MHz, 7.16 W, 0x0000000000000001
2026/09/24 13:14:22.172, 824 MiB, 48 %, 41, 330 MHz, 7.12 W, 0x0000000000000001
2026/09/24 13:14:24.187, 824 MiB, 49 %, 41, 360 MHz, 7.26 W, 0x0000000000000001
2026/09/24 13:14:26.202, 824 MiB, 43 %, 41, 375 MHz, 7.21 W, 0x0000000000000001
2026/09/24 13:14:28.203, 824 MiB, 49 %, 41, 330 MHz, 7.14 W, 0x0000000000000001
2026/09/24 13:14:30.217, 824 MiB, 43 %, 41, 360 MHz, 7.11 W, 0x0000000000000001
2026/09/24 13:14:32.231, 824 MiB, 46 %, 41, 330 MHz, 7.17 W, 0x0000000000000001
2026/09/24 13:14:34.234, 824 MiB, 47 %, 41, 345 MHz, 7.15 W, 0x0000000000000001
2026/09/24 13:14:36.235, 824 MiB, 50 %, 41, 345 MHz, 7.22 W, 0x0000000000000001
2026/09/24 13:14:38.249, 824 MiB, 44 %, 40, 345 MHz, 7.22 W, 0x0000000000000001
2026/09/24 13:14:40.264, 824 MiB, 45 %, 40, 345 MHz, 7.23 W, 0x0000000000000001
2026/09/24 13:14:42.278, 824 MiB, 45 %, 40, 330 MHz, 7.26 W, 0x0000000000000001
2026/09/24 13:14:44.281, 824 MiB, 45 %, 40, 345 MHz, 7.22 W, 0x0000000000000001
2026/09/24 13:14:46.297, 824 MiB, 47 %, 40, 345 MHz, 7.23 W, 0x0000000000000001
2026/09/24 13:14:48.297, 824 MiB, 52 %, 40, 315 MHz, 7.20 W, 0x0000000000000001
2026/09/24 13:14:50.313, 824 MiB, 50 %, 40, 315 MHz, 7.16 W, 0x0000000000000001
2026/09/24 13:14:52.327, 824 MiB, 46 %, 40, 360 MHz, 7.27 W, 0x0000000000000001
2026/09/24 13:14:54.328, 824 MiB, 52 %, 40, 315 MHz, 7.16 W, 0x0000000000000001
2026/09/24 13:14:56.343, 824 MiB, 47 %, 40, 360 MHz, 7.30 W, 0x0000000000000001
2026/09/24 13:14:58.356, 824 MiB, 51 %, 40, 285 MHz, 7.05 W, 0x0000000000000001
2026/09/24 13:15:00.358, 824 MiB, 49 %, 40, 285 MHz, 7.03 W, 0x0000000000000001
2026/09/24 13:15:02.361, 824 MiB, 47 %, 40, 300 MHz, 7.07 W, 0x0000000000000001
2026/09/24 13:15:04.374, 824 MiB, 49 %, 40, 330 MHz, 7.09 W, 0x0000000000000001
2026/09/24 13:15:06.383, 824 MiB, 50 %, 40, 315 MHz, 7.05 W, 0x0000000000000001
2026/09/24 13:15:08.386, 824 MiB, 48 %, 40, 300 MHz, 7.00 W, 0x0000000000000001
2026/09/24 13:15:10.389, 824 MiB, 48 %, 40, 300 MHz, 7.02 W, 0x0000000000000001
2026/09/24 13:15:12.391, 824 MiB, 30 %, 40, 435 MHz, 7.93 W, 0x0000000000000001
2026/09/24 13:15:14.403, 824 MiB, 46 %, 40, 315 MHz, 8.41 W, 0x0000000000000001
2026/09/24 13:15:16.406, 824 MiB, 47 %, 40, 315 MHz, 7.01 W, 0x0000000000000001
2026/09/24 13:15:18.419, 824 MiB, 47 %, 40, 315 MHz, 7.02 W, 0x0000000000000001
2026/09/24 13:15:20.434, 824 MiB, 44 %, 40, 315 MHz, 7.09 W, 0x0000000000000001
2026/09/24 13:15:22.436, 824 MiB, 44 %, 40, 315 MHz, 7.01 W, 0x0000000000000001
2026/09/24 13:15:24.448, 824 MiB, 48 %, 40, 300 MHz, 7.01 W, 0x0000000000000001
2026/09/24 13:15:26.451, 824 MiB, 48 %, 40, 300 MHz, 6.98 W, 0x0000000000000001
2026/09/24 13:15:28.453, 824 MiB, 48 %, 40, 300 MHz, 7.06 W, 0x0000000000000001
2026/09/24 13:15:30.456, 824 MiB, 51 %, 40, 300 MHz, 7.05 W, 0x0000000000000001
2026/09/24 13:15:32.466, 824 MiB, 52 %, 40, 285 MHz, 6.98 W, 0x0000000000000001
2026/09/24 13:15:34.469, 824 MiB, 44 %, 40, 315 MHz, 7.08 W, 0x0000000000000001
2026/09/24 13:15:36.485, 824 MiB, 49 %, 40, 315 MHz, 7.01 W, 0x0000000000000001
2026/09/24 13:15:38.500, 824 MiB, 52 %, 40, 300 MHz, 7.04 W, 0x0000000000000001
2026/09/24 13:15:40.502, 824 MiB, 51 %, 40, 300 MHz, 7.03 W, 0x0000000000000001
2026/09/24 13:15:42.504, 824 MiB, 48 %, 40, 300 MHz, 7.03 W, 0x0000000000000001
2026/09/24 13:15:44.507, 824 MiB, 47 %, 40, 315 MHz, 7.02 W, 0x0000000000000001
2026/09/24 13:15:46.510, 824 MiB, 62 %, 40, 315 MHz, 7.02 W, 0x0000000000000001
2026/09/24 13:15:48.520, 824 MiB, 48 %, 40, 300 MHz, 6.96 W, 0x0000000000000001
2026/09/24 13:15:50.531, 824 MiB, 54 %, 40, 285 MHz, 7.05 W, 0x0000000000000001
2026/09/24 13:15:52.546, 824 MiB, 48 %, 40, 345 MHz, 7.07 W, 0x0000000000000001
2026/09/24 13:15:54.557, 824 MiB, 46 %, 40, 300 MHz, 6.97 W, 0x0000000000000001
2026/09/24 13:15:56.566, 824 MiB, 49 %, 40, 315 MHz, 7.10 W, 0x0000000000000001
2026/09/24 13:15:58.582, 824 MiB, 51 %, 40, 285 MHz, 7.01 W, 0x0000000000000001
2026/09/24 13:16:00.593, 728 MiB, 0 %, 41, 2130 MHz, 16.62 W, 0x0000000000000000
2026/09/24 13:16:02.598, 728 MiB, 73 %, 52, 2370 MHz, 62.12 W, 0x0000000000000004
2026/09/24 13:16:04.610, 728 MiB, 6 %, 48, 2475 MHz, 62.47 W, 0x0000000000000000
2026/09/24 13:16:06.613, 440 MiB, 12 %, 44, 2130 MHz, 18.11 W, 0x0000000000000000
2026/09/24 13:16:08.626, 568 MiB, 65 %, 54, 2475 MHz, 59.61 W, 0x0000000000000000
2026/09/24 13:16:10.639, 568 MiB, 67 %, 55, 2475 MHz, 62.18 W, 0x0000000000000000
2026/09/24 13:16:12.642, 568 MiB, 66 %, 57, 2475 MHz, 61.90 W, 0x0000000000000000
2026/09/24 13:16:14.655, 568 MiB, 66 %, 57, 2475 MHz, 62.22 W, 0x0000000000000000
2026/09/24 13:16:16.658, 568 MiB, 68 %, 57, 2475 MHz, 57.94 W, 0x0000000000000000
2026/09/24 13:16:18.671, 568 MiB, 68 %, 58, 2475 MHz, 63.34 W, 0x0000000000000000
2026/09/24 13:16:20.680, 568 MiB, 68 %, 59, 2475 MHz, 60.29 W, 0x0000000000000000
2026/09/24 13:16:22.688, 568 MiB, 68 %, 60, 2460 MHz, 63.93 W, 0x0000000000000000
2026/09/24 13:16:24.698, 568 MiB, 66 %, 61, 2460 MHz, 63.96 W, 0x0000000000000000
2026/09/24 13:16:26.708, 568 MiB, 67 %, 62, 2460 MHz, 64.48 W, 0x0000000000000000
2026/09/24 13:16:28.719, 568 MiB, 65 %, 62, 2460 MHz, 64.08 W, 0x0000000000000000
2026/09/24 13:16:30.730, 568 MiB, 67 %, 63, 2460 MHz, 64.54 W, 0x0000000000000000
2026/09/24 13:16:32.735, 568 MiB, 61 %, 63, 2460 MHz, 64.55 W, 0x0000000000000000
2026/09/24 13:16:34.749, 568 MiB, 62 %, 63, 2460 MHz, 60.95 W, 0x0000000000000000
2026/09/24 13:16:36.764, 568 MiB, 61 %, 63, 2460 MHz, 61.08 W, 0x0000000000000000
2026/09/24 13:16:38.770, 568 MiB, 60 %, 64, 2460 MHz, 61.00 W, 0x0000000000000000
2026/09/24 13:16:40.779, 568 MiB, 68 %, 66, 2460 MHz, 65.05 W, 0x0000000000000000
2026/09/24 13:16:42.782, 568 MiB, 68 %, 66, 2460 MHz, 64.93 W, 0x0000000000000004
2026/09/24 13:16:44.786, 568 MiB, 68 %, 66, 2460 MHz, 65.33 W, 0x0000000000000000
2026/09/24 13:16:46.796, 568 MiB, 66 %, 67, 2460 MHz, 65.66 W, 0x0000000000000004
2026/09/24 13:16:48.812, 568 MiB, 67 %, 67, 2460 MHz, 65.94 W, 0x0000000000000000
2026/09/24 13:16:50.812, 568 MiB, 68 %, 68, 2460 MHz, 65.58 W, 0x0000000000000000
2026/09/24 13:16:52.821, 568 MiB, 67 %, 69, 2460 MHz, 66.02 W, 0x0000000000000004
2026/09/24 13:16:54.829, 568 MiB, 67 %, 69, 2460 MHz, 65.95 W, 0x0000000000000004
2026/09/24 13:16:56.831, 568 MiB, 67 %, 70, 2460 MHz, 66.27 W, 0x0000000000000000
2026/09/24 13:16:58.843, 568 MiB, 65 %, 70, 2460 MHz, 65.90 W, 0x0000000000000000
2026/09/24 13:17:00.852, 568 MiB, 68 %, 70, 2460 MHz, 66.42 W, 0x0000000000000004
2026/09/24 13:17:02.858, 568 MiB, 66 %, 70, 2460 MHz, 65.86 W, 0x0000000000000004
2026/09/24 13:17:04.863, 568 MiB, 66 %, 71, 2460 MHz, 66.56 W, 0x0000000000000004
2026/09/24 13:17:06.872, 568 MiB, 66 %, 71, 2460 MHz, 66.63 W, 0x0000000000000004
2026/09/24 13:17:08.877, 568 MiB, 68 %, 71, 2445 MHz, 66.86 W, 0x0000000000000004
2026/09/24 13:17:10.891, 568 MiB, 66 %, 72, 2460 MHz, 66.31 W, 0x0000000000000000
2026/09/24 13:17:12.902, 568 MiB, 68 %, 72, 2460 MHz, 66.55 W, 0x0000000000000004
2026/09/24 13:17:14.912, 568 MiB, 44 %, 69, 2460 MHz, 52.15 W, 0x0000000000000000
2026/09/24 13:17:16.921, 568 MiB, 41 %, 69, 2460 MHz, 46.27 W, 0x0000000000000000
2026/09/24 13:17:18.932, 568 MiB, 40 %, 66, 2460 MHz, 45.43 W, 0x0000000000000000
2026/09/24 13:17:20.938, 568 MiB, 38 %, 68, 2460 MHz, 44.54 W, 0x0000000000000000
2026/09/24 13:17:22.953, 568 MiB, 37 %, 68, 2460 MHz, 43.84 W, 0x0000000000000000
2026/09/24 13:17:24.968, 568 MiB, 40 %, 64, 2235 MHz, 38.43 W, 0x0000000000000001
2026/09/24 13:17:26.982, 568 MiB, 35 %, 67, 2460 MHz, 44.06 W, 0x0000000000000000
2026/09/24 13:17:28.990, 568 MiB, 35 %, 68, 2460 MHz, 44.33 W, 0x0000000000000000
2026/09/24 13:17:30.995, 568 MiB, 32 %, 65, 2460 MHz, 45.41 W, 0x0000000000000000
2026/09/24 13:17:33.000, 568 MiB, 42 %, 66, 2460 MHz, 45.05 W, 0x0000000000000000
2026/09/24 13:17:35.014, 568 MiB, 32 %, 66, 2460 MHz, 44.05 W, 0x0000000000000000
2026/09/24 13:17:37.029, 568 MiB, 33 %, 67, 2295 MHz, 42.79 W, 0x0000000000000001
2026/09/24 13:17:39.042, 568 MiB, 34 %, 67, 2430 MHz, 43.00 W, 0x0000000000000001
2026/09/24 13:17:41.054, 568 MiB, 36 %, 66, 2370 MHz, 40.81 W, 0x0000000000000001
2026/09/24 13:17:43.059, 568 MiB, 40 %, 65, 2460 MHz, 43.99 W, 0x0000000000000000
2026/09/24 13:17:45.062, 568 MiB, 36 %, 65, 2460 MHz, 44.46 W, 0x0000000000000000
2026/09/24 13:17:47.070, 568 MiB, 39 %, 65, 2325 MHz, 40.17 W, 0x0000000000000001
2026/09/24 13:17:49.076, 568 MiB, 38 %, 65, 2220 MHz, 39.00 W, 0x0000000000000001
2026/09/24 13:17:51.088, 568 MiB, 37 %, 66, 2460 MHz, 44.69 W, 0x0000000000000000
2026/09/24 13:17:53.092, 568 MiB, 44 %, 65, 2340 MHz, 39.72 W, 0x0000000000000001
2026/09/24 13:17:55.093, 568 MiB, 41 %, 64, 2340 MHz, 40.67 W, 0x0000000000000001
2026/09/24 13:17:57.094, 568 MiB, 38 %, 64, 2190 MHz, 36.43 W, 0x0000000000000001
2026/09/24 13:17:59.109, 568 MiB, 32 %, 66, 2460 MHz, 45.87 W, 0x0000000000000000
2026/09/24 13:18:01.123, 568 MiB, 35 %, 65, 2460 MHz, 46.42 W, 0x0000000000000000
2026/09/24 13:18:03.127, 568 MiB, 42 %, 65, 2460 MHz, 47.27 W, 0x0000000000000000
2026/09/24 13:18:05.139, 568 MiB, 38 %, 66, 2355 MHz, 43.67 W, 0x0000000000000001
2026/09/24 13:18:07.145, 568 MiB, 35 %, 66, 2460 MHz, 44.88 W, 0x0000000000000000
2026/09/24 13:18:09.156, 568 MiB, 40 %, 65, 2460 MHz, 44.83 W, 0x0000000000000000
2026/09/24 13:18:11.172, 568 MiB, 52 %, 67, 2460 MHz, 45.75 W, 0x0000000000000000
2026/09/24 13:18:13.172, 568 MiB, 32 %, 65, 2460 MHz, 44.16 W, 0x0000000000000000
2026/09/24 13:18:15.183, 568 MiB, 37 %, 66, 2310 MHz, 42.86 W, 0x0000000000000001
2026/09/24 13:18:17.192, 568 MiB, 33 %, 65, 2355 MHz, 40.54 W, 0x0000000000000001
2026/09/24 13:18:19.202, 568 MiB, 42 %, 66, 2460 MHz, 46.91 W, 0x0000000000000000
2026/09/24 13:18:21.204, 568 MiB, 36 %, 67, 2460 MHz, 44.83 W, 0x0000000000000000
2026/09/24 13:18:23.214, 568 MiB, 41 %, 65, 2205 MHz, 37.35 W, 0x0000000000000001
2026/09/24 13:18:25.215, 568 MiB, 40 %, 65, 2250 MHz, 34.46 W, 0x0000000000000001
2026/09/24 13:18:27.219, 568 MiB, 46 %, 65, 2220 MHz, 37.54 W, 0x0000000000000001
2026/09/24 13:18:29.233, 568 MiB, 41 %, 66, 2460 MHz, 46.21 W, 0x0000000000000000
2026/09/24 13:18:31.234, 568 MiB, 37 %, 67, 2460 MHz, 45.65 W, 0x0000000000000000
2026/09/24 13:18:33.237, 568 MiB, 41 %, 68, 2460 MHz, 45.67 W, 0x0000000000000000
2026/09/24 13:18:35.240, 568 MiB, 34 %, 67, 2460 MHz, 44.12 W, 0x0000000000000000
2026/09/24 13:18:37.245, 568 MiB, 33 %, 65, 2460 MHz, 44.46 W, 0x0000000000000000
2026/09/24 13:18:39.248, 568 MiB, 34 %, 65, 2340 MHz, 40.49 W, 0x0000000000000001
2026/09/24 13:18:41.253, 568 MiB, 32 %, 66, 2460 MHz, 43.82 W, 0x0000000000000000
2026/09/24 13:18:43.261, 568 MiB, 33 %, 65, 2280 MHz, 37.90 W, 0x0000000000000001
2026/09/24 13:18:45.269, 568 MiB, 39 %, 65, 2145 MHz, 34.82 W, 0x0000000000000001
2026/09/24 13:18:47.275, 568 MiB, 34 %, 64, 2145 MHz, 34.74 W, 0x0000000000000001
2026/09/24 13:18:49.282, 568 MiB, 32 %, 64, 2280 MHz, 37.81 W, 0x0000000000000001
2026/09/24 13:18:51.292, 824 MiB, 36 %, 64, 2145 MHz, 32.97 W, 0x0000000000000001
2026/09/24 13:18:53.296, 824 MiB, 37 %, 64, 2160 MHz, 34.34 W, 0x0000000000000001
2026/09/24 13:18:55.307, 824 MiB, 36 %, 64, 2115 MHz, 37.25 W, 0x0000000000000001
2026/09/24 13:18:57.308, 824 MiB, 39 %, 65, 2235 MHz, 36.85 W, 0x0000000000000001
2026/09/24 13:18:59.317, 824 MiB, 42 %, 63, 2175 MHz, 35.44 W, 0x0000000000000001
2026/09/24 13:19:01.327, 824 MiB, 40 %, 65, 2205 MHz, 36.10 W, 0x0000000000000001
2026/09/24 13:19:03.330, 824 MiB, 41 %, 63, 2265 MHz, 35.96 W, 0x0000000000000001
2026/09/24 13:19:05.336, 824 MiB, 31 %, 65, 2415 MHz, 42.76 W, 0x0000000000000001
2026/09/24 13:19:07.337, 824 MiB, 41 %, 67, 2460 MHz, 45.52 W, 0x0000000000000000
2026/09/24 13:19:09.339, 824 MiB, 34 %, 65, 2460 MHz, 45.73 W, 0x0000000000000000
2026/09/24 13:19:11.343, 824 MiB, 37 %, 65, 2460 MHz, 43.89 W, 0x0000000000000000
2026/09/24 13:19:13.346, 824 MiB, 43 %, 67, 2460 MHz, 46.05 W, 0x0000000000000000
2026/09/24 13:19:15.354, 824 MiB, 31 %, 65, 2460 MHz, 44.99 W, 0x0000000000000000
2026/09/24 13:19:17.358, 824 MiB, 45 %, 66, 2445 MHz, 38.56 W, 0x0000000000000001
2026/09/24 13:19:19.360, 824 MiB, 38 %, 66, 2460 MHz, 44.75 W, 0x0000000000000000
2026/09/24 13:19:21.372, 824 MiB, 34 %, 66, 2460 MHz, 40.76 W, 0x0000000000000000
2026/09/24 13:19:23.376, 824 MiB, 33 %, 65, 2460 MHz, 41.91 W, 0x0000000000000000
2026/09/24 13:19:25.379, 824 MiB, 38 %, 67, 2460 MHz, 44.88 W, 0x0000000000000000
2026/09/24 13:19:27.388, 824 MiB, 41 %, 68, 2460 MHz, 46.09 W, 0x0000000000000000
2026/09/24 13:19:29.391, 824 MiB, 32 %, 66, 2460 MHz, 45.40 W, 0x0000000000000000
2026/09/24 13:19:31.392, 824 MiB, 35 %, 68, 2460 MHz, 46.09 W, 0x0000000000000000
2026/09/24 13:19:33.405, 824 MiB, 33 %, 68, 2460 MHz, 45.78 W, 0x0000000000000000
2026/09/24 13:19:35.411, 824 MiB, 42 %, 68, 2460 MHz, 45.80 W, 0x0000000000000000
2026/09/24 13:19:37.416, 824 MiB, 36 %, 69, 2460 MHz, 45.57 W, 0x0000000000000000
2026/09/24 13:19:39.425, 824 MiB, 43 %, 68, 2460 MHz, 46.50 W, 0x0000000000000000
2026/09/24 13:19:41.430, 824 MiB, 35 %, 67, 2325 MHz, 45.07 W, 0x0000000000000000
2026/09/24 13:19:43.436, 824 MiB, 36 %, 68, 2340 MHz, 40.74 W, 0x0000000000000001
2026/09/24 13:19:45.452, 824 MiB, 36 %, 68, 2460 MHz, 45.04 W, 0x0000000000000000
2026/09/24 13:19:47.461, 824 MiB, 37 %, 67, 2460 MHz, 45.80 W, 0x0000000000000000
2026/09/24 13:19:49.469, 824 MiB, 32 %, 68, 2400 MHz, 44.55 W, 0x0000000000000001
2026/09/24 13:19:51.484, 824 MiB, 38 %, 68, 2370 MHz, 44.05 W, 0x0000000000000001
2026/09/24 13:19:53.490, 824 MiB, 37 %, 69, 2460 MHz, 45.04 W, 0x0000000000000000
2026/09/24 13:19:55.503, 824 MiB, 39 %, 68, 2460 MHz, 45.86 W, 0x0000000000000000
2026/09/24 13:19:57.513, 824 MiB, 37 %, 68, 2460 MHz, 43.78 W, 0x0000000000000000
2026/09/24 13:19:59.528, 824 MiB, 36 %, 68, 2430 MHz, 43.29 W, 0x0000000000000001
2026/09/24 13:20:01.531, 824 MiB, 48 %, 67, 2460 MHz, 46.24 W, 0x0000000000000000
2026/09/24 13:20:03.546, 824 MiB, 31 %, 68, 2460 MHz, 45.91 W, 0x0000000000000000
2026/09/24 13:20:05.555, 824 MiB, 36 %, 69, 2385 MHz, 45.24 W, 0x0000000000000000
2026/09/24 13:20:07.560, 824 MiB, 41 %, 69, 2460 MHz, 45.47 W, 0x0000000000000000
2026/09/24 13:20:09.574, 824 MiB, 41 %, 68, 2460 MHz, 46.60 W, 0x0000000000000000
2026/09/24 13:20:11.578, 824 MiB, 42 %, 69, 2460 MHz, 45.57 W, 0x0000000000000000
2026/09/24 13:20:13.579, 824 MiB, 35 %, 69, 2460 MHz, 46.50 W, 0x0000000000000000
2026/09/24 13:20:15.589, 824 MiB, 39 %, 68, 2460 MHz, 44.61 W, 0x0000000000000000
2026/09/24 13:20:17.593, 824 MiB, 37 %, 66, 2190 MHz, 36.95 W, 0x0000000000000001
2026/09/24 13:20:19.607, 824 MiB, 44 %, 66, 2145 MHz, 35.69 W, 0x0000000000000001
2026/09/24 13:20:21.608, 824 MiB, 40 %, 68, 2265 MHz, 38.01 W, 0x0000000000000001
2026/09/24 13:20:23.609, 824 MiB, 33 %, 67, 2265 MHz, 37.17 W, 0x0000000000000001
2026/09/24 13:20:25.625, 824 MiB, 36 %, 66, 2175 MHz, 35.17 W, 0x0000000000000001
2026/09/24 13:20:27.638, 824 MiB, 37 %, 66, 2250 MHz, 36.04 W, 0x0000000000000001
2026/09/24 13:20:29.654, 824 MiB, 43 %, 66, 2100 MHz, 35.88 W, 0x0000000000000001
2026/09/24 13:20:31.655, 824 MiB, 34 %, 65, 2100 MHz, 32.89 W, 0x0000000000000001
2026/09/24 13:20:33.657, 824 MiB, 39 %, 67, 2295 MHz, 37.89 W, 0x0000000000000001
2026/09/24 13:20:35.657, 824 MiB, 33 %, 65, 2130 MHz, 35.17 W, 0x0000000000000001
2026/09/24 13:20:37.671, 824 MiB, 39 %, 66, 2250 MHz, 37.05 W, 0x0000000000000001
2026/09/24 13:20:39.686, 824 MiB, 33 %, 65, 2190 MHz, 31.94 W, 0x0000000000000001
2026/09/24 13:20:41.687, 824 MiB, 31 %, 67, 2325 MHz, 37.64 W, 0x0000000000000001
2026/09/24 13:20:43.702, 824 MiB, 36 %, 66, 2400 MHz, 41.38 W, 0x0000000000000001
2026/09/24 13:20:45.717, 824 MiB, 39 %, 66, 2190 MHz, 38.37 W, 0x0000000000000001
2026/09/24 13:20:47.733, 824 MiB, 37 %, 67, 2265 MHz, 37.37 W, 0x0000000000000001
2026/09/24 13:20:49.734, 824 MiB, 39 %, 66, 2070 MHz, 33.07 W, 0x0000000000000001
2026/09/24 13:20:51.750, 824 MiB, 36 %, 67, 2310 MHz, 36.58 W, 0x0000000000000001
2026/09/24 13:20:53.765, 824 MiB, 35 %, 66, 2220 MHz, 37.38 W, 0x0000000000000001
2026/09/24 13:20:55.780, 824 MiB, 36 %, 65, 2085 MHz, 33.21 W, 0x0000000000000001
2026/09/24 13:20:57.781, 824 MiB, 38 %, 65, 2085 MHz, 32.17 W, 0x0000000000000001
2026/09/24 13:20:59.795, 824 MiB, 39 %, 65, 2295 MHz, 36.22 W, 0x0000000000000001
2026/09/24 13:21:01.797, 824 MiB, 33 %, 66, 2220 MHz, 33.67 W, 0x0000000000000001
2026/09/24 13:21:03.813, 824 MiB, 44 %, 64, 2085 MHz, 34.75 W, 0x0000000000000001
2026/09/24 13:21:05.827, 824 MiB, 36 %, 65, 2025 MHz, 31.27 W, 0x0000000000000001
2026/09/24 13:21:07.828, 824 MiB, 38 %, 64, 1950 MHz, 30.28 W, 0x0000000000000001
2026/09/24 13:21:09.843, 824 MiB, 37 %, 64, 1995 MHz, 30.80 W, 0x0000000000000001
2026/09/24 13:21:11.845, 824 MiB, 44 %, 63, 2010 MHz, 30.80 W, 0x0000000000000001
2026/09/24 13:21:13.860, 824 MiB, 56 %, 68, 2460 MHz, 41.84 W, 0x0000000000000000
2026/09/24 13:21:15.875, 824 MiB, 60 %, 68, 2460 MHz, 56.61 W, 0x0000000000000000
2026/09/24 13:21:17.888, 824 MiB, 41 %, 68, 2460 MHz, 50.65 W, 0x0000000000000000
2026/09/24 13:21:19.890, 824 MiB, 42 %, 70, 2460 MHz, 54.42 W, 0x0000000000000000
2026/09/24 13:21:21.891, 824 MiB, 49 %, 70, 2460 MHz, 54.55 W, 0x0000000000000000
2026/09/24 13:21:23.906, 824 MiB, 59 %, 71, 2460 MHz, 54.46 W, 0x0000000000000000
2026/09/24 13:21:25.908, 824 MiB, 59 %, 70, 2460 MHz, 55.13 W, 0x0000000000000000
2026/09/24 13:21:27.922, 824 MiB, 59 %, 71, 2460 MHz, 57.09 W, 0x0000000000000000
2026/09/24 13:21:29.929, 824 MiB, 52 %, 71, 2460 MHz, 55.59 W, 0x0000000000000000
2026/09/24 13:21:31.933, 824 MiB, 53 %, 69, 2460 MHz, 55.10 W, 0x0000000000000000
2026/09/24 13:21:33.935, 824 MiB, 46 %, 72, 2460 MHz, 55.19 W, 0x0000000000000000
2026/09/24 13:21:35.939, 824 MiB, 54 %, 71, 2460 MHz, 54.14 W, 0x0000000000000000
2026/09/24 13:21:37.941, 824 MiB, 50 %, 72, 2460 MHz, 55.24 W, 0x0000000000000000
2026/09/24 13:21:39.949, 824 MiB, 59 %, 70, 2460 MHz, 56.59 W, 0x0000000000000000
2026/09/24 13:21:41.952, 824 MiB, 42 %, 70, 2460 MHz, 51.67 W, 0x0000000000000000
2026/09/24 13:21:43.965, 824 MiB, 43 %, 71, 2460 MHz, 51.55 W, 0x0000000000000000
2026/09/24 13:21:45.967, 824 MiB, 42 %, 72, 2460 MHz, 52.26 W, 0x0000000000000000
2026/09/24 13:21:47.972, 824 MiB, 59 %, 72, 2460 MHz, 53.26 W, 0x0000000000000000
2026/09/24 13:21:49.984, 824 MiB, 57 %, 73, 2460 MHz, 50.35 W, 0x0000000000000000
2026/09/24 13:21:51.987, 824 MiB, 56 %, 73, 2460 MHz, 55.02 W, 0x0000000000000000
2026/09/24 13:21:53.995, 824 MiB, 52 %, 73, 2460 MHz, 56.28 W, 0x0000000000000000
2026/09/24 13:21:55.997, 824 MiB, 60 %, 73, 2460 MHz, 56.92 W, 0x0000000000000000
2026/09/24 13:21:58.000, 824 MiB, 55 %, 71, 2460 MHz, 52.97 W, 0x0000000000000000
2026/09/24 13:22:00.002, 824 MiB, 58 %, 74, 2460 MHz, 58.35 W, 0x0000000000000000
2026/09/24 13:22:02.007, 824 MiB, 45 %, 74, 2460 MHz, 55.32 W, 0x0000000000000000
2026/09/24 13:22:04.014, 824 MiB, 52 %, 73, 2460 MHz, 55.16 W, 0x0000000000000000
2026/09/24 13:22:06.015, 824 MiB, 49 %, 73, 2460 MHz, 57.00 W, 0x0000000000000000
2026/09/24 13:22:08.029, 824 MiB, 56 %, 74, 2460 MHz, 56.31 W, 0x0000000000000000
2026/09/24 13:22:10.031, 824 MiB, 53 %, 74, 2460 MHz, 55.57 W, 0x0000000000000000
2026/09/24 13:22:12.044, 824 MiB, 54 %, 74, 2460 MHz, 57.12 W, 0x0000000000000000
2026/09/24 13:22:14.047, 824 MiB, 46 %, 72, 2460 MHz, 55.11 W, 0x0000000000000000
2026/09/24 13:22:16.057, 824 MiB, 37 %, 74, 2460 MHz, 54.67 W, 0x0000000000000000
2026/09/24 13:22:18.068, 824 MiB, 55 %, 73, 2460 MHz, 56.31 W, 0x0000000000000000
2026/09/24 13:22:20.076, 824 MiB, 56 %, 73, 2460 MHz, 52.12 W, 0x0000000000000000
2026/09/24 13:22:22.092, 824 MiB, 57 %, 74, 2460 MHz, 55.06 W, 0x0000000000000000
2026/09/24 13:22:24.101, 824 MiB, 44 %, 73, 2460 MHz, 51.47 W, 0x0000000000000000
2026/09/24 13:22:26.107, 824 MiB, 54 %, 73, 2460 MHz, 49.89 W, 0x0000000000000000
2026/09/24 13:22:28.116, 824 MiB, 48 %, 73, 2460 MHz, 49.95 W, 0x0000000000000000
2026/09/24 13:22:30.122, 824 MiB, 51 %, 72, 2460 MHz, 49.14 W, 0x0000000000000000
2026/09/24 13:22:32.124, 824 MiB, 43 %, 73, 2460 MHz, 48.53 W, 0x0000000000000000
2026/09/24 13:22:34.134, 824 MiB, 53 %, 72, 2460 MHz, 48.18 W, 0x0000000000000000
2026/09/24 13:22:36.143, 824 MiB, 54 %, 72, 2460 MHz, 48.22 W, 0x0000000000000000
2026/09/24 13:22:38.150, 824 MiB, 43 %, 72, 2460 MHz, 48.86 W, 0x0000000000000000
2026/09/24 13:22:40.164, 824 MiB, 38 %, 71, 2460 MHz, 48.32 W, 0x0000000000000000
2026/09/24 13:22:42.167, 824 MiB, 47 %, 72, 2460 MHz, 50.22 W, 0x0000000000000000
2026/09/24 13:22:44.170, 824 MiB, 49 %, 71, 2460 MHz, 49.79 W, 0x0000000000000000
2026/09/24 13:22:46.173, 824 MiB, 43 %, 73, 2460 MHz, 49.34 W, 0x0000000000000000
2026/09/24 13:22:48.176, 824 MiB, 46 %, 72, 2460 MHz, 49.96 W, 0x0000000000000000
2026/09/24 13:22:50.179, 824 MiB, 52 %, 72, 2460 MHz, 49.29 W, 0x0000000000000000
2026/09/24 13:22:52.187, 824 MiB, 49 %, 73, 2460 MHz, 51.53 W, 0x0000000000000000
2026/09/24 13:22:54.201, 824 MiB, 33 %, 71, 2460 MHz, 49.99 W, 0x0000000000000000
2026/09/24 13:22:56.204, 824 MiB, 36 %, 71, 2460 MHz, 50.63 W, 0x0000000000000000
2026/09/24 13:22:58.215, 824 MiB, 42 %, 72, 2460 MHz, 53.54 W, 0x0000000000000000
2026/09/24 13:23:00.219, 824 MiB, 42 %, 72, 2460 MHz, 49.17 W, 0x0000000000000000
2026/09/24 13:23:02.233, 824 MiB, 49 %, 73, 2460 MHz, 53.42 W, 0x0000000000000000
2026/09/24 13:23:04.241, 824 MiB, 53 %, 72, 2460 MHz, 51.84 W, 0x0000000000000000
2026/09/24 13:23:06.251, 824 MiB, 52 %, 73, 2460 MHz, 54.03 W, 0x0000000000000000
2026/09/24 13:23:08.259, 824 MiB, 45 %, 72, 2460 MHz, 51.43 W, 0x0000000000000000
2026/09/24 13:23:10.264, 824 MiB, 53 %, 73, 2460 MHz, 52.90 W, 0x0000000000000000
2026/09/24 13:23:12.271, 824 MiB, 36 %, 72, 2460 MHz, 48.55 W, 0x0000000000000000
2026/09/24 13:23:14.276, 824 MiB, 46 %, 73, 2460 MHz, 49.87 W, 0x0000000000000000
2026/09/24 13:23:16.291, 824 MiB, 46 %, 71, 2460 MHz, 48.89 W, 0x0000000000000000
2026/09/24 13:23:18.293, 824 MiB, 49 %, 73, 2460 MHz, 52.71 W, 0x0000000000000000
2026/09/24 13:23:20.299, 824 MiB, 55 %, 73, 2460 MHz, 53.76 W, 0x0000000000000000
2026/09/24 13:23:22.310, 824 MiB, 50 %, 74, 2460 MHz, 54.06 W, 0x0000000000000000
2026/09/24 13:23:24.319, 824 MiB, 36 %, 72, 2460 MHz, 50.31 W, 0x0000000000000000
2026/09/24 13:23:26.330, 824 MiB, 46 %, 74, 2460 MHz, 51.14 W, 0x0000000000000000
2026/09/24 13:23:28.345, 824 MiB, 47 %, 72, 2460 MHz, 50.90 W, 0x0000000000000000
2026/09/24 13:23:30.356, 824 MiB, 50 %, 73, 2460 MHz, 50.85 W, 0x0000000000000000
2026/09/24 13:23:32.360, 824 MiB, 49 %, 74, 2460 MHz, 51.54 W, 0x0000000000000000
2026/09/24 13:23:34.362, 824 MiB, 40 %, 73, 2460 MHz, 47.34 W, 0x0000000000000000
2026/09/24 13:23:36.366, 824 MiB, 37 %, 72, 2460 MHz, 50.08 W, 0x0000000000000000
2026/09/24 13:23:38.367, 824 MiB, 48 %, 71, 2460 MHz, 46.73 W, 0x0000000000000000
2026/09/24 13:23:40.379, 824 MiB, 42 %, 71, 2460 MHz, 51.39 W, 0x0000000000000000
2026/09/24 13:23:42.386, 824 MiB, 44 %, 73, 2460 MHz, 49.72 W, 0x0000000000000000
2026/09/24 13:23:44.399, 824 MiB, 36 %, 71, 2460 MHz, 48.05 W, 0x0000000000000000
2026/09/24 13:23:46.404, 824 MiB, 50 %, 73, 2460 MHz, 51.58 W, 0x0000000000000000
2026/09/24 13:23:48.417, 824 MiB, 41 %, 72, 2460 MHz, 46.90 W, 0x0000000000000000
2026/09/24 13:23:50.424, 824 MiB, 50 %, 72, 2460 MHz, 49.07 W, 0x0000000000000000
2026/09/24 13:23:52.425, 824 MiB, 40 %, 71, 2460 MHz, 47.05 W, 0x0000000000000000
2026/09/24 13:23:54.438, 824 MiB, 38 %, 72, 2460 MHz, 46.97 W, 0x0000000000000000
2026/09/24 13:23:56.440, 824 MiB, 49 %, 72, 2460 MHz, 45.41 W, 0x0000000000000000
2026/09/24 13:23:58.449, 824 MiB, 44 %, 72, 2460 MHz, 47.07 W, 0x0000000000000000
2026/09/24 13:24:00.458, 824 MiB, 36 %, 72, 2460 MHz, 47.35 W, 0x0000000000000000
2026/09/24 13:24:02.470, 824 MiB, 36 %, 71, 2460 MHz, 48.20 W, 0x0000000000000000
2026/09/24 13:24:04.482, 824 MiB, 46 %, 71, 2460 MHz, 50.93 W, 0x0000000000000000
2026/09/24 13:24:06.492, 824 MiB, 53 %, 72, 2460 MHz, 53.08 W, 0x0000000000000000
2026/09/24 13:24:08.494, 824 MiB, 55 %, 72, 2460 MHz, 51.94 W, 0x0000000000000000
2026/09/24 13:24:10.499, 824 MiB, 50 %, 73, 2460 MHz, 52.38 W, 0x0000000000000000
2026/09/24 13:24:12.500, 824 MiB, 46 %, 73, 2460 MHz, 48.53 W, 0x0000000000000000
2026/09/24 13:24:14.511, 824 MiB, 47 %, 72, 2460 MHz, 52.33 W, 0x0000000000000000
2026/09/24 13:24:16.516, 824 MiB, 52 %, 72, 2460 MHz, 47.57 W, 0x0000000000000000
2026/09/24 13:24:18.517, 824 MiB, 38 %, 72, 2460 MHz, 50.79 W, 0x0000000000000000
2026/09/24 13:24:20.518, 824 MiB, 40 %, 71, 2460 MHz, 50.86 W, 0x0000000000000000
2026/09/24 13:24:22.520, 824 MiB, 49 %, 73, 2460 MHz, 48.13 W, 0x0000000000000000
2026/09/24 13:24:24.531, 824 MiB, 55 %, 72, 2460 MHz, 50.91 W, 0x0000000000000000
2026/09/24 13:24:26.541, 824 MiB, 53 %, 73, 2460 MHz, 49.48 W, 0x0000000000000000
2026/09/24 13:24:28.543, 824 MiB, 42 %, 70, 2460 MHz, 47.10 W, 0x0000000000000000
2026/09/24 13:24:30.547, 824 MiB, 49 %, 70, 2460 MHz, 46.28 W, 0x0000000000000000
2026/09/24 13:24:32.552, 824 MiB, 46 %, 73, 2460 MHz, 50.44 W, 0x0000000000000000
2026/09/24 13:24:34.564, 824 MiB, 37 %, 72, 2460 MHz, 46.69 W, 0x0000000000000000
2026/09/24 13:24:36.567, 824 MiB, 53 %, 72, 2460 MHz, 49.28 W, 0x0000000000000000
2026/09/24 13:24:38.577, 824 MiB, 43 %, 71, 2460 MHz, 50.05 W, 0x0000000000000000
2026/09/24 13:24:40.580, 824 MiB, 51 %, 72, 2460 MHz, 48.43 W, 0x0000000000000000
2026/09/24 13:24:42.592, 824 MiB, 42 %, 70, 2460 MHz, 44.54 W, 0x0000000000000000
2026/09/24 13:24:44.592, 824 MiB, 50 %, 72, 2460 MHz, 47.73 W, 0x0000000000000000
2026/09/24 13:24:46.596, 824 MiB, 49 %, 71, 2460 MHz, 50.20 W, 0x0000000000000000
2026/09/24 13:24:48.610, 824 MiB, 45 %, 72, 2460 MHz, 45.33 W, 0x0000000000000000
2026/09/24 13:24:50.622, 824 MiB, 43 %, 71, 2460 MHz, 41.41 W, 0x0000000000000000
2026/09/24 13:24:52.633, 824 MiB, 53 %, 72, 2460 MHz, 50.27 W, 0x0000000000000000
2026/09/24 13:24:54.641, 824 MiB, 47 %, 72, 2460 MHz, 48.40 W, 0x0000000000000000
2026/09/24 13:24:56.655, 824 MiB, 53 %, 72, 2460 MHz, 52.47 W, 0x0000000000000000
2026/09/24 13:24:58.670, 853 MiB, 36 %, 71, 2460 MHz, 49.05 W, 0x0000000000000000
2026/09/24 13:25:00.686, 853 MiB, 47 %, 71, 2460 MHz, 43.91 W, 0x0000000000000000
2026/09/24 13:25:02.688, 853 MiB, 45 %, 71, 2460 MHz, 48.37 W, 0x0000000000000000
2026/09/24 13:25:04.697, 853 MiB, 46 %, 70, 2460 MHz, 42.37 W, 0x0000000000000000
2026/09/24 13:25:06.704, 853 MiB, 52 %, 72, 2460 MHz, 46.78 W, 0x0000000000000000
2026/09/24 13:25:08.719, 853 MiB, 46 %, 70, 2460 MHz, 45.34 W, 0x0000000000000000
2026/09/24 13:25:10.724, 853 MiB, 32 %, 72, 2460 MHz, 46.60 W, 0x0000000000000000
2026/09/24 13:25:12.725, 853 MiB, 46 %, 72, 2460 MHz, 47.83 W, 0x0000000000000000
2026/09/24 13:25:14.727, 853 MiB, 36 %, 71, 2460 MHz, 45.54 W, 0x0000000000000000
2026/09/24 13:25:16.730, 853 MiB, 41 %, 70, 2460 MHz, 45.44 W, 0x0000000000000000
2026/09/24 13:25:18.745, 853 MiB, 41 %, 72, 2460 MHz, 44.47 W, 0x0000000000000000
2026/09/24 13:25:20.748, 853 MiB, 45 %, 72, 2460 MHz, 48.71 W, 0x0000000000000000
2026/09/24 13:25:22.749, 853 MiB, 40 %, 71, 2460 MHz, 48.90 W, 0x0000000000000000
2026/09/24 13:25:24.751, 853 MiB, 48 %, 72, 2460 MHz, 50.76 W, 0x0000000000000000
2026/09/24 13:25:26.765, 853 MiB, 53 %, 71, 2460 MHz, 44.62 W, 0x0000000000000000
2026/09/24 13:25:28.780, 853 MiB, 54 %, 72, 2460 MHz, 48.83 W, 0x0000000000000000
2026/09/24 13:25:30.794, 853 MiB, 49 %, 71, 2460 MHz, 46.99 W, 0x0000000000000000
2026/09/24 13:25:32.797, 853 MiB, 44 %, 71, 2460 MHz, 46.50 W, 0x0000000000000000
2026/09/24 13:25:34.798, 853 MiB, 40 %, 71, 2460 MHz, 45.01 W, 0x0000000000000000
2026/09/24 13:25:36.813, 853 MiB, 41 %, 69, 2460 MHz, 47.14 W, 0x0000000000000000
2026/09/24 13:25:38.827, 853 MiB, 45 %, 71, 2460 MHz, 49.78 W, 0x0000000000000000
2026/09/24 13:25:40.829, 853 MiB, 43 %, 70, 2460 MHz, 46.23 W, 0x0000000000000000
2026/09/24 13:25:42.843, 853 MiB, 50 %, 70, 2460 MHz, 49.01 W, 0x0000000000000000
2026/09/24 13:25:44.859, 853 MiB, 51 %, 71, 2460 MHz, 50.20 W, 0x0000000000000000
2026/09/24 13:25:46.876, 853 MiB, 49 %, 71, 2460 MHz, 44.78 W, 0x0000000000000000
2026/09/24 13:25:48.890, 853 MiB, 52 %, 71, 2460 MHz, 46.33 W, 0x0000000000000000
2026/09/24 13:25:50.905, 853 MiB, 47 %, 71, 2460 MHz, 46.86 W, 0x0000000000000000
2026/09/24 13:25:52.919, 853 MiB, 51 %, 71, 2460 MHz, 50.21 W, 0x0000000000000000
2026/09/24 13:25:54.922, 853 MiB, 42 %, 70, 2460 MHz, 45.60 W, 0x0000000000000000
2026/09/24 13:25:56.929, 853 MiB, 47 %, 70, 2460 MHz, 43.02 W, 0x0000000000000000
2026/09/24 13:25:58.937, 853 MiB, 46 %, 72, 2460 MHz, 47.48 W, 0x0000000000000000
2026/09/24 13:26:00.944, 853 MiB, 46 %, 72, 2460 MHz, 48.98 W, 0x0000000000000000
2026/09/24 13:26:02.946, 853 MiB, 49 %, 72, 2460 MHz, 48.33 W, 0x0000000000000000
2026/09/24 13:26:04.948, 853 MiB, 42 %, 71, 2460 MHz, 45.94 W, 0x0000000000000000
2026/09/24 13:26:06.964, 853 MiB, 35 %, 71, 2460 MHz, 46.60 W, 0x0000000000000000
2026/09/24 13:26:08.967, 853 MiB, 42 %, 71, 2460 MHz, 42.04 W, 0x0000000000000000
2026/09/24 13:26:10.968, 853 MiB, 42 %, 69, 2460 MHz, 43.60 W, 0x0000000000000000
2026/09/24 13:26:12.977, 853 MiB, 47 %, 71, 2460 MHz, 44.14 W, 0x0000000000000000
2026/09/24 13:26:14.984, 853 MiB, 46 %, 71, 2460 MHz, 43.11 W, 0x0000000000000000
2026/09/24 13:26:17.000, 853 MiB, 42 %, 70, 2460 MHz, 45.06 W, 0x0000000000000000
2026/09/24 13:26:19.011, 853 MiB, 47 %, 70, 2460 MHz, 46.61 W, 0x0000000000000000
2026/09/24 13:26:21.015, 853 MiB, 52 %, 72, 2460 MHz, 49.18 W, 0x0000000000000000
2026/09/24 13:26:23.029, 865 MiB, 39 %, 69, 2460 MHz, 46.67 W, 0x0000000000000000
2026/09/24 13:26:25.031, 895 MiB, 47 %, 70, 2460 MHz, 44.51 W, 0x0000000000000000
2026/09/24 13:26:27.032, 882 MiB, 44 %, 69, 2460 MHz, 48.07 W, 0x0000000000000000
2026/09/24 13:26:29.039, 865 MiB, 38 %, 70, 2460 MHz, 42.72 W, 0x0000000000000000
2026/09/24 13:26:31.055, 865 MiB, 42 %, 71, 2460 MHz, 47.78 W, 0x0000000000000000
2026/09/24 13:26:33.056, 865 MiB, 36 %, 70, 2460 MHz, 40.26 W, 0x0000000000000000
2026/09/24 13:26:35.057, 865 MiB, 36 %, 70, 2460 MHz, 44.36 W, 0x0000000000000000
2026/09/24 13:26:37.063, 865 MiB, 38 %, 71, 2460 MHz, 46.29 W, 0x0000000000000000
2026/09/24 13:26:39.078, 865 MiB, 40 %, 69, 2460 MHz, 41.93 W, 0x0000000000000000
2026/09/24 13:26:41.081, 865 MiB, 39 %, 71, 2460 MHz, 45.84 W, 0x0000000000000000
2026/09/24 13:26:43.084, 865 MiB, 36 %, 69, 2460 MHz, 42.68 W, 0x0000000000000000
2026/09/24 13:26:45.092, 865 MiB, 46 %, 70, 2460 MHz, 44.90 W, 0x0000000000000000
2026/09/24 13:26:47.097, 865 MiB, 50 %, 71, 2460 MHz, 44.90 W, 0x0000000000000000
2026/09/24 13:26:49.108, 865 MiB, 44 %, 70, 2460 MHz, 44.82 W, 0x0000000000000000
2026/09/24 13:26:51.117, 865 MiB, 30 %, 71, 2460 MHz, 45.72 W, 0x0000000000000000
2026/09/24 13:26:53.128, 865 MiB, 48 %, 71, 2460 MHz, 44.35 W, 0x0000000000000000
2026/09/24 13:26:55.139, 865 MiB, 43 %, 70, 2460 MHz, 47.34 W, 0x0000000000000000
2026/09/24 13:26:57.153, 865 MiB, 48 %, 71, 2460 MHz, 46.68 W, 0x0000000000000000
2026/09/24 13:26:59.156, 865 MiB, 48 %, 71, 2460 MHz, 46.79 W, 0x0000000000000000
2026/09/24 13:27:01.167, 865 MiB, 41 %, 70, 2460 MHz, 43.63 W, 0x0000000000000000
2026/09/24 13:27:03.173, 865 MiB, 51 %, 70, 2460 MHz, 45.98 W, 0x0000000000000000
2026/09/24 13:27:05.187, 865 MiB, 46 %, 69, 2460 MHz, 44.55 W, 0x0000000000000000
2026/09/24 13:27:07.200, 865 MiB, 45 %, 70, 2460 MHz, 46.09 W, 0x0000000000000000
2026/09/24 13:27:09.201, 865 MiB, 40 %, 70, 2460 MHz, 43.74 W, 0x0000000000000000
2026/09/24 13:27:11.216, 865 MiB, 37 %, 69, 2460 MHz, 41.32 W, 0x0000000000000000
2026/09/24 13:27:13.220, 865 MiB, 39 %, 69, 2460 MHz, 43.64 W, 0x0000000000000000
2026/09/24 13:27:15.224, 865 MiB, 38 %, 69, 2460 MHz, 43.02 W, 0x0000000000000000
2026/09/24 13:27:17.226, 865 MiB, 34 %, 68, 2460 MHz, 42.37 W, 0x0000000000000000
2026/09/24 13:27:19.240, 865 MiB, 37 %, 69, 2460 MHz, 42.38 W, 0x0000000000000000
2026/09/24 13:27:21.242, 865 MiB, 37 %, 69, 2460 MHz, 42.74 W, 0x0000000000000000
2026/09/24 13:27:23.254, 865 MiB, 41 %, 68, 2460 MHz, 41.19 W, 0x0000000000000000
2026/09/24 13:27:25.256, 865 MiB, 33 %, 68, 2460 MHz, 41.95 W, 0x0000000000000000
2026/09/24 13:27:27.269, 865 MiB, 35 %, 69, 2460 MHz, 42.43 W, 0x0000000000000000
2026/09/24 13:27:29.281, 865 MiB, 39 %, 67, 2460 MHz, 41.22 W, 0x0000000000000000
2026/09/24 13:27:31.282, 865 MiB, 48 %, 69, 2460 MHz, 41.75 W, 0x0000000000000000
2026/09/24 13:27:33.291, 865 MiB, 52 %, 70, 2460 MHz, 44.73 W, 0x0000000000000000
2026/09/24 13:27:35.297, 865 MiB, 50 %, 70, 2460 MHz, 43.97 W, 0x0000000000000000
2026/09/24 13:27:37.306, 865 MiB, 36 %, 69, 2460 MHz, 41.83 W, 0x0000000000000000
2026/09/24 13:27:39.321, 865 MiB, 33 %, 69, 2460 MHz, 42.23 W, 0x0000000000000000
2026/09/24 13:27:41.323, 865 MiB, 26 %, 68, 2460 MHz, 41.06 W, 0x0000000000000000
2026/09/24 13:27:43.330, 865 MiB, 35 %, 68, 2460 MHz, 40.96 W, 0x0000000000000000
2026/09/24 13:27:45.333, 865 MiB, 34 %, 69, 2460 MHz, 39.43 W, 0x0000000000000000
2026/09/24 13:27:47.342, 865 MiB, 43 %, 68, 2355 MHz, 39.35 W, 0x0000000000000001
2026/09/24 13:27:49.350, 865 MiB, 29 %, 68, 2460 MHz, 42.11 W, 0x0000000000000000
2026/09/24 13:27:51.364, 865 MiB, 37 %, 69, 2460 MHz, 40.46 W, 0x0000000000000000
2026/09/24 13:27:53.374, 865 MiB, 43 %, 69, 2460 MHz, 45.10 W, 0x0000000000000000
2026/09/24 13:27:55.390, 865 MiB, 44 %, 69, 2460 MHz, 42.12 W, 0x0000000000000000
2026/09/24 13:27:57.394, 865 MiB, 37 %, 70, 2460 MHz, 44.19 W, 0x0000000000000000
2026/09/24 13:27:59.401, 865 MiB, 34 %, 69, 2460 MHz, 43.91 W, 0x0000000000000000
2026/09/24 13:28:01.413, 865 MiB, 39 %, 70, 2460 MHz, 43.52 W, 0x0000000000000000
2026/09/24 13:28:03.423, 865 MiB, 48 %, 68, 2460 MHz, 45.08 W, 0x0000000000000000
2026/09/24 13:28:05.434, 865 MiB, 41 %, 69, 2460 MHz, 42.09 W, 0x0000000000000000
2026/09/24 13:28:07.436, 865 MiB, 40 %, 69, 2460 MHz, 42.86 W, 0x0000000000000000
2026/09/24 13:28:09.440, 865 MiB, 42 %, 69, 2460 MHz, 42.32 W, 0x0000000000000000
2026/09/24 13:28:11.454, 865 MiB, 40 %, 70, 2460 MHz, 44.41 W, 0x0000000000000000
2026/09/24 13:28:13.466, 865 MiB, 42 %, 70, 2460 MHz, 43.10 W, 0x0000000000000000
2026/09/24 13:28:15.468, 865 MiB, 44 %, 68, 2460 MHz, 45.47 W, 0x0000000000000000
2026/09/24 13:28:17.484, 865 MiB, 41 %, 69, 2460 MHz, 43.48 W, 0x0000000000000000
2026/09/24 13:28:19.497, 865 MiB, 46 %, 69, 2460 MHz, 45.92 W, 0x0000000000000000
2026/09/24 13:28:21.500, 865 MiB, 36 %, 69, 2460 MHz, 43.98 W, 0x0000000000000000
2026/09/24 13:28:23.514, 879 MiB, 46 %, 69, 2460 MHz, 45.83 W, 0x0000000000000000
2026/09/24 13:28:25.515, 879 MiB, 45 %, 69, 2460 MHz, 44.63 W, 0x0000000000000000
2026/09/24 13:28:27.525, 879 MiB, 43 %, 69, 2460 MHz, 45.04 W, 0x0000000000000000
2026/09/24 13:28:29.528, 879 MiB, 44 %, 69, 2460 MHz, 44.96 W, 0x0000000000000000
2026/09/24 13:28:31.531, 879 MiB, 46 %, 69, 2460 MHz, 44.53 W, 0x0000000000000000
2026/09/24 13:28:33.548, 879 MiB, 45 %, 70, 2460 MHz, 44.47 W, 0x0000000000000000
2026/09/24 13:28:35.551, 879 MiB, 46 %, 69, 2460 MHz, 44.65 W, 0x0000000000000000
2026/09/24 13:28:37.565, 879 MiB, 45 %, 70, 2460 MHz, 45.42 W, 0x0000000000000000
2026/09/24 13:28:39.573, 879 MiB, 43 %, 70, 2460 MHz, 44.73 W, 0x0000000000000000
2026/09/24 13:28:41.576, 879 MiB, 44 %, 69, 2460 MHz, 45.21 W, 0x0000000000000000
2026/09/24 13:28:43.579, 879 MiB, 49 %, 69, 2460 MHz, 42.84 W, 0x0000000000000000
2026/09/24 13:28:45.593, 879 MiB, 44 %, 70, 2460 MHz, 45.30 W, 0x0000000000000000
2026/09/24 13:28:47.608, 879 MiB, 44 %, 69, 2460 MHz, 42.75 W, 0x0000000000000000
2026/09/24 13:28:49.611, 879 MiB, 43 %, 70, 2460 MHz, 45.02 W, 0x0000000000000000
2026/09/24 13:28:51.624, 879 MiB, 35 %, 70, 2460 MHz, 43.04 W, 0x0000000000000000
2026/09/24 13:28:53.637, 879 MiB, 42 %, 70, 2460 MHz, 45.47 W, 0x0000000000000000
2026/09/24 13:28:55.651, 879 MiB, 38 %, 70, 2460 MHz, 42.93 W, 0x0000000000000000
2026/09/24 13:28:57.653, 879 MiB, 42 %, 70, 2460 MHz, 45.34 W, 0x0000000000000000
2026/09/24 13:28:59.656, 879 MiB, 44 %, 69, 2460 MHz, 44.30 W, 0x0000000000000000
2026/09/24 13:29:01.659, 879 MiB, 45 %, 69, 2460 MHz, 45.22 W, 0x0000000000000000
2026/09/24 13:29:03.672, 879 MiB, 42 %, 69, 2460 MHz, 44.34 W, 0x0000000000000000
2026/09/24 13:29:05.687, 879 MiB, 41 %, 69, 2460 MHz, 45.72 W, 0x0000000000000000
2026/09/24 13:29:07.703, 879 MiB, 37 %, 69, 2460 MHz, 44.13 W, 0x0000000000000000
2026/09/24 13:29:09.718, 879 MiB, 41 %, 70, 2460 MHz, 45.85 W, 0x0000000000000000
2026/09/24 13:29:11.719, 879 MiB, 38 %, 68, 2460 MHz, 43.29 W, 0x0000000000000000
2026/09/24 13:29:13.734, 879 MiB, 47 %, 70, 2460 MHz, 45.78 W, 0x0000000000000000
2026/09/24 13:29:15.748, 879 MiB, 41 %, 69, 2460 MHz, 45.31 W, 0x0000000000000000
2026/09/24 13:29:17.750, 879 MiB, 44 %, 70, 2460 MHz, 45.82 W, 0x0000000000000000
2026/09/24 13:29:19.761, 879 MiB, 46 %, 69, 2460 MHz, 45.33 W, 0x0000000000000000
2026/09/24 13:29:21.765, 879 MiB, 38 %, 69, 2460 MHz, 43.99 W, 0x0000000000000000
2026/09/24 13:29:23.780, 879 MiB, 44 %, 69, 2460 MHz, 43.40 W, 0x0000000000000000
2026/09/24 13:29:25.796, 879 MiB, 46 %, 69, 2460 MHz, 42.04 W, 0x0000000000000000
2026/09/24 13:29:27.811, 879 MiB, 42 %, 69, 2460 MHz, 42.96 W, 0x0000000000000000
2026/09/24 13:29:29.827, 879 MiB, 45 %, 69, 2460 MHz, 41.98 W, 0x0000000000000000
2026/09/24 13:29:31.828, 879 MiB, 44 %, 70, 2460 MHz, 44.29 W, 0x0000000000000000
2026/09/24 13:29:33.843, 879 MiB, 35 %, 68, 2460 MHz, 42.18 W, 0x0000000000000000
2026/09/24 13:29:35.858, 879 MiB, 41 %, 68, 2460 MHz, 44.56 W, 0x0000000000000000
2026/09/24 13:29:37.873, 879 MiB, 41 %, 68, 2460 MHz, 43.38 W, 0x0000000000000000
2026/09/24 13:29:39.874, 879 MiB, 35 %, 69, 2460 MHz, 43.54 W, 0x0000000000000000
2026/09/24 13:29:41.875, 879 MiB, 45 %, 69, 2460 MHz, 42.20 W, 0x0000000000000000
2026/09/24 13:29:43.891, 879 MiB, 42 %, 69, 2460 MHz, 44.09 W, 0x0000000000000000
2026/09/24 13:29:45.906, 879 MiB, 41 %, 69, 2460 MHz, 42.31 W, 0x0000000000000000
2026/09/24 13:29:47.922, 879 MiB, 38 %, 69, 2460 MHz, 44.00 W, 0x0000000000000000
2026/09/24 13:29:49.929, 879 MiB, 34 %, 68, 2460 MHz, 42.67 W, 0x0000000000000000
2026/09/24 13:29:51.938, 879 MiB, 40 %, 68, 2460 MHz, 42.01 W, 0x0000000000000000
2026/09/24 13:29:53.951, 879 MiB, 45 %, 68, 2460 MHz, 42.60 W, 0x0000000000000000
2026/09/24 13:29:55.953, 879 MiB, 37 %, 67, 2460 MHz, 42.48 W, 0x0000000000000000
2026/09/24 13:29:57.967, 879 MiB, 37 %, 68, 2460 MHz, 41.14 W, 0x0000000000000000
2026/09/24 13:29:59.968, 879 MiB, 42 %, 68, 2460 MHz, 43.28 W, 0x0000000000000000
2026/09/24 13:30:01.984, 879 MiB, 43 %, 68, 2460 MHz, 42.92 W, 0x0000000000000000
2026/09/24 13:30:04.000, 879 MiB, 36 %, 69, 2460 MHz, 44.18 W, 0x0000000000000000
2026/09/24 13:30:06.000, 879 MiB, 44 %, 68, 2460 MHz, 41.98 W, 0x0000000000000000
2026/09/24 13:30:08.014, 879 MiB, 44 %, 69, 2460 MHz, 42.98 W, 0x0000000000000000
2026/09/24 13:30:10.030, 879 MiB, 42 %, 68, 2460 MHz, 40.99 W, 0x0000000000000000
2026/09/24 13:30:12.045, 879 MiB, 33 %, 68, 2460 MHz, 42.03 W, 0x0000000000000000
2026/09/24 13:30:14.046, 879 MiB, 43 %, 68, 2460 MHz, 42.58 W, 0x0000000000000000
2026/09/24 13:30:16.061, 879 MiB, 42 %, 68, 2460 MHz, 41.50 W, 0x0000000000000000
2026/09/24 13:30:18.076, 879 MiB, 37 %, 68, 2460 MHz, 40.82 W, 0x0000000000000000
2026/09/24 13:30:20.080, 879 MiB, 39 %, 68, 2460 MHz, 42.25 W, 0x0000000000000000
2026/09/24 13:30:22.094, 879 MiB, 31 %, 68, 2460 MHz, 41.20 W, 0x0000000000000000
2026/09/24 13:30:24.109, 879 MiB, 36 %, 68, 2460 MHz, 40.78 W, 0x0000000000000000
2026/09/24 13:30:26.110, 879 MiB, 39 %, 69, 2460 MHz, 42.55 W, 0x0000000000000000
2026/09/24 13:30:28.125, 879 MiB, 39 %, 68, 2400 MHz, 40.78 W, 0x0000000000000001
2026/09/24 13:30:30.140, 879 MiB, 41 %, 68, 2460 MHz, 42.37 W, 0x0000000000000000
2026/09/24 13:30:32.155, 879 MiB, 34 %, 67, 2460 MHz, 41.67 W, 0x0000000000000000
2026/09/24 13:30:34.156, 879 MiB, 42 %, 68, 2460 MHz, 42.41 W, 0x0000000000000000
2026/09/24 13:30:36.170, 879 MiB, 35 %, 68, 2460 MHz, 41.56 W, 0x0000000000000000
2026/09/24 13:30:38.185, 879 MiB, 38 %, 69, 2460 MHz, 42.53 W, 0x0000000000000000
2026/09/24 13:30:40.188, 879 MiB, 36 %, 67, 2460 MHz, 41.92 W, 0x0000000000000000
2026/09/24 13:30:42.203, 879 MiB, 42 %, 68, 2460 MHz, 41.81 W, 0x0000000000000000
2026/09/24 13:30:44.217, 879 MiB, 34 %, 67, 2460 MHz, 39.89 W, 0x0000000000000000
2026/09/24 13:30:46.219, 879 MiB, 34 %, 67, 2460 MHz, 40.41 W, 0x0000000000000000
2026/09/24 13:30:48.220, 879 MiB, 43 %, 68, 2460 MHz, 41.98 W, 0x0000000000000000
2026/09/24 13:30:50.233, 879 MiB, 34 %, 67, 2460 MHz, 40.94 W, 0x0000000000000000
2026/09/24 13:30:52.249, 879 MiB, 39 %, 67, 2460 MHz, 42.03 W, 0x0000000000000000
2026/09/24 13:30:54.260, 879 MiB, 37 %, 68, 2460 MHz, 41.84 W, 0x0000000000000000
2026/09/24 13:30:56.265, 879 MiB, 40 %, 68, 2460 MHz, 40.87 W, 0x0000000000000000
2026/09/24 13:30:58.267, 879 MiB, 41 %, 68, 2460 MHz, 41.38 W, 0x0000000000000000
2026/09/24 13:31:00.282, 879 MiB, 35 %, 67, 2460 MHz, 41.95 W, 0x0000000000000000
2026/09/24 13:31:02.298, 879 MiB, 46 %, 67, 2460 MHz, 40.43 W, 0x0000000000000000
2026/09/24 13:31:04.312, 879 MiB, 37 %, 67, 2460 MHz, 41.01 W, 0x0000000000000000
2026/09/24 13:31:06.328, 879 MiB, 38 %, 68, 2460 MHz, 42.14 W, 0x0000000000000000
2026/09/24 13:31:08.344, 879 MiB, 41 %, 68, 2460 MHz, 41.11 W, 0x0000000000000000
2026/09/24 13:31:10.359, 879 MiB, 36 %, 67, 2460 MHz, 40.87 W, 0x0000000000000000
2026/09/24 13:31:12.364, 879 MiB, 40 %, 68, 2460 MHz, 41.70 W, 0x0000000000000000
2026/09/24 13:31:14.375, 879 MiB, 43 %, 68, 2460 MHz, 42.86 W, 0x0000000000000000
2026/09/24 13:31:16.376, 879 MiB, 40 %, 67, 2460 MHz, 39.79 W, 0x0000000000000000
2026/09/24 13:31:18.388, 879 MiB, 39 %, 68, 2460 MHz, 42.53 W, 0x0000000000000000
2026/09/24 13:31:20.404, 879 MiB, 38 %, 68, 2460 MHz, 41.19 W, 0x0000000000000000
2026/09/24 13:31:22.406, 879 MiB, 37 %, 68, 2460 MHz, 41.40 W, 0x0000000000000000
2026/09/24 13:31:24.421, 879 MiB, 45 %, 68, 2460 MHz, 41.86 W, 0x0000000000000000
2026/09/24 13:31:26.422, 879 MiB, 40 %, 67, 2460 MHz, 39.45 W, 0x0000000000000000
2026/09/24 13:31:28.436, 879 MiB, 36 %, 68, 2460 MHz, 41.12 W, 0x0000000000000000
2026/09/24 13:31:30.437, 879 MiB, 36 %, 67, 2460 MHz, 40.26 W, 0x0000000000000000
2026/09/24 13:31:32.453, 879 MiB, 34 %, 67, 2460 MHz, 40.46 W, 0x0000000000000000
2026/09/24 13:31:34.468, 879 MiB, 36 %, 67, 2460 MHz, 39.81 W, 0x0000000000000000
2026/09/24 13:31:36.483, 879 MiB, 39 %, 67, 2460 MHz, 40.89 W, 0x0000000000000000
2026/09/24 13:31:38.484, 879 MiB, 35 %, 67, 2460 MHz, 39.66 W, 0x0000000000000000
2026/09/24 13:31:40.499, 879 MiB, 38 %, 66, 2400 MHz, 37.57 W, 0x0000000000000001
2026/09/24 13:31:42.500, 879 MiB, 38 %, 66, 2460 MHz, 39.26 W, 0x0000000000000000
2026/09/24 13:31:44.516, 879 MiB, 40 %, 67, 2355 MHz, 37.87 W, 0x0000000000000001
2026/09/24 13:31:46.531, 879 MiB, 39 %, 65, 2385 MHz, 37.33 W, 0x0000000000000001
2026/09/24 13:31:48.546, 879 MiB, 38 %, 65, 2205 MHz, 32.60 W, 0x0000000000000001
2026/09/24 13:31:50.562, 879 MiB, 39 %, 65, 2205 MHz, 32.31 W, 0x0000000000000001
2026/09/24 13:31:52.578, 879 MiB, 37 %, 64, 2220 MHz, 32.42 W, 0x0000000000000001
2026/09/24 13:31:54.592, 879 MiB, 38 %, 65, 2265 MHz, 33.87 W, 0x0000000000000001
2026/09/24 13:31:56.594, 879 MiB, 36 %, 65, 2250 MHz, 32.41 W, 0x0000000000000001
2026/09/24 13:31:58.594, 879 MiB, 41 %, 65, 2295 MHz, 34.09 W, 0x0000000000000001
2026/09/24 13:32:00.609, 879 MiB, 39 %, 65, 2190 MHz, 31.95 W, 0x0000000000000001
2026/09/24 13:32:02.625, 879 MiB, 38 %, 64, 2190 MHz, 31.25 W, 0x0000000000000001
2026/09/24 13:32:04.640, 879 MiB, 42 %, 64, 2220 MHz, 32.39 W, 0x0000000000000001
2026/09/24 13:32:06.651, 879 MiB, 40 %, 64, 2280 MHz, 32.72 W, 0x0000000000000001
2026/09/24 13:32:08.656, 879 MiB, 38 %, 64, 2280 MHz, 32.97 W, 0x0000000000000001
2026/09/24 13:32:10.657, 879 MiB, 41 %, 64, 2220 MHz, 32.53 W, 0x0000000000000001
2026/09/24 13:32:12.671, 879 MiB, 35 %, 64, 2265 MHz, 32.73 W, 0x0000000000000001
2026/09/24 13:32:14.687, 879 MiB, 39 %, 63, 2145 MHz, 30.82 W, 0x0000000000000001
2026/09/24 13:32:16.688, 879 MiB, 39 %, 63, 2175 MHz, 31.27 W, 0x0000000000000001
2026/09/24 13:32:18.703, 879 MiB, 37 %, 63, 2055 MHz, 28.53 W, 0x0000000000000001
2026/09/24 13:32:20.716, 879 MiB, 35 %, 64, 2220 MHz, 31.27 W, 0x0000000000000001
2026/09/24 13:32:22.719, 879 MiB, 43 %, 64, 2340 MHz, 30.84 W, 0x0000000000000001
2026/09/24 13:32:24.731, 879 MiB, 37 %, 64, 2340 MHz, 35.24 W, 0x0000000000000001
2026/09/24 13:32:26.734, 879 MiB, 39 %, 63, 2160 MHz, 31.60 W, 0x0000000000000001
2026/09/24 13:32:28.747, 879 MiB, 37 %, 63, 2250 MHz, 32.90 W, 0x0000000000000001
2026/09/24 13:32:30.748, 879 MiB, 37 %, 62, 2055 MHz, 28.67 W, 0x0000000000000001
2026/09/24 13:32:32.751, 879 MiB, 40 %, 63, 2250 MHz, 32.31 W, 0x0000000000000001
2026/09/24 13:32:34.766, 879 MiB, 41 %, 63, 2205 MHz, 32.51 W, 0x0000000000000001
2026/09/24 13:32:36.780, 879 MiB, 40 %, 62, 2205 MHz, 31.79 W, 0x0000000000000001
2026/09/24 13:32:38.795, 879 MiB, 38 %, 63, 2250 MHz, 32.04 W, 0x0000000000000001
2026/09/24 13:32:40.811, 879 MiB, 36 %, 62, 2235 MHz, 32.21 W, 0x0000000000000001
2026/09/24 13:32:42.812, 879 MiB, 41 %, 62, 2235 MHz, 32.98 W, 0x0000000000000001
2026/09/24 13:32:44.826, 879 MiB, 42 %, 62, 2250 MHz, 30.71 W, 0x0000000000000001
2026/09/24 13:32:46.842, 879 MiB, 42 %, 63, 2235 MHz, 32.47 W, 0x0000000000000001
2026/09/24 13:32:48.844, 879 MiB, 38 %, 62, 2265 MHz, 32.41 W, 0x0000000000000001
2026/09/24 13:32:50.859, 879 MiB, 40 %, 63, 2250 MHz, 32.33 W, 0x0000000000000001
2026/09/24 13:32:52.875, 879 MiB, 41 %, 62, 2100 MHz, 29.77 W, 0x0000000000000001
2026/09/24 13:32:54.888, 879 MiB, 39 %, 63, 2235 MHz, 31.07 W, 0x0000000000000001
2026/09/24 13:32:56.890, 879 MiB, 33 %, 62, 2070 MHz, 29.13 W, 0x0000000000000001
2026/09/24 13:32:58.897, 879 MiB, 38 %, 62, 2250 MHz, 32.69 W, 0x0000000000000001
2026/09/24 13:33:00.899, 879 MiB, 37 %, 61, 2100 MHz, 30.58 W, 0x0000000000000001
2026/09/24 13:33:02.902, 879 MiB, 39 %, 62, 2235 MHz, 30.26 W, 0x0000000000000001
2026/09/24 13:33:04.905, 879 MiB, 38 %, 62, 2235 MHz, 31.64 W, 0x0000000000000001
2026/09/24 13:33:06.907, 879 MiB, 40 %, 62, 2235 MHz, 31.03 W, 0x0000000000000001
2026/09/24 13:33:08.911, 879 MiB, 37 %, 62, 2235 MHz, 31.32 W, 0x0000000000000001
2026/09/24 13:33:10.921, 879 MiB, 38 %, 62, 2235 MHz, 30.40 W, 0x0000000000000001
2026/09/24 13:33:12.922, 879 MiB, 38 %, 62, 2145 MHz, 30.59 W, 0x0000000000000001
2026/09/24 13:33:14.936, 879 MiB, 38 %, 62, 2190 MHz, 29.91 W, 0x0000000000000001
2026/09/24 13:33:16.937, 879 MiB, 38 %, 62, 2205 MHz, 31.49 W, 0x0000000000000001
2026/09/24 13:33:18.954, 879 MiB, 38 %, 61, 2145 MHz, 29.73 W, 0x0000000000000001
2026/09/24 13:33:20.959, 879 MiB, 38 %, 62, 2220 MHz, 31.47 W, 0x0000000000000001
2026/09/24 13:33:22.962, 879 MiB, 41 %, 61, 2040 MHz, 28.20 W, 0x0000000000000001
2026/09/24 13:33:24.968, 879 MiB, 42 %, 61, 2205 MHz, 31.35 W, 0x0000000000000001
2026/09/24 13:33:26.983, 879 MiB, 40 %, 61, 2220 MHz, 30.51 W, 0x0000000000000001
2026/09/24 13:33:28.986, 879 MiB, 41 %, 61, 2085 MHz, 28.88 W, 0x0000000000000001
2026/09/24 13:33:30.987, 879 MiB, 36 %, 61, 2190 MHz, 29.94 W, 0x0000000000000001
2026/09/24 13:33:32.991, 879 MiB, 39 %, 61, 2190 MHz, 30.39 W, 0x0000000000000001
2026/09/24 13:33:34.997, 879 MiB, 43 %, 61, 2265 MHz, 31.85 W, 0x0000000000000001
2026/09/24 13:33:37.010, 879 MiB, 39 %, 61, 2190 MHz, 31.88 W, 0x0000000000000001
2026/09/24 13:33:39.013, 879 MiB, 33 %, 61, 2250 MHz, 30.03 W, 0x0000000000000001
2026/09/24 13:33:41.017, 879 MiB, 43 %, 61, 2115 MHz, 28.86 W, 0x0000000000000001
2026/09/24 13:33:43.029, 879 MiB, 34 %, 62, 2265 MHz, 30.53 W, 0x0000000000000001
2026/09/24 13:33:45.034, 879 MiB, 40 %, 62, 2175 MHz, 31.50 W, 0x0000000000000001
2026/09/24 13:33:47.035, 879 MiB, 36 %, 62, 2280 MHz, 31.18 W, 0x0000000000000001
2026/09/24 13:33:49.046, 879 MiB, 31 %, 62, 2385 MHz, 33.81 W, 0x0000000000000001
2026/09/24 13:33:51.048, 879 MiB, 33 %, 62, 2220 MHz, 31.15 W, 0x0000000000000001
2026/09/24 13:33:53.059, 879 MiB, 38 %, 62, 2190 MHz, 31.02 W, 0x0000000000000001
2026/09/24 13:33:55.061, 879 MiB, 38 %, 62, 2250 MHz, 31.08 W, 0x0000000000000001
2026/09/24 13:33:57.062, 879 MiB, 31 %, 62, 2280 MHz, 31.75 W, 0x0000000000000001
2026/09/24 13:33:59.074, 879 MiB, 37 %, 61, 2220 MHz, 29.98 W, 0x0000000000000001
2026/09/24 13:34:01.086, 879 MiB, 39 %, 61, 2115 MHz, 29.33 W, 0x0000000000000001
2026/09/24 13:34:03.088, 879 MiB, 39 %, 60, 2205 MHz, 29.49 W, 0x0000000000000001
2026/09/24 13:34:05.091, 879 MiB, 39 %, 61, 2205 MHz, 30.45 W, 0x0000000000000001
2026/09/24 13:34:07.095, 879 MiB, 37 %, 61, 2220 MHz, 30.74 W, 0x0000000000000001
2026/09/24 13:34:09.098, 879 MiB, 40 %, 60, 2175 MHz, 28.02 W, 0x0000000000000001
2026/09/24 13:34:11.105, 879 MiB, 34 %, 60, 2205 MHz, 30.02 W, 0x0000000000000001
2026/09/24 13:34:13.109, 879 MiB, 37 %, 60, 2130 MHz, 27.77 W, 0x0000000000000001
2026/09/24 13:34:15.125, 879 MiB, 43 %, 61, 2250 MHz, 29.47 W, 0x0000000000000001
2026/09/24 13:34:17.129, 879 MiB, 43 %, 60, 2160 MHz, 31.19 W, 0x0000000000000001
2026/09/24 13:34:19.133, 879 MiB, 43 %, 60, 2235 MHz, 30.35 W, 0x0000000000000001
2026/09/24 13:34:21.141, 879 MiB, 46 %, 60, 2190 MHz, 29.32 W, 0x0000000000000001
2026/09/24 13:34:23.153, 879 MiB, 31 %, 61, 2235 MHz, 30.38 W, 0x0000000000000001
2026/09/24 13:34:25.166, 879 MiB, 38 %, 61, 2145 MHz, 29.79 W, 0x0000000000000001
2026/09/24 13:34:27.169, 879 MiB, 31 %, 61, 2205 MHz, 29.36 W, 0x0000000000000001
2026/09/24 13:34:29.173, 879 MiB, 38 %, 61, 2130 MHz, 29.42 W, 0x0000000000000001
2026/09/24 13:34:31.187, 879 MiB, 34 %, 61, 2325 MHz, 33.28 W, 0x0000000000000001
2026/09/24 13:34:33.202, 879 MiB, 38 %, 60, 2130 MHz, 30.11 W, 0x0000000000000001
2026/09/24 13:34:35.218, 879 MiB, 42 %, 61, 2205 MHz, 29.50 W, 0x0000000000000001
2026/09/24 13:34:37.232, 879 MiB, 40 %, 62, 2250 MHz, 31.96 W, 0x0000000000000001
2026/09/24 13:34:39.248, 879 MiB, 38 %, 61, 2175 MHz, 31.94 W, 0x0000000000000001
2026/09/24 13:34:41.250, 879 MiB, 39 %, 60, 2190 MHz, 32.15 W, 0x0000000000000001
2026/09/24 13:34:43.265, 879 MiB, 34 %, 60, 2205 MHz, 29.90 W, 0x0000000000000001
2026/09/24 13:34:45.266, 879 MiB, 37 %, 61, 2265 MHz, 32.55 W, 0x0000000000000001
2026/09/24 13:34:47.279, 879 MiB, 39 %, 61, 2160 MHz, 30.19 W, 0x0000000000000001
2026/09/24 13:34:49.296, 879 MiB, 36 %, 61, 2265 MHz, 32.12 W, 0x0000000000000001
2026/09/24 13:34:51.310, 879 MiB, 34 %, 61, 2160 MHz, 30.54 W, 0x0000000000000001
2026/09/24 13:34:53.326, 879 MiB, 38 %, 61, 2235 MHz, 31.18 W, 0x0000000000000001
2026/09/24 13:34:55.341, 879 MiB, 35 %, 60, 2175 MHz, 30.15 W, 0x0000000000000001
2026/09/24 13:34:57.343, 879 MiB, 37 %, 60, 2115 MHz, 28.98 W, 0x0000000000000001
2026/09/24 13:34:59.344, 879 MiB, 34 %, 61, 2280 MHz, 32.56 W, 0x0000000000000001
2026/09/24 13:35:01.359, 879 MiB, 37 %, 60, 2100 MHz, 29.34 W, 0x0000000000000001
2026/09/24 13:35:03.360, 879 MiB, 33 %, 60, 2220 MHz, 31.09 W, 0x0000000000000001
2026/09/24 13:35:05.373, 879 MiB, 36 %, 60, 2130 MHz, 30.03 W, 0x0000000000000001
2026/09/24 13:35:07.375, 879 MiB, 40 %, 60, 2190 MHz, 29.80 W, 0x0000000000000001
2026/09/24 13:35:09.389, 879 MiB, 38 %, 60, 2085 MHz, 29.32 W, 0x0000000000000001
2026/09/24 13:35:11.391, 879 MiB, 34 %, 60, 2235 MHz, 30.81 W, 0x0000000000000001
2026/09/24 13:35:13.405, 879 MiB, 29 %, 60, 2145 MHz, 29.59 W, 0x0000000000000001
2026/09/24 13:35:15.421, 879 MiB, 38 %, 61, 2220 MHz, 30.34 W, 0x0000000000000001
2026/09/24 13:35:17.436, 879 MiB, 37 %, 61, 2160 MHz, 29.67 W, 0x0000000000000001
2026/09/24 13:35:19.450, 879 MiB, 39 %, 61, 2220 MHz, 30.88 W, 0x0000000000000001
2026/09/24 13:35:21.466, 879 MiB, 28 %, 61, 2205 MHz, 29.63 W, 0x0000000000000001
2026/09/24 13:35:23.468, 879 MiB, 40 %, 60, 2160 MHz, 28.14 W, 0x0000000000000001
2026/09/24 13:35:25.483, 879 MiB, 34 %, 61, 2280 MHz, 32.70 W, 0x0000000000000001
2026/09/24 13:35:27.484, 879 MiB, 39 %, 61, 2190 MHz, 29.36 W, 0x0000000000000001
2026/09/24 13:35:29.500, 879 MiB, 35 %, 60, 2100 MHz, 29.27 W, 0x0000000000000001
2026/09/24 13:35:31.515, 879 MiB, 41 %, 60, 2100 MHz, 28.22 W, 0x0000000000000001
2026/09/24 13:35:33.516, 879 MiB, 35 %, 61, 2190 MHz, 29.20 W, 0x0000000000000001
2026/09/24 13:35:35.516, 879 MiB, 34 %, 60, 2100 MHz, 28.49 W, 0x0000000000000001
2026/09/24 13:35:37.527, 879 MiB, 39 %, 60, 2085 MHz, 28.00 W, 0x0000000000000001
2026/09/24 13:35:39.528, 879 MiB, 38 %, 60, 2160 MHz, 29.03 W, 0x0000000000000001
2026/09/24 13:35:41.529, 879 MiB, 37 %, 61, 2100 MHz, 28.85 W, 0x0000000000000001
2026/09/24 13:35:43.530, 879 MiB, 39 %, 60, 2145 MHz, 30.15 W, 0x0000000000000001
2026/09/24 13:35:45.546, 879 MiB, 36 %, 60, 2175 MHz, 29.14 W, 0x0000000000000001
2026/09/24 13:35:47.546, 879 MiB, 33 %, 60, 2115 MHz, 28.56 W, 0x0000000000000001
2026/09/24 13:35:49.560, 879 MiB, 36 %, 60, 2100 MHz, 28.21 W, 0x0000000000000001
2026/09/24 13:35:51.563, 879 MiB, 35 %, 60, 2145 MHz, 28.63 W, 0x0000000000000001
2026/09/24 13:35:53.576, 879 MiB, 39 %, 60, 2100 MHz, 28.60 W, 0x0000000000000001
2026/09/24 13:35:55.577, 879 MiB, 37 %, 60, 2145 MHz, 28.36 W, 0x0000000000000001
2026/09/24 13:35:57.593, 879 MiB, 39 %, 60, 2070 MHz, 28.39 W, 0x0000000000000001
2026/09/24 13:35:59.608, 879 MiB, 38 %, 60, 2070 MHz, 28.51 W, 0x0000000000000001
2026/09/24 13:36:01.610, 879 MiB, 37 %, 60, 2130 MHz, 28.61 W, 0x0000000000000001
2026/09/24 13:36:03.610, 879 MiB, 41 %, 59, 2055 MHz, 27.18 W, 0x0000000000000001
2026/09/24 13:36:05.624, 879 MiB, 43 %, 60, 2115 MHz, 27.42 W, 0x0000000000000001
2026/09/24 13:36:07.624, 879 MiB, 36 %, 60, 2070 MHz, 28.08 W, 0x0000000000000001
2026/09/24 13:36:09.625, 879 MiB, 39 %, 60, 2100 MHz, 28.55 W, 0x0000000000000001
2026/09/24 13:36:11.641, 879 MiB, 36 %, 59, 2145 MHz, 28.71 W, 0x0000000000000001
2026/09/24 13:36:13.655, 879 MiB, 40 %, 60, 2145 MHz, 28.25 W, 0x0000000000000001
2026/09/24 13:36:15.657, 879 MiB, 38 %, 60, 2025 MHz, 27.30 W, 0x0000000000000001
2026/09/24 13:36:17.673, 879 MiB, 37 %, 60, 2115 MHz, 27.87 W, 0x0000000000000001
2026/09/24 13:36:19.687, 879 MiB, 44 %, 60, 2070 MHz, 28.44 W, 0x0000000000000001
2026/09/24 13:36:21.687, 879 MiB, 41 %, 60, 2160 MHz, 28.94 W, 0x0000000000000001
2026/09/24 13:36:23.700, 879 MiB, 41 %, 60, 2010 MHz, 27.56 W, 0x0000000000000001
2026/09/24 13:36:25.716, 879 MiB, 38 %, 59, 2100 MHz, 28.10 W, 0x0000000000000001
2026/09/24 13:36:27.717, 879 MiB, 36 %, 59, 2010 MHz, 26.94 W, 0x0000000000000001
2026/09/24 13:36:29.730, 879 MiB, 39 %, 60, 2055 MHz, 26.76 W, 0x0000000000000001
2026/09/24 13:36:31.732, 879 MiB, 39 %, 59, 1965 MHz, 25.93 W, 0x0000000000000001
2026/09/24 13:36:33.734, 879 MiB, 39 %, 59, 2115 MHz, 27.97 W, 0x0000000000000001
2026/09/24 13:36:35.735, 879 MiB, 36 %, 59, 2100 MHz, 27.60 W, 0x0000000000000001
2026/09/24 13:36:37.750, 879 MiB, 35 %, 60, 2085 MHz, 26.92 W, 0x0000000000000001
2026/09/24 13:36:39.751, 879 MiB, 40 %, 60, 2070 MHz, 27.73 W, 0x0000000000000001
2026/09/24 13:36:41.765, 879 MiB, 38 %, 59, 2205 MHz, 28.48 W, 0x0000000000000001
2026/09/24 13:36:43.767, 879 MiB, 38 %, 60, 2085 MHz, 28.49 W, 0x0000000000000001
2026/09/24 13:36:45.780, 879 MiB, 40 %, 59, 1995 MHz, 26.70 W, 0x0000000000000001
2026/09/24 13:36:47.795, 879 MiB, 42 %, 59, 2040 MHz, 26.87 W, 0x0000000000000001
2026/09/24 13:36:49.798, 879 MiB, 35 %, 59, 2115 MHz, 27.61 W, 0x0000000000000001
2026/09/24 13:36:51.810, 879 MiB, 39 %, 59, 2025 MHz, 27.14 W, 0x0000000000000001
2026/09/24 13:36:53.811, 879 MiB, 40 %, 59, 2100 MHz, 27.57 W, 0x0000000000000001
2026/09/24 13:36:55.826, 879 MiB, 41 %, 59, 2040 MHz, 27.06 W, 0x0000000000000001
2026/09/24 13:36:57.829, 879 MiB, 40 %, 59, 2100 MHz, 27.88 W, 0x0000000000000001
2026/09/24 13:36:59.842, 879 MiB, 43 %, 59, 2055 MHz, 27.34 W, 0x0000000000000001
2026/09/24 13:37:01.844, 879 MiB, 37 %, 59, 2085 MHz, 27.58 W, 0x0000000000000001
2026/09/24 13:37:03.860, 879 MiB, 43 %, 59, 2055 MHz, 27.14 W, 0x0000000000000001
2026/09/24 13:37:05.874, 879 MiB, 38 %, 59, 2025 MHz, 27.50 W, 0x0000000000000001
2026/09/24 13:37:07.890, 879 MiB, 40 %, 59, 2070 MHz, 27.61 W, 0x0000000000000001
2026/09/24 13:37:09.890, 879 MiB, 39 %, 59, 1995 MHz, 27.06 W, 0x0000000000000001
2026/09/24 13:37:11.905, 879 MiB, 37 %, 59, 2025 MHz, 26.55 W, 0x0000000000000001
2026/09/24 13:37:13.906, 879 MiB, 41 %, 59, 2085 MHz, 27.36 W, 0x0000000000000001
2026/09/24 13:37:15.909, 879 MiB, 37 %, 59, 2115 MHz, 27.90 W, 0x0000000000000001
2026/09/24 13:37:17.922, 879 MiB, 42 %, 59, 2010 MHz, 27.06 W, 0x0000000000000001
2026/09/24 13:37:19.937, 879 MiB, 36 %, 59, 2100 MHz, 27.34 W, 0x0000000000000001
2026/09/24 13:37:21.953, 879 MiB, 35 %, 59, 2055 MHz, 27.30 W, 0x0000000000000001
2026/09/24 13:37:23.954, 879 MiB, 40 %, 60, 2085 MHz, 26.91 W, 0x0000000000000001
2026/09/24 13:37:25.968, 879 MiB, 39 %, 60, 2115 MHz, 26.69 W, 0x0000000000000001
2026/09/24 13:37:27.969, 879 MiB, 37 %, 60, 2115 MHz, 28.22 W, 0x0000000000000001
2026/09/24 13:37:29.983, 879 MiB, 36 %, 59, 1995 MHz, 27.51 W, 0x0000000000000001
2026/09/24 13:37:31.985, 879 MiB, 36 %, 59, 2100 MHz, 27.80 W, 0x0000000000000001
2026/09/24 13:37:33.997, 879 MiB, 40 %, 59, 2145 MHz, 28.07 W, 0x0000000000000001
2026/09/24 13:37:35.999, 879 MiB, 38 %, 59, 2010 MHz, 27.08 W, 0x0000000000000001
2026/09/24 13:37:38.000, 879 MiB, 38 %, 59, 2070 MHz, 27.32 W, 0x0000000000000001
2026/09/24 13:37:40.016, 879 MiB, 37 %, 59, 2085 MHz, 27.73 W, 0x0000000000000001
2026/09/24 13:37:42.030, 879 MiB, 38 %, 59, 2130 MHz, 28.25 W, 0x0000000000000001
2026/09/24 13:37:44.031, 879 MiB, 36 %, 59, 2130 MHz, 27.59 W, 0x0000000000000001
2026/09/24 13:37:46.045, 879 MiB, 35 %, 59, 1980 MHz, 26.02 W, 0x0000000000000001
2026/09/24 13:37:48.060, 879 MiB, 44 %, 59, 1995 MHz, 26.17 W, 0x0000000000000001
2026/09/24 13:37:50.061, 879 MiB, 36 %, 60, 2085 MHz, 27.48 W, 0x0000000000000001
2026/09/24 13:37:52.062, 879 MiB, 32 %, 59, 2100 MHz, 27.57 W, 0x0000000000000001
2026/09/24 13:37:54.075, 879 MiB, 34 %, 59, 2085 MHz, 27.74 W, 0x0000000000000001
2026/09/24 13:37:56.076, 879 MiB, 36 %, 59, 2025 MHz, 27.54 W, 0x0000000000000001
2026/09/24 13:37:58.079, 879 MiB, 40 %, 59, 2100 MHz, 26.87 W, 0x0000000000000001
2026/09/24 13:38:00.093, 879 MiB, 40 %, 59, 1965 MHz, 26.66 W, 0x0000000000000001
2026/09/24 13:38:02.106, 879 MiB, 42 %, 59, 2025 MHz, 27.08 W, 0x0000000000000001
2026/09/24 13:38:04.110, 879 MiB, 40 %, 58, 1965 MHz, 26.21 W, 0x0000000000000001
2026/09/24 13:38:06.123, 879 MiB, 38 %, 59, 2100 MHz, 27.82 W, 0x0000000000000001
2026/09/24 13:38:08.140, 879 MiB, 40 %, 59, 1980 MHz, 26.98 W, 0x0000000000000001
2026/09/24 13:38:10.155, 894 MiB, 39 %, 59, 2040 MHz, 26.33 W, 0x0000000000000001
2026/09/24 13:38:12.168, 894 MiB, 39 %, 60, 2070 MHz, 27.27 W, 0x0000000000000001
2026/09/24 13:38:14.171, 894 MiB, 35 %, 60, 2175 MHz, 29.46 W, 0x0000000000000001
2026/09/24 13:38:16.185, 894 MiB, 32 %, 59, 2130 MHz, 27.72 W, 0x0000000000000001
2026/09/24 13:38:18.199, 894 MiB, 41 %, 60, 2040 MHz, 27.17 W, 0x0000000000000001
2026/09/24 13:38:20.204, 894 MiB, 35 %, 59, 1980 MHz, 26.77 W, 0x0000000000000001
2026/09/24 13:38:22.217, 894 MiB, 36 %, 59, 2055 MHz, 27.24 W, 0x0000000000000001
2026/09/24 13:38:24.220, 894 MiB, 41 %, 60, 2055 MHz, 27.54 W, 0x0000000000000001
2026/09/24 13:38:26.236, 894 MiB, 38 %, 60, 2130 MHz, 28.06 W, 0x0000000000000001
2026/09/24 13:38:28.250, 894 MiB, 37 %, 59, 2085 MHz, 28.35 W, 0x0000000000000001
2026/09/24 13:38:30.265, 894 MiB, 39 %, 59, 2070 MHz, 27.19 W, 0x0000000000000001
2026/09/24 13:38:32.279, 894 MiB, 40 %, 59, 1995 MHz, 27.51 W, 0x0000000000000001
2026/09/24 13:38:34.280, 894 MiB, 40 %, 59, 2115 MHz, 28.10 W, 0x0000000000000001
2026/09/24 13:38:36.282, 894 MiB, 38 %, 59, 2040 MHz, 26.09 W, 0x0000000000000001
2026/09/24 13:38:38.288, 894 MiB, 33 %, 59, 2145 MHz, 27.77 W, 0x0000000000000001
2026/09/24 13:38:40.290, 894 MiB, 41 %, 59, 1995 MHz, 25.88 W, 0x0000000000000001
2026/09/24 13:38:42.293, 894 MiB, 38 %, 59, 2130 MHz, 28.34 W, 0x0000000000000001
2026/09/24 13:38:44.296, 894 MiB, 38 %, 60, 2040 MHz, 26.85 W, 0x0000000000000001
2026/09/24 13:38:46.308, 894 MiB, 42 %, 59, 2130 MHz, 27.82 W, 0x0000000000000001
2026/09/24 13:38:48.310, 894 MiB, 38 %, 59, 2085 MHz, 28.24 W, 0x0000000000000001
2026/09/24 13:38:50.323, 894 MiB, 40 %, 59, 2070 MHz, 27.58 W, 0x0000000000000001
2026/09/24 13:38:52.335, 894 MiB, 38 %, 59, 2130 MHz, 27.60 W, 0x0000000000000001
2026/09/24 13:38:54.349, 894 MiB, 38 %, 59, 2130 MHz, 28.57 W, 0x0000000000000001
2026/09/24 13:38:56.362, 894 MiB, 42 %, 59, 2115 MHz, 28.29 W, 0x0000000000000001
2026/09/24 13:38:58.367, 894 MiB, 37 %, 60, 2055 MHz, 27.40 W, 0x0000000000000001
2026/09/24 13:39:00.372, 894 MiB, 34 %, 59, 2100 MHz, 27.33 W, 0x0000000000000001
2026/09/24 13:39:02.386, 894 MiB, 37 %, 60, 2100 MHz, 27.37 W, 0x0000000000000001
2026/09/24 13:39:04.388, 894 MiB, 41 %, 59, 2100 MHz, 27.93 W, 0x0000000000000001
2026/09/24 13:39:06.390, 894 MiB, 41 %, 60, 2115 MHz, 28.05 W, 0x0000000000000001
2026/09/24 13:39:08.402, 894 MiB, 40 %, 59, 2055 MHz, 27.42 W, 0x0000000000000001
2026/09/24 13:39:10.412, 894 MiB, 41 %, 60, 2115 MHz, 26.80 W, 0x0000000000000001
2026/09/24 13:39:12.427, 894 MiB, 42 %, 60, 2055 MHz, 27.88 W, 0x0000000000000001
2026/09/24 13:39:14.428, 894 MiB, 35 %, 60, 2160 MHz, 27.96 W, 0x0000000000000001
2026/09/24 13:39:16.443, 894 MiB, 40 %, 60, 2130 MHz, 27.40 W, 0x0000000000000001
2026/09/24 13:39:18.452, 894 MiB, 40 %, 59, 2025 MHz, 26.70 W, 0x0000000000000001
2026/09/24 13:39:20.454, 894 MiB, 41 %, 60, 2115 MHz, 28.18 W, 0x0000000000000001
2026/09/24 13:39:22.469, 894 MiB, 36 %, 59, 2055 MHz, 27.43 W, 0x0000000000000001
2026/09/24 13:39:24.480, 894 MiB, 39 %, 59, 2040 MHz, 27.02 W, 0x0000000000000001
2026/09/24 13:39:26.481, 894 MiB, 38 %, 60, 2175 MHz, 28.70 W, 0x0000000000000001
2026/09/24 13:39:28.495, 894 MiB, 35 %, 59, 2040 MHz, 27.29 W, 0x0000000000000001
2026/09/24 13:39:30.506, 894 MiB, 36 %, 59, 1950 MHz, 24.94 W, 0x0000000000000001
2026/09/24 13:39:32.508, 894 MiB, 40 %, 59, 1995 MHz, 25.71 W, 0x0000000000000001
2026/09/24 13:39:34.522, 894 MiB, 37 %, 59, 2010 MHz, 25.38 W, 0x0000000000000001
2026/09/24 13:39:36.528, 894 MiB, 38 %, 59, 1965 MHz, 25.34 W, 0x0000000000000001
2026/09/24 13:39:38.543, 894 MiB, 41 %, 59, 1995 MHz, 25.93 W, 0x0000000000000001
2026/09/24 13:39:40.556, 894 MiB, 42 %, 59, 2025 MHz, 26.15 W, 0x0000000000000001
2026/09/24 13:39:42.557, 894 MiB, 39 %, 59, 2010 MHz, 26.31 W, 0x0000000000000001
2026/09/24 13:39:44.571, 894 MiB, 42 %, 59, 2010 MHz, 25.97 W, 0x0000000000000001
2026/09/24 13:39:46.585, 894 MiB, 37 %, 59, 2010 MHz, 25.97 W, 0x0000000000000001
2026/09/24 13:39:48.600, 894 MiB, 40 %, 59, 2010 MHz, 26.02 W, 0x0000000000000001
2026/09/24 13:39:50.612, 894 MiB, 41 %, 59, 2025 MHz, 26.34 W, 0x0000000000000001
2026/09/24 13:39:52.620, 894 MiB, 39 %, 59, 1965 MHz, 24.98 W, 0x0000000000000001
2026/09/24 13:39:54.632, 894 MiB, 40 %, 59, 1995 MHz, 25.98 W, 0x0000000000000001
2026/09/24 13:39:56.638, 894 MiB, 43 %, 59, 2010 MHz, 25.85 W, 0x0000000000000001
2026/09/24 13:39:58.646, 894 MiB, 39 %, 59, 1980 MHz, 26.34 W, 0x0000000000000001
2026/09/24 13:40:00.660, 894 MiB, 40 %, 59, 1995 MHz, 25.42 W, 0x0000000000000001
2026/09/24 13:40:02.663, 894 MiB, 39 %, 58, 1995 MHz, 25.33 W, 0x0000000000000001
2026/09/24 13:40:04.677, 894 MiB, 39 %, 59, 2010 MHz, 26.08 W, 0x0000000000000001
2026/09/24 13:40:06.688, 894 MiB, 41 %, 59, 1920 MHz, 24.23 W, 0x0000000000000001
2026/09/24 13:40:08.702, 894 MiB, 36 %, 58, 1950 MHz, 24.31 W, 0x0000000000000001
2026/09/24 13:40:10.705, 894 MiB, 35 %, 58, 1875 MHz, 23.31 W, 0x0000000000000001
2026/09/24 13:40:12.713, 894 MiB, 36 %, 58, 1920 MHz, 23.86 W, 0x0000000000000001
2026/09/24 13:40:14.727, 894 MiB, 39 %, 58, 1920 MHz, 23.78 W, 0x0000000000000001
2026/09/24 13:40:16.743, 894 MiB, 38 %, 58, 1935 MHz, 23.92 W, 0x0000000000000001
2026/09/24 13:40:18.756, 894 MiB, 36 %, 58, 1890 MHz, 23.70 W, 0x0000000000000001
2026/09/24 13:40:20.757, 894 MiB, 38 %, 58, 1890 MHz, 23.96 W, 0x0000000000000001
2026/09/24 13:40:22.770, 894 MiB, 38 %, 58, 1920 MHz, 23.90 W, 0x0000000000000001
2026/09/24 13:40:24.780, 894 MiB, 39 %, 58, 1920 MHz, 24.01 W, 0x0000000000000001
2026/09/24 13:40:26.793, 894 MiB, 42 %, 58, 1905 MHz, 23.61 W, 0x0000000000000001
2026/09/24 13:40:28.808, 894 MiB, 38 %, 58, 1890 MHz, 23.09 W, 0x0000000000000001
2026/09/24 13:40:30.823, 894 MiB, 41 %, 58, 1905 MHz, 23.67 W, 0x0000000000000001
2026/09/24 13:40:32.833, 894 MiB, 39 %, 58, 1905 MHz, 23.85 W, 0x0000000000000001
2026/09/24 13:40:34.847, 894 MiB, 35 %, 58, 1905 MHz, 23.78 W, 0x0000000000000001
2026/09/24 13:40:36.858, 894 MiB, 36 %, 57, 1920 MHz, 23.84 W, 0x0000000000000001
2026/09/24 13:40:38.859, 894 MiB, 38 %, 58, 1920 MHz, 23.87 W, 0x0000000000000001
2026/09/24 13:40:40.862, 894 MiB, 38 %, 58, 1950 MHz, 23.72 W, 0x0000000000000001
2026/09/24 13:40:42.873, 894 MiB, 33 %, 58, 1950 MHz, 24.09 W, 0x0000000000000001
2026/09/24 13:40:44.887, 894 MiB, 39 %, 58, 1920 MHz, 23.65 W, 0x0000000000000001
2026/09/24 13:40:46.899, 894 MiB, 36 %, 58, 1920 MHz, 23.69 W, 0x0000000000000001
2026/09/24 13:40:48.910, 894 MiB, 39 %, 58, 1890 MHz, 23.85 W, 0x0000000000000001
2026/09/24 13:40:50.913, 894 MiB, 36 %, 58, 1920 MHz, 23.85 W, 0x0000000000000001
2026/09/24 13:40:52.922, 894 MiB, 41 %, 58, 1935 MHz, 24.25 W, 0x0000000000000001
2026/09/24 13:40:54.935, 894 MiB, 30 %, 58, 1920 MHz, 23.88 W, 0x0000000000000001
2026/09/24 13:40:56.950, 894 MiB, 39 %, 58, 1905 MHz, 24.09 W, 0x0000000000000001
2026/09/24 13:40:58.965, 894 MiB, 39 %, 58, 1980 MHz, 24.54 W, 0x0000000000000001
2026/09/24 13:41:00.966, 894 MiB, 39 %, 58, 1950 MHz, 23.88 W, 0x0000000000000001
2026/09/24 13:41:02.970, 894 MiB, 36 %, 57, 1875 MHz, 23.53 W, 0x0000000000000001
2026/09/24 13:41:04.977, 894 MiB, 37 %, 57, 2010 MHz, 24.86 W, 0x0000000000000001
2026/09/24 13:41:06.990, 894 MiB, 38 %, 58, 1920 MHz, 24.08 W, 0x0000000000000001
2026/09/24 13:41:09.002, 894 MiB, 38 %, 57, 1905 MHz, 23.78 W, 0x0000000000000001
2026/09/24 13:41:11.006, 894 MiB, 38 %, 58, 1905 MHz, 23.59 W, 0x0000000000000001
2026/09/24 13:41:13.020, 894 MiB, 36 %, 58, 1965 MHz, 24.56 W, 0x0000000000000001
2026/09/24 13:41:15.024, 894 MiB, 42 %, 57, 1905 MHz, 24.37 W, 0x0000000000000001
2026/09/24 13:41:17.032, 894 MiB, 42 %, 58, 1980 MHz, 23.89 W, 0x0000000000000001
2026/09/24 13:41:19.046, 894 MiB, 35 %, 57, 1890 MHz, 24.15 W, 0x0000000000000001
2026/09/24 13:41:21.059, 894 MiB, 39 %, 57, 1920 MHz, 23.58 W, 0x0000000000000001
2026/09/24 13:41:23.074, 894 MiB, 37 %, 57, 1920 MHz, 23.60 W, 0x0000000000000001
2026/09/24 13:41:25.087, 894 MiB, 38 %, 57, 1875 MHz, 23.41 W, 0x0000000000000001
2026/09/24 13:41:27.100, 894 MiB, 41 %, 57, 1905 MHz, 23.08 W, 0x0000000000000001
2026/09/24 13:41:29.112, 894 MiB, 42 %, 57, 1890 MHz, 23.43 W, 0x0000000000000001
2026/09/24 13:41:31.125, 894 MiB, 40 %, 57, 1905 MHz, 23.31 W, 0x0000000000000001
2026/09/24 13:41:33.139, 894 MiB, 39 %, 58, 1905 MHz, 23.52 W, 0x0000000000000001
2026/09/24 13:41:35.141, 894 MiB, 40 %, 57, 1920 MHz, 23.66 W, 0x0000000000000001
2026/09/24 13:41:37.145, 894 MiB, 40 %, 57, 1920 MHz, 23.89 W, 0x0000000000000001
2026/09/24 13:41:39.148, 894 MiB, 37 %, 58, 1935 MHz, 24.22 W, 0x0000000000000001
2026/09/24 13:41:41.160, 894 MiB, 36 %, 57, 1920 MHz, 23.63 W, 0x0000000000000001
2026/09/24 13:41:43.162, 894 MiB, 41 %, 57, 1935 MHz, 24.16 W, 0x0000000000000001
2026/09/24 13:41:45.177, 894 MiB, 38 %, 57, 1920 MHz, 23.84 W, 0x0000000000000001
2026/09/24 13:41:47.184, 894 MiB, 38 %, 57, 1905 MHz, 23.61 W, 0x0000000000000001
2026/09/24 13:41:49.186, 894 MiB, 40 %, 57, 1890 MHz, 23.26 W, 0x0000000000000001
2026/09/24 13:41:51.201, 894 MiB, 37 %, 57, 1905 MHz, 23.66 W, 0x0000000000000001
2026/09/24 13:41:53.209, 894 MiB, 42 %, 57, 1905 MHz, 23.60 W, 0x0000000000000001
2026/09/24 13:41:55.223, 894 MiB, 36 %, 57, 1980 MHz, 24.20 W, 0x0000000000000001
2026/09/24 13:41:57.229, 894 MiB, 38 %, 57, 1785 MHz, 21.93 W, 0x0000000000000001
2026/09/24 13:41:59.245, 894 MiB, 38 %, 56, 1740 MHz, 21.35 W, 0x0000000000000001
2026/09/24 13:42:01.246, 894 MiB, 40 %, 56, 1770 MHz, 21.24 W, 0x0000000000000001
2026/09/24 13:42:03.261, 894 MiB, 40 %, 56, 1770 MHz, 21.09 W, 0x0000000000000001
2026/09/24 13:42:05.268, 894 MiB, 36 %, 56, 1710 MHz, 21.04 W, 0x0000000000000001
2026/09/24 13:42:07.280, 894 MiB, 38 %, 56, 1710 MHz, 20.77 W, 0x0000000000000001
2026/09/24 13:42:09.295, 894 MiB, 41 %, 56, 1770 MHz, 21.05 W, 0x0000000000000001
2026/09/24 13:42:11.308, 894 MiB, 41 %, 56, 1755 MHz, 20.93 W, 0x0000000000000001
2026/09/24 13:42:13.319, 894 MiB, 42 %, 56, 1710 MHz, 20.94 W, 0x0000000000000001
2026/09/24 13:42:15.324, 894 MiB, 40 %, 56, 1725 MHz, 20.90 W, 0x0000000000000001
2026/09/24 13:42:17.339, 894 MiB, 40 %, 56, 1710 MHz, 20.94 W, 0x0000000000000001
2026/09/24 13:42:19.343, 894 MiB, 35 %, 56, 1725 MHz, 21.04 W, 0x0000000000000001
2026/09/24 13:42:21.357, 894 MiB, 37 %, 56, 1725 MHz, 20.73 W, 0x0000000000000001
2026/09/24 13:42:23.363, 894 MiB, 41 %, 56, 1725 MHz, 20.84 W, 0x0000000000000001
2026/09/24 13:42:25.369, 894 MiB, 36 %, 56, 1740 MHz, 21.17 W, 0x0000000000000001
2026/09/24 13:42:27.384, 894 MiB, 35 %, 56, 1725 MHz, 20.50 W, 0x0000000000000001
2026/09/24 13:42:29.389, 894 MiB, 37 %, 55, 1575 MHz, 19.31 W, 0x0000000000000001
2026/09/24 13:42:31.390, 894 MiB, 38 %, 55, 1710 MHz, 18.55 W, 0x0000000000000001
2026/09/24 13:42:33.406, 923 MiB, 32 %, 55, 2130 MHz, 20.54 W, 0x0000000000000001
2026/09/24 13:42:35.421, 894 MiB, 31 %, 56, 2130 MHz, 24.73 W, 0x0000000000000001
2026/09/24 13:42:37.423, 894 MiB, 32 %, 55, 1710 MHz, 20.66 W, 0x0000000000000001
2026/09/24 13:42:39.438, 894 MiB, 42 %, 55, 1575 MHz, 19.43 W, 0x0000000000000001
2026/09/24 13:42:41.454, 894 MiB, 41 %, 55, 1500 MHz, 18.79 W, 0x0000000000000001
2026/09/24 13:42:43.468, 894 MiB, 37 %, 55, 1515 MHz, 18.71 W, 0x0000000000000001
2026/09/24 13:42:45.483, 894 MiB, 43 %, 54, 1395 MHz, 16.99 W, 0x0000000000000001
2026/09/24 13:42:47.485, 894 MiB, 44 %, 54, 1365 MHz, 17.91 W, 0x0000000000000001
2026/09/24 13:42:49.500, 894 MiB, 46 %, 54, 1365 MHz, 17.93 W, 0x0000000000000001
2026/09/24 13:42:51.515, 894 MiB, 45 %, 54, 1380 MHz, 18.17 W, 0x0000000000000001
2026/09/24 13:42:53.530, 894 MiB, 40 %, 53, 1365 MHz, 17.50 W, 0x0000000000000001
2026/09/24 13:42:55.532, 894 MiB, 44 %, 53, 1365 MHz, 17.60 W, 0x0000000000000001
2026/09/24 13:42:57.545, 894 MiB, 44 %, 53, 1365 MHz, 17.97 W, 0x0000000000000001
2026/09/24 13:42:59.548, 894 MiB, 42 %, 53, 1380 MHz, 17.99 W, 0x0000000000000001
2026/09/24 13:43:01.557, 894 MiB, 42 %, 53, 1365 MHz, 16.92 W, 0x0000000000000001
2026/09/24 13:43:03.569, 894 MiB, 41 %, 53, 1305 MHz, 16.66 W, 0x0000000000000001
2026/09/24 13:43:05.584, 894 MiB, 34 %, 53, 1425 MHz, 16.39 W, 0x0000000000000001
2026/09/24 13:43:07.594, 894 MiB, 51 %, 52, 1035 MHz, 13.62 W, 0x0000000000000001
2026/09/24 13:43:09.606, 894 MiB, 41 %, 52, 930 MHz, 11.40 W, 0x0000000000000001
2026/09/24 13:43:11.615, 894 MiB, 39 %, 51, 525 MHz, 10.40 W, 0x0000000000000001
2026/09/24 13:43:13.616, 894 MiB, 55 %, 51, 390 MHz, 9.08 W, 0x0000000000000001
2026/09/24 13:43:15.625, 894 MiB, 53 %, 51, 450 MHz, 9.37 W, 0x0000000000000001
2026/09/24 13:43:17.637, 894 MiB, 42 %, 51, 465 MHz, 9.47 W, 0x0000000000000001
2026/09/24 13:43:19.651, 894 MiB, 59 %, 51, 375 MHz, 9.84 W, 0x0000000000000001
2026/09/24 13:43:21.665, 894 MiB, 52 %, 50, 375 MHz, 9.72 W, 0x0000000000000001
2026/09/24 13:43:23.677, 894 MiB, 51 %, 50, 465 MHz, 9.47 W, 0x0000000000000001
2026/09/24 13:43:25.691, 894 MiB, 48 %, 50, 420 MHz, 9.61 W, 0x0000000000000001
2026/09/24 13:43:27.698, 894 MiB, 56 %, 50, 375 MHz, 9.72 W, 0x0000000000000001
2026/09/24 13:43:29.710, 894 MiB, 48 %, 50, 435 MHz, 9.28 W, 0x0000000000000001
2026/09/24 13:43:31.717, 894 MiB, 51 %, 49, 405 MHz, 9.37 W, 0x0000000000000001
2026/09/24 13:43:33.718, 894 MiB, 46 %, 49, 405 MHz, 9.32 W, 0x0000000000000001
2026/09/24 13:43:35.732, 894 MiB, 51 %, 49, 405 MHz, 9.31 W, 0x0000000000000001
2026/09/24 13:43:37.745, 894 MiB, 46 %, 49, 450 MHz, 9.02 W, 0x0000000000000001
2026/09/24 13:43:39.757, 894 MiB, 48 %, 49, 450 MHz, 9.07 W, 0x0000000000000001
2026/09/24 13:43:41.772, 894 MiB, 51 %, 49, 375 MHz, 9.40 W, 0x0000000000000001
2026/09/24 13:43:43.776, 894 MiB, 48 %, 49, 465 MHz, 9.71 W, 0x0000000000000001
2026/09/24 13:43:45.791, 894 MiB, 51 %, 49, 450 MHz, 9.11 W, 0x0000000000000001
2026/09/24 13:43:47.808, 894 MiB, 51 %, 48, 450 MHz, 9.03 W, 0x0000000000000001
2026/09/24 13:43:49.811, 894 MiB, 41 %, 48, 480 MHz, 9.65 W, 0x0000000000000001
2026/09/24 13:43:51.819, 894 MiB, 44 %, 48, 450 MHz, 9.06 W, 0x0000000000000001
2026/09/24 13:43:53.833, 894 MiB, 46 %, 48, 435 MHz, 9.00 W, 0x0000000000000001
2026/09/24 13:43:55.839, 894 MiB, 48 %, 48, 435 MHz, 8.99 W, 0x0000000000000001
2026/09/24 13:43:57.852, 894 MiB, 49 %, 48, 480 MHz, 9.21 W, 0x0000000000000001
2026/09/24 13:43:59.854, 894 MiB, 58 %, 48, 360 MHz, 9.34 W, 0x0000000000000001
2026/09/24 13:44:01.859, 894 MiB, 54 %, 47, 375 MHz, 9.29 W, 0x0000000000000001
2026/09/24 13:44:03.875, 894 MiB, 53 %, 47, 390 MHz, 9.37 W, 0x0000000000000001
2026/09/24 13:44:05.887, 894 MiB, 56 %, 47, 390 MHz, 9.26 W, 0x0000000000000001
2026/09/24 13:44:07.900, 894 MiB, 50 %, 47, 420 MHz, 10.24 W, 0x0000000000000001
2026/09/24 13:44:09.902, 894 MiB, 48 %, 47, 450 MHz, 9.04 W, 0x0000000000000001
2026/09/24 13:44:11.916, 894 MiB, 49 %, 47, 465 MHz, 9.65 W, 0x0000000000000001
2026/09/24 13:44:13.927, 894 MiB, 47 %, 47, 465 MHz, 9.09 W, 0x0000000000000001
2026/09/24 13:44:15.930, 894 MiB, 51 %, 47, 435 MHz, 9.01 W, 0x0000000000000001
2026/09/24 13:44:17.944, 894 MiB, 58 %, 47, 360 MHz, 9.31 W, 0x0000000000000001
2026/09/24 13:44:19.959, 894 MiB, 57 %, 46, 360 MHz, 9.19 W, 0x0000000000000001
2026/09/24 13:44:21.968, 894 MiB, 53 %, 46, 435 MHz, 9.62 W, 0x0000000000000001
2026/09/24 13:44:23.981, 894 MiB, 41 %, 46, 480 MHz, 9.06 W, 0x0000000000000001
2026/09/24 13:44:25.994, 894 MiB, 45 %, 46, 435 MHz, 9.05 W, 0x0000000000000001
2026/09/24 13:44:28.008, 894 MiB, 45 %, 46, 435 MHz, 9.56 W, 0x0000000000000001
2026/09/24 13:44:30.009, 894 MiB, 53 %, 46, 405 MHz, 9.29 W, 0x0000000000000001
2026/09/24 13:44:32.023, 894 MiB, 52 %, 46, 435 MHz, 8.96 W, 0x0000000000000001
2026/09/24 13:44:34.034, 894 MiB, 53 %, 46, 405 MHz, 9.30 W, 0x0000000000000001
2026/09/24 13:44:36.036, 894 MiB, 50 %, 46, 465 MHz, 9.14 W, 0x0000000000000001
2026/09/24 13:44:38.043, 894 MiB, 58 %, 46, 360 MHz, 9.30 W, 0x0000000000000001
2026/09/24 13:44:40.058, 894 MiB, 57 %, 46, 375 MHz, 9.18 W, 0x0000000000000001
2026/09/24 13:44:42.060, 894 MiB, 58 %, 46, 375 MHz, 9.31 W, 0x0000000000000001
2026/09/24 13:44:44.074, 894 MiB, 49 %, 46, 390 MHz, 9.19 W, 0x0000000000000001
2026/09/24 13:44:46.088, 894 MiB, 52 %, 45, 435 MHz, 9.61 W, 0x0000000000000001
2026/09/24 13:44:48.102, 894 MiB, 47 %, 45, 465 MHz, 9.07 W, 0x0000000000000001
2026/09/24 13:44:50.116, 894 MiB, 42 %, 45, 465 MHz, 9.06 W, 0x0000000000000001
2026/09/24 13:44:52.131, 894 MiB, 47 %, 45, 465 MHz, 8.97 W, 0x0000000000000001
2026/09/24 13:44:54.144, 894 MiB, 58 %, 45, 360 MHz, 9.35 W, 0x0000000000000001
2026/09/24 13:44:56.159, 894 MiB, 52 %, 45, 420 MHz, 9.49 W, 0x0000000000000001
2026/09/24 13:44:58.169, 894 MiB, 54 %, 45, 405 MHz, 9.22 W, 0x0000000000000001
2026/09/24 13:45:00.181, 894 MiB, 50 %, 45, 405 MHz, 9.28 W, 0x0000000000000001
2026/09/24 13:45:02.187, 894 MiB, 54 %, 45, 405 MHz, 9.18 W, 0x0000000000000001
2026/09/24 13:45:04.198, 894 MiB, 50 %, 45, 465 MHz, 9.58 W, 0x0000000000000001
2026/09/24 13:45:06.211, 894 MiB, 53 %, 45, 405 MHz, 9.19 W, 0x0000000000000001
2026/09/24 13:45:08.218, 894 MiB, 50 %, 45, 405 MHz, 9.20 W, 0x0000000000000001
2026/09/24 13:45:10.232, 894 MiB, 57 %, 44, 435 MHz, 9.67 W, 0x0000000000000001
2026/09/24 13:45:12.241, 894 MiB, 45 %, 44, 375 MHz, 9.53 W, 0x0000000000000001
2026/09/24 13:45:14.256, 894 MiB, 49 %, 44, 405 MHz, 9.65 W, 0x0000000000000001
2026/09/24 13:45:16.264, 894 MiB, 59 %, 44, 480 MHz, 9.09 W, 0x0000000000000001
2026/09/24 13:45:18.265, 894 MiB, 49 %, 44, 390 MHz, 9.54 W, 0x0000000000000001
2026/09/24 13:45:20.278, 894 MiB, 50 %, 44, 450 MHz, 9.35 W, 0x0000000000000001
2026/09/24 13:45:22.281, 894 MiB, 54 %, 44, 450 MHz, 9.00 W, 0x0000000000000001
2026/09/24 13:45:24.287, 894 MiB, 52 %, 44, 420 MHz, 8.97 W, 0x0000000000000001
2026/09/24 13:45:26.302, 894 MiB, 44 %, 44, 375 MHz, 9.51 W, 0x0000000000000001
2026/09/24 13:45:28.312, 894 MiB, 43 %, 44, 390 MHz, 9.20 W, 0x0000000000000001
2026/09/24 13:45:30.321, 894 MiB, 40 %, 44, 390 MHz, 9.22 W, 0x0000000000000001
2026/09/24 13:45:32.325, 894 MiB, 47 %, 44, 390 MHz, 9.86 W, 0x0000000000000001
2026/09/24 13:45:34.338, 894 MiB, 55 %, 44, 465 MHz, 9.05 W, 0x0000000000000001
2026/09/24 13:45:36.348, 894 MiB, 42 %, 44, 360 MHz, 9.36 W, 0x0000000000000001
2026/09/24 13:45:38.362, 894 MiB, 61 %, 44, 465 MHz, 8.94 W, 0x0000000000000001
2026/09/24 13:45:40.373, 894 MiB, 47 %, 44, 375 MHz, 9.46 W, 0x0000000000000001
2026/09/24 13:45:42.382, 894 MiB, 50 %, 44, 390 MHz, 9.23 W, 0x0000000000000001
2026/09/24 13:45:44.388, 894 MiB, 61 %, 43, 480 MHz, 9.32 W, 0x0000000000000001
2026/09/24 13:45:46.401, 894 MiB, 58 %, 43, 480 MHz, 9.03 W, 0x0000000000000001
2026/09/24 13:45:48.407, 894 MiB, 43 %, 43, 405 MHz, 9.69 W, 0x0000000000000001
2026/09/24 13:45:50.417, 894 MiB, 57 %, 43, 480 MHz, 8.99 W, 0x0000000000000001
2026/09/24 13:45:52.429, 894 MiB, 57 %, 43, 465 MHz, 9.01 W, 0x0000000000000001
2026/09/24 13:45:54.443, 894 MiB, 56 %, 43, 435 MHz, 9.02 W, 0x0000000000000001
2026/09/24 13:45:56.454, 894 MiB, 43 %, 43, 405 MHz, 9.61 W, 0x0000000000000001
2026/09/24 13:45:58.458, 894 MiB, 54 %, 43, 390 MHz, 7.78 W, 0x0000000000000001
2026/09/24 13:46:00.473, 894 MiB, 50 %, 43, 420 MHz, 7.33 W, 0x0000000000000001
2026/09/24 13:46:02.487, 894 MiB, 51 %, 43, 390 MHz, 7.16 W, 0x0000000000000001
2026/09/24 13:46:04.498, 894 MiB, 49 %, 43, 375 MHz, 7.89 W, 0x0000000000000001
2026/09/24 13:46:06.507, 894 MiB, 47 %, 43, 405 MHz, 7.28 W, 0x0000000000000001
2026/09/24 13:46:08.513, 894 MiB, 48 %, 43, 375 MHz, 7.78 W, 0x0000000000000001
2026/09/24 13:46:10.524, 894 MiB, 53 %, 43, 375 MHz, 7.23 W, 0x0000000000000001
2026/09/24 13:46:12.526, 894 MiB, 52 %, 43, 360 MHz, 7.27 W, 0x0000000000000001
2026/09/24 13:46:14.531, 894 MiB, 52 %, 43, 390 MHz, 7.29 W, 0x0000000000000001
2026/09/24 13:46:16.544, 894 MiB, 48 %, 43, 375 MHz, 7.27 W, 0x0000000000000001
2026/09/24 13:46:18.545, 894 MiB, 54 %, 42, 405 MHz, 7.89 W, 0x0000000000000001
2026/09/24 13:46:20.558, 894 MiB, 57 %, 43, 405 MHz, 7.89 W, 0x0000000000000001
2026/09/24 13:46:22.563, 894 MiB, 46 %, 42, 390 MHz, 7.25 W, 0x0000000000000001
2026/09/24 13:46:24.572, 894 MiB, 42 %, 42, 330 MHz, 7.78 W, 0x0000000000000001
2026/09/24 13:46:26.587, 894 MiB, 52 %, 42, 390 MHz, 7.27 W, 0x0000000000000001
2026/09/24 13:46:28.597, 894 MiB, 41 %, 42, 375 MHz, 7.91 W, 0x0000000000000001
2026/09/24 13:46:30.612, 894 MiB, 48 %, 42, 375 MHz, 7.24 W, 0x0000000000000001
2026/09/24 13:46:32.615, 894 MiB, 52 %, 42, 375 MHz, 7.24 W, 0x0000000000000001
2026/09/24 13:46:34.622, 894 MiB, 51 %, 42, 375 MHz, 7.26 W, 0x0000000000000001
2026/09/24 13:46:36.623, 894 MiB, 48 %, 42, 345 MHz, 7.22 W, 0x0000000000000001
2026/09/24 13:46:38.639, 894 MiB, 52 %, 42, 375 MHz, 7.19 W, 0x0000000000000001
2026/09/24 13:46:40.654, 894 MiB, 53 %, 42, 390 MHz, 7.21 W, 0x0000000000000001
2026/09/24 13:46:42.668, 894 MiB, 52 %, 42, 390 MHz, 7.31 W, 0x0000000000000001
2026/09/24 13:46:44.674, 894 MiB, 49 %, 42, 375 MHz, 7.27 W, 0x0000000000000001
2026/09/24 13:46:46.686, 894 MiB, 50 %, 42, 375 MHz, 7.16 W, 0x0000000000000001
2026/09/24 13:46:48.698, 894 MiB, 53 %, 42, 405 MHz, 7.27 W, 0x0000000000000001
2026/09/24 13:46:50.703, 894 MiB, 48 %, 42, 360 MHz, 7.23 W, 0x0000000000000001
2026/09/24 13:46:52.716, 894 MiB, 50 %, 42, 375 MHz, 7.86 W, 0x0000000000000001
2026/09/24 13:46:54.730, 894 MiB, 52 %, 42, 390 MHz, 7.24 W, 0x0000000000000001
2026/09/24 13:46:56.746, 894 MiB, 41 %, 42, 420 MHz, 7.52 W, 0x0000000000000001
2026/09/24 13:46:58.759, 894 MiB, 46 %, 42, 390 MHz, 7.34 W, 0x0000000000000001
2026/09/24 13:47:00.773, 894 MiB, 47 %, 42, 375 MHz, 7.27 W, 0x0000000000000001
2026/09/24 13:47:02.774, 894 MiB, 53 %, 42, 375 MHz, 7.31 W, 0x0000000000000001
2026/09/24 13:47:04.789, 894 MiB, 46 %, 41, 390 MHz, 7.28 W, 0x0000000000000001
2026/09/24 13:47:06.802, 894 MiB, 55 %, 41, 330 MHz, 7.94 W, 0x0000000000000001
2026/09/24 13:47:08.817, 894 MiB, 47 %, 41, 375 MHz, 7.25 W, 0x0000000000000001
2026/09/24 13:47:10.828, 894 MiB, 48 %, 41, 375 MHz, 7.34 W, 0x0000000000000001
2026/09/24 13:47:12.841, 894 MiB, 47 %, 41, 375 MHz, 7.25 W, 0x0000000000000001
2026/09/24 13:47:14.849, 894 MiB, 46 %, 41, 375 MHz, 7.25 W, 0x0000000000000001
2026/09/24 13:47:16.855, 894 MiB, 53 %, 41, 375 MHz, 7.21 W, 0x0000000000000001
2026/09/24 13:47:18.856, 894 MiB, 52 %, 41, 375 MHz, 7.17 W, 0x0000000000000001
2026/09/24 13:47:20.858, 894 MiB, 47 %, 41, 375 MHz, 7.80 W, 0x0000000000000001
2026/09/24 13:47:22.873, 894 MiB, 46 %, 41, 390 MHz, 7.11 W, 0x0000000000000001
2026/09/24 13:47:24.878, 894 MiB, 48 %, 41, 390 MHz, 7.83 W, 0x0000000000000001
2026/09/24 13:47:26.880, 894 MiB, 45 %, 41, 405 MHz, 7.21 W, 0x0000000000000001
2026/09/24 13:47:28.892, 894 MiB, 54 %, 41, 360 MHz, 7.18 W, 0x0000000000000001
2026/09/24 13:47:30.904, 894 MiB, 49 %, 41, 390 MHz, 7.80 W, 0x0000000000000001
2026/09/24 13:47:32.917, 894 MiB, 52 %, 41, 375 MHz, 7.16 W, 0x0000000000000001
2026/09/24 13:47:34.920, 894 MiB, 50 %, 41, 405 MHz, 7.25 W, 0x0000000000000001
2026/09/24 13:47:36.930, 894 MiB, 51 %, 41, 375 MHz, 7.17 W, 0x0000000000000001
2026/09/24 13:47:38.944, 894 MiB, 52 %, 41, 375 MHz, 7.22 W, 0x0000000000000001
2026/09/24 13:47:40.951, 894 MiB, 47 %, 41, 390 MHz, 7.92 W, 0x0000000000000001
2026/09/24 13:47:42.952, 894 MiB, 54 %, 41, 390 MHz, 7.22 W, 0x0000000000000001
2026/09/24 13:47:44.967, 894 MiB, 47 %, 41, 375 MHz, 7.26 W, 0x0000000000000001
2026/09/24 13:47:46.978, 894 MiB, 48 %, 41, 360 MHz, 7.21 W, 0x0000000000000001
2026/09/24 13:47:48.983, 894 MiB, 51 %, 41, 375 MHz, 7.20 W, 0x0000000000000001
2026/09/24 13:47:50.993, 894 MiB, 45 %, 41, 345 MHz, 7.88 W, 0x0000000000000001
2026/09/24 13:47:53.004, 894 MiB, 50 %, 41, 375 MHz, 7.30 W, 0x0000000000000001
2026/09/24 13:47:55.009, 894 MiB, 51 %, 41, 390 MHz, 7.39 W, 0x0000000000000001
2026/09/24 13:47:57.022, 894 MiB, 54 %, 41, 375 MHz, 7.01 W, 0x0000000000000001
2026/09/24 13:47:59.037, 894 MiB, 55 %, 41, 375 MHz, 6.99 W, 0x0000000000000001
2026/09/24 13:48:01.045, 894 MiB, 46 %, 40, 345 MHz, 6.96 W, 0x0000000000000001
2026/09/24 13:48:03.060, 894 MiB, 39 %, 40, 315 MHz, 7.56 W, 0x0000000000000001
2026/09/24 13:48:05.073, 894 MiB, 47 %, 40, 360 MHz, 7.00 W, 0x0000000000000001
2026/09/24 13:48:07.086, 894 MiB, 47 %, 40, 360 MHz, 6.98 W, 0x0000000000000001
2026/09/24 13:48:09.093, 894 MiB, 52 %, 40, 360 MHz, 7.01 W, 0x0000000000000001
2026/09/24 13:48:11.101, 894 MiB, 54 %, 40, 405 MHz, 7.07 W, 0x0000000000000001
2026/09/24 13:48:13.115, 894 MiB, 52 %, 40, 360 MHz, 6.98 W, 0x0000000000000001
2026/09/24 13:48:15.117, 894 MiB, 48 %, 40, 360 MHz, 6.93 W, 0x0000000000000001
2026/09/24 13:48:17.126, 894 MiB, 53 %, 40, 360 MHz, 6.91 W, 0x0000000000000001
2026/09/24 13:48:19.133, 894 MiB, 12 %, 40, 360 MHz, 7.36 W, 0x0000000000000001
2026/09/24 13:48:21.135, 894 MiB, 41 %, 40, 465 MHz, 9.33 W, 0x0000000000000001
2026/09/24 13:48:23.141, 921 MiB, 17 %, 42, 2130 MHz, 18.26 W, 0x0000000000000001
2026/09/24 13:48:25.153, 926 MiB, 26 %, 43, 2130 MHz, 20.13 W, 0x0000000000000001
2026/09/24 13:48:27.156, 926 MiB, 40 %, 41, 1065 MHz, 13.26 W, 0x0000000000000001
2026/09/24 13:48:29.168, 926 MiB, 37 %, 41, 1065 MHz, 12.58 W, 0x0000000000000001
2026/09/24 13:48:31.170, 926 MiB, 44 %, 41, 780 MHz, 11.91 W, 0x0000000000000001
2026/09/24 13:48:33.184, 926 MiB, 31 %, 41, 630 MHz, 10.65 W, 0x0000000000000001
2026/09/24 13:48:35.185, 926 MiB, 58 %, 41, 420 MHz, 9.37 W, 0x0000000000000001
2026/09/24 13:48:37.188, 926 MiB, 55 %, 40, 420 MHz, 9.00 W, 0x0000000000000001
2026/09/24 13:48:39.203, 926 MiB, 42 %, 40, 345 MHz, 8.96 W, 0x0000000000000001
2026/09/24 13:48:41.218, 926 MiB, 52 %, 40, 420 MHz, 8.94 W, 0x0000000000000001
2026/09/24 13:48:43.232, 926 MiB, 39 %, 40, 315 MHz, 9.46 W, 0x0000000000000001
2026/09/24 13:48:45.246, 926 MiB, 41 %, 40, 420 MHz, 8.96 W, 0x0000000000000001
2026/09/24 13:48:47.250, 926 MiB, 50 %, 40, 405 MHz, 8.81 W, 0x0000000000000001
2026/09/24 13:48:49.264, 926 MiB, 43 %, 40, 435 MHz, 9.35 W, 0x0000000000000001
2026/09/24 13:48:51.265, 926 MiB, 49 %, 40, 360 MHz, 7.07 W, 0x0000000000000001
2026/09/24 13:48:53.279, 926 MiB, 47 %, 40, 375 MHz, 7.07 W, 0x0000000000000001
2026/09/24 13:48:55.283, 926 MiB, 67 %, 40, 315 MHz, 6.97 W, 0x0000000000000001
2026/09/24 13:48:57.292, 926 MiB, 46 %, 40, 360 MHz, 6.91 W, 0x0000000000000001
2026/09/24 13:48:59.302, 926 MiB, 56 %, 40, 345 MHz, 6.89 W, 0x0000000000000001
2026/09/24 13:49:01.309, 926 MiB, 55 %, 40, 330 MHz, 6.88 W, 0x0000000000000001
2026/09/24 13:49:03.323, 926 MiB, 58 %, 40, 300 MHz, 6.94 W, 0x0000000000000001
2026/09/24 13:49:05.339, 926 MiB, 56 %, 40, 315 MHz, 6.88 W, 0x0000000000000001
2026/09/24 13:49:07.341, 926 MiB, 49 %, 40, 390 MHz, 6.91 W, 0x0000000000000001
2026/09/24 13:49:09.343, 926 MiB, 52 %, 40, 330 MHz, 6.87 W, 0x0000000000000001
2026/09/24 13:49:11.346, 926 MiB, 49 %, 40, 330 MHz, 6.86 W, 0x0000000000000001
2026/09/24 13:49:13.354, 926 MiB, 50 %, 40, 360 MHz, 6.89 W, 0x0000000000000001
2026/09/24 13:49:15.359, 926 MiB, 50 %, 40, 330 MHz, 6.76 W, 0x0000000000000001
2026/09/24 13:49:17.372, 926 MiB, 55 %, 40, 345 MHz, 6.85 W, 0x0000000000000001
2026/09/24 13:49:19.384, 926 MiB, 53 %, 40, 345 MHz, 6.93 W, 0x0000000000000001
2026/09/24 13:49:21.384, 926 MiB, 53 %, 40, 345 MHz, 6.86 W, 0x0000000000000001
2026/09/24 13:49:23.393, 926 MiB, 55 %, 40, 330 MHz, 6.85 W, 0x0000000000000001
2026/09/24 13:49:25.403, 926 MiB, 49 %, 40, 330 MHz, 6.91 W, 0x0000000000000001
2026/09/24 13:49:27.404, 926 MiB, 49 %, 40, 285 MHz, 6.70 W, 0x0000000000000001
2026/09/24 13:49:29.405, 926 MiB, 56 %, 40, 255 MHz, 6.64 W, 0x0000000000000001
2026/09/24 13:49:31.418, 926 MiB, 50 %, 40, 255 MHz, 6.62 W, 0x0000000000000001
2026/09/24 13:49:33.432, 926 MiB, 50 %, 40, 255 MHz, 6.59 W, 0x0000000000000001
2026/09/24 13:49:35.444, 926 MiB, 50 %, 40, 255 MHz, 6.55 W, 0x0000000000000001
2026/09/24 13:49:37.457, 926 MiB, 58 %, 39, 270 MHz, 6.65 W, 0x0000000000000001
2026/09/24 13:49:39.469, 926 MiB, 53 %, 39, 270 MHz, 6.60 W, 0x0000000000000001
2026/09/24 13:49:41.477, 926 MiB, 50 %, 39, 255 MHz, 6.70 W, 0x0000000000000001
2026/09/24 13:49:43.483, 926 MiB, 50 %, 39, 285 MHz, 6.64 W, 0x0000000000000001
2026/09/24 13:49:45.493, 926 MiB, 47 %, 39, 255 MHz, 6.54 W, 0x0000000000000001
2026/09/24 13:49:47.500, 926 MiB, 49 %, 39, 240 MHz, 6.37 W, 0x0000000000000001
2026/09/24 13:49:49.512, 926 MiB, 49 %, 39, 255 MHz, 6.41 W, 0x0000000000000001
2026/09/24 13:49:51.514, 926 MiB, 54 %, 39, 240 MHz, 6.38 W, 0x0000000000000001
2026/09/24 13:49:53.530, 926 MiB, 48 %, 39, 240 MHz, 6.31 W, 0x0000000000000001
2026/09/24 13:49:55.531, 926 MiB, 55 %, 39, 225 MHz, 6.28 W, 0x0000000000000001
2026/09/24 13:49:57.536, 926 MiB, 46 %, 39, 285 MHz, 6.36 W, 0x0000000000000001
2026/09/24 13:49:59.549, 926 MiB, 47 %, 39, 255 MHz, 6.43 W, 0x0000000000000001
2026/09/24 13:50:01.551, 926 MiB, 55 %, 39, 225 MHz, 6.37 W, 0x0000000000000001
2026/09/24 13:50:03.552, 926 MiB, 56 %, 39, 225 MHz, 6.33 W, 0x0000000000000001
2026/09/24 13:50:05.566, 926 MiB, 47 %, 39, 270 MHz, 6.39 W, 0x0000000000000001
2026/09/24 13:50:07.580, 926 MiB, 49 %, 39, 255 MHz, 6.41 W, 0x0000000000000001
2026/09/24 13:50:09.586, 926 MiB, 50 %, 39, 240 MHz, 6.33 W, 0x0000000000000001
2026/09/24 13:50:11.589, 926 MiB, 49 %, 39, 240 MHz, 6.32 W, 0x0000000000000001
2026/09/24 13:50:13.604, 926 MiB, 55 %, 39, 240 MHz, 6.36 W, 0x0000000000000001
2026/09/24 13:50:15.618, 926 MiB, 49 %, 39, 240 MHz, 6.31 W, 0x0000000000000001
2026/09/24 13:50:17.624, 926 MiB, 56 %, 39, 225 MHz, 6.36 W, 0x0000000000000001
2026/09/24 13:50:19.637, 926 MiB, 55 %, 39, 225 MHz, 6.29 W, 0x0000000000000001
2026/09/24 13:50:21.639, 926 MiB, 52 %, 39, 255 MHz, 6.41 W, 0x0000000000000001
2026/09/24 13:50:23.653, 926 MiB, 48 %, 39, 270 MHz, 6.38 W, 0x0000000000000001
2026/09/24 13:50:25.667, 926 MiB, 55 %, 39, 225 MHz, 6.39 W, 0x0000000000000001
2026/09/24 13:50:27.681, 926 MiB, 48 %, 39, 240 MHz, 6.30 W, 0x0000000000000001
2026/09/24 13:50:29.695, 926 MiB, 48 %, 39, 240 MHz, 6.36 W, 0x0000000000000001
2026/09/24 13:50:31.707, 926 MiB, 47 %, 39, 255 MHz, 6.44 W, 0x0000000000000001
2026/09/24 13:50:33.720, 926 MiB, 54 %, 39, 240 MHz, 6.35 W, 0x0000000000000001
2026/09/24 13:50:35.723, 926 MiB, 55 %, 39, 225 MHz, 6.39 W, 0x0000000000000001
2026/09/24 13:50:37.729, 926 MiB, 54 %, 39, 240 MHz, 6.16 W, 0x0000000000000001
2026/09/24 13:50:39.742, 926 MiB, 53 %, 39, 240 MHz, 6.32 W, 0x0000000000000001
2026/09/24 13:50:41.751, 926 MiB, 48 %, 39, 240 MHz, 6.30 W, 0x0000000000000001
2026/09/24 13:50:43.760, 926 MiB, 50 %, 39, 240 MHz, 6.40 W, 0x0000000000000001
2026/09/24 13:50:45.771, 926 MiB, 48 %, 39, 240 MHz, 6.38 W, 0x0000000000000001
2026/09/24 13:50:47.773, 926 MiB, 46 %, 39, 240 MHz, 6.39 W, 0x0000000000000001
2026/09/24 13:50:49.785, 926 MiB, 56 %, 39, 255 MHz, 6.36 W, 0x0000000000000001
2026/09/24 13:50:51.799, 926 MiB, 48 %, 39, 225 MHz, 6.35 W, 0x0000000000000001
2026/09/24 13:50:53.811, 926 MiB, 47 %, 38, 225 MHz, 6.38 W, 0x0000000000000001
2026/09/24 13:50:55.824, 926 MiB, 53 %, 38, 240 MHz, 6.38 W, 0x0000000000000001
2026/09/24 13:50:57.837, 926 MiB, 57 %, 38, 255 MHz, 6.36 W, 0x0000000000000001
2026/09/24 13:50:59.852, 926 MiB, 54 %, 38, 240 MHz, 6.34 W, 0x0000000000000001
2026/09/24 13:51:01.866, 926 MiB, 54 %, 38, 240 MHz, 6.37 W, 0x0000000000000001
2026/09/24 13:51:03.882, 926 MiB, 44 %, 38, 285 MHz, 6.41 W, 0x0000000000000001
2026/09/24 13:51:05.895, 926 MiB, 54 %, 38, 240 MHz, 6.39 W, 0x0000000000000001
2026/09/24 13:51:07.905, 926 MiB, 49 %, 38, 240 MHz, 6.37 W, 0x0000000000000001
2026/09/24 13:51:09.918, 926 MiB, 51 %, 38, 240 MHz, 6.39 W, 0x0000000000000001
2026/09/24 13:51:11.926, 926 MiB, 44 %, 38, 285 MHz, 6.43 W, 0x0000000000000001
2026/09/24 13:51:13.934, 926 MiB, 51 %, 38, 255 MHz, 6.38 W, 0x0000000000000001
2026/09/24 13:51:15.945, 926 MiB, 53 %, 38, 240 MHz, 6.31 W, 0x0000000000000001
2026/09/24 13:51:17.957, 926 MiB, 56 %, 38, 225 MHz, 6.35 W, 0x0000000000000001
2026/09/24 13:51:19.970, 926 MiB, 49 %, 38, 255 MHz, 6.45 W, 0x0000000000000001
2026/09/24 13:51:21.972, 926 MiB, 53 %, 38, 240 MHz, 6.36 W, 0x0000000000000001
2026/09/24 13:51:23.984, 926 MiB, 56 %, 38, 225 MHz, 6.36 W, 0x0000000000000001
2026/09/24 13:51:25.999, 926 MiB, 56 %, 38, 225 MHz, 6.36 W, 0x0000000000000001
2026/09/24 13:51:28.013, 926 MiB, 56 %, 38, 255 MHz, 6.43 W, 0x0000000000000001
2026/09/24 13:51:30.026, 926 MiB, 49 %, 38, 240 MHz, 6.33 W, 0x0000000000000001
2026/09/24 13:51:32.028, 926 MiB, 48 %, 38, 240 MHz, 6.32 W, 0x0000000000000001
2026/09/24 13:51:34.041, 926 MiB, 48 %, 38, 240 MHz, 6.42 W, 0x0000000000000001
2026/09/24 13:51:36.051, 926 MiB, 54 %, 38, 240 MHz, 6.44 W, 0x0000000000000001
2026/09/24 13:51:38.063, 926 MiB, 55 %, 38, 240 MHz, 6.35 W, 0x0000000000000001
2026/09/24 13:51:40.073, 926 MiB, 47 %, 38, 240 MHz, 6.29 W, 0x0000000000000001
2026/09/24 13:51:42.080, 926 MiB, 50 %, 38, 210 MHz, 6.11 W, 0x0000000000000001
2026/09/24 13:51:44.090, 926 MiB, 52 %, 38, 210 MHz, 6.10 W, 0x0000000000000001
2026/09/24 13:51:46.104, 926 MiB, 54 %, 38, 210 MHz, 6.15 W, 0x0000000000000001
2026/09/24 13:51:48.104, 926 MiB, 52 %, 38, 210 MHz, 6.14 W, 0x0000000000000001
2026/09/24 13:51:50.114, 926 MiB, 54 %, 38, 210 MHz, 6.17 W, 0x0000000000000001
2026/09/24 13:51:52.127, 926 MiB, 54 %, 38, 210 MHz, 6.12 W, 0x0000000000000001
2026/09/24 13:51:54.128, 926 MiB, 55 %, 38, 210 MHz, 6.17 W, 0x0000000000000001
2026/09/24 13:51:56.141, 926 MiB, 55 %, 38, 210 MHz, 6.14 W, 0x0000000000000001
2026/09/24 13:51:58.155, 926 MiB, 55 %, 38, 210 MHz, 6.09 W, 0x0000000000000001
2026/09/24 13:52:00.170, 926 MiB, 54 %, 38, 210 MHz, 6.14 W, 0x0000000000000001
2026/09/24 13:52:02.185, 926 MiB, 60 %, 38, 210 MHz, 6.10 W, 0x0000000000000001
2026/09/24 13:52:04.198, 926 MiB, 53 %, 38, 225 MHz, 6.18 W, 0x0000000000000001
2026/09/24 13:52:06.209, 926 MiB, 53 %, 38, 225 MHz, 6.23 W, 0x0000000000000001
2026/09/24 13:52:08.222, 926 MiB, 55 %, 38, 210 MHz, 6.13 W, 0x0000000000000001
2026/09/24 13:52:10.224, 926 MiB, 55 %, 38, 210 MHz, 6.14 W, 0x0000000000000001
2026/09/24 13:52:12.235, 926 MiB, 56 %, 38, 210 MHz, 6.13 W, 0x0000000000000001
2026/09/24 13:52:14.238, 926 MiB, 52 %, 38, 225 MHz, 6.14 W, 0x0000000000000001
2026/09/24 13:52:16.251, 926 MiB, 55 %, 38, 210 MHz, 6.14 W, 0x0000000000000001
2026/09/24 13:52:18.263, 926 MiB, 54 %, 38, 210 MHz, 6.20 W, 0x0000000000000001
2026/09/24 13:52:20.278, 926 MiB, 54 %, 38, 210 MHz, 6.08 W, 0x0000000000000001
2026/09/24 13:52:22.288, 926 MiB, 54 %, 38, 225 MHz, 6.21 W, 0x0000000000000001
2026/09/24 13:52:24.303, 926 MiB, 55 %, 38, 225 MHz, 6.13 W, 0x0000000000000001
2026/09/24 13:52:26.303, 926 MiB, 55 %, 38, 225 MHz, 6.10 W, 0x0000000000000001
2026/09/24 13:52:28.318, 926 MiB, 55 %, 38, 240 MHz, 6.14 W, 0x0000000000000001
2026/09/24 13:52:30.331, 926 MiB, 54 %, 38, 225 MHz, 6.18 W, 0x0000000000000001
2026/09/24 13:52:32.346, 926 MiB, 56 %, 38, 225 MHz, 6.12 W, 0x0000000000000001
2026/09/24 13:52:34.359, 926 MiB, 49 %, 38, 210 MHz, 6.12 W, 0x0000000000000001
2026/09/24 13:52:36.370, 926 MiB, 52 %, 38, 210 MHz, 6.18 W, 0x0000000000000001
2026/09/24 13:52:38.380, 926 MiB, 49 %, 38, 210 MHz, 6.16 W, 0x0000000000000001
2026/09/24 13:52:40.384, 926 MiB, 49 %, 38, 210 MHz, 6.17 W, 0x0000000000000001
2026/09/24 13:52:42.395, 926 MiB, 46 %, 38, 225 MHz, 6.21 W, 0x0000000000000001
2026/09/24 13:52:44.408, 926 MiB, 46 %, 38, 210 MHz, 6.14 W, 0x0000000000000001
2026/09/24 13:52:46.418, 926 MiB, 46 %, 38, 210 MHz, 6.14 W, 0x0000000000000001
2026/09/24 13:52:48.422, 926 MiB, 51 %, 37, 210 MHz, 6.12 W, 0x0000000000000001
2026/09/24 13:52:50.435, 926 MiB, 55 %, 38, 225 MHz, 6.14 W, 0x0000000000000001
2026/09/24 13:52:52.448, 926 MiB, 55 %, 37, 240 MHz, 6.14 W, 0x0000000000000001
2026/09/24 13:52:54.453, 926 MiB, 52 %, 37, 210 MHz, 6.10 W, 0x0000000000000001
2026/09/24 13:52:56.457, 926 MiB, 50 %, 37, 210 MHz, 6.14 W, 0x0000000000000001
2026/09/24 13:52:58.471, 926 MiB, 52 %, 37, 210 MHz, 6.11 W, 0x0000000000000001
2026/09/24 13:53:00.476, 926 MiB, 47 %, 37, 210 MHz, 6.16 W, 0x0000000000000001
2026/09/24 13:53:02.489, 926 MiB, 48 %, 37, 210 MHz, 6.13 W, 0x0000000000000001
2026/09/24 13:53:04.498, 926 MiB, 55 %, 37, 210 MHz, 6.19 W, 0x0000000000000001
2026/09/24 13:53:06.500, 926 MiB, 54 %, 37, 225 MHz, 6.16 W, 0x0000000000000001
2026/09/24 13:53:08.508, 926 MiB, 50 %, 37, 225 MHz, 6.26 W, 0x0000000000000001
2026/09/24 13:53:10.513, 926 MiB, 54 %, 37, 210 MHz, 6.11 W, 0x0000000000000001
2026/09/24 13:53:12.529, 926 MiB, 53 %, 37, 210 MHz, 6.07 W, 0x0000000000000001
2026/09/24 13:53:14.540, 926 MiB, 52 %, 37, 210 MHz, 6.12 W, 0x0000000000000001
2026/09/24 13:53:16.550, 926 MiB, 55 %, 37, 225 MHz, 6.07 W, 0x0000000000000001
2026/09/24 13:53:18.563, 926 MiB, 55 %, 37, 225 MHz, 6.08 W, 0x0000000000000001
2026/09/24 13:53:20.577, 926 MiB, 55 %, 37, 225 MHz, 6.12 W, 0x0000000000000001
2026/09/24 13:53:22.590, 926 MiB, 56 %, 37, 225 MHz, 6.19 W, 0x0000000000000001
2026/09/24 13:53:24.600, 926 MiB, 53 %, 37, 210 MHz, 6.17 W, 0x0000000000000001
2026/09/24 13:53:26.606, 926 MiB, 55 %, 37, 225 MHz, 6.16 W, 0x0000000000000001
2026/09/24 13:53:28.610, 926 MiB, 46 %, 37, 210 MHz, 6.20 W, 0x0000000000000001
2026/09/24 13:53:30.610, 926 MiB, 49 %, 37, 210 MHz, 6.18 W, 0x0000000000000001
2026/09/24 13:53:32.626, 926 MiB, 52 %, 37, 210 MHz, 6.16 W, 0x0000000000000001
2026/09/24 13:53:34.630, 926 MiB, 54 %, 37, 225 MHz, 6.16 W, 0x0000000000000001
2026/09/24 13:53:36.643, 926 MiB, 53 %, 37, 210 MHz, 6.15 W, 0x0000000000000001
2026/09/24 13:53:38.656, 926 MiB, 51 %, 37, 210 MHz, 6.26 W, 0x0000000000000001
2026/09/24 13:53:40.660, 926 MiB, 50 %, 37, 210 MHz, 6.17 W, 0x0000000000000001
2026/09/24 13:53:42.667, 926 MiB, 46 %, 37, 225 MHz, 6.19 W, 0x0000000000000001
2026/09/24 13:53:44.680, 926 MiB, 46 %, 37, 210 MHz, 6.15 W, 0x0000000000000001
2026/09/24 13:53:46.681, 926 MiB, 46 %, 37, 210 MHz, 6.14 W, 0x0000000000000001
2026/09/24 13:53:48.692, 926 MiB, 46 %, 37, 210 MHz, 6.18 W, 0x0000000000000001
2026/09/24 13:53:50.694, 926 MiB, 46 %, 37, 210 MHz, 6.14 W, 0x0000000000000001
2026/09/24 13:53:52.700, 926 MiB, 47 %, 37, 210 MHz, 6.16 W, 0x0000000000000001
2026/09/24 13:53:54.703, 926 MiB, 55 %, 37, 210 MHz, 6.09 W, 0x0000000000000001
2026/09/24 13:53:56.716, 926 MiB, 49 %, 37, 210 MHz, 6.19 W, 0x0000000000000001
2026/09/24 13:53:58.729, 926 MiB, 54 %, 37, 225 MHz, 6.17 W, 0x0000000000000001
2026/09/24 13:54:00.730, 926 MiB, 49 %, 37, 210 MHz, 6.10 W, 0x0000000000000001
2026/09/24 13:54:02.744, 926 MiB, 53 %, 37, 210 MHz, 6.18 W, 0x0000000000000001
2026/09/24 13:54:04.758, 926 MiB, 54 %, 37, 210 MHz, 6.11 W, 0x0000000000000001
2026/09/24 13:54:06.767, 926 MiB, 55 %, 37, 210 MHz, 6.11 W, 0x0000000000000001
2026/09/24 13:54:08.778, 926 MiB, 55 %, 37, 225 MHz, 6.20 W, 0x0000000000000001
2026/09/24 13:54:10.793, 926 MiB, 50 %, 37, 225 MHz, 6.20 W, 0x0000000000000001
2026/09/24 13:54:12.795, 926 MiB, 50 %, 37, 225 MHz, 6.24 W, 0x0000000000000001
2026/09/24 13:54:14.809, 926 MiB, 51 %, 37, 225 MHz, 6.22 W, 0x0000000000000001
2026/09/24 13:54:16.825, 926 MiB, 55 %, 37, 210 MHz, 6.19 W, 0x0000000000000001
2026/09/24 13:54:18.836, 926 MiB, 49 %, 37, 225 MHz, 6.15 W, 0x0000000000000001
2026/09/24 13:54:20.836, 926 MiB, 51 %, 37, 225 MHz, 6.21 W, 0x0000000000000001
2026/09/24 13:54:22.851, 926 MiB, 50 %, 37, 225 MHz, 6.16 W, 0x0000000000000001
2026/09/24 13:54:24.865, 926 MiB, 48 %, 37, 225 MHz, 6.18 W, 0x0000000000000001
2026/09/24 13:54:26.880, 926 MiB, 49 %, 37, 225 MHz, 6.12 W, 0x0000000000000001
2026/09/24 13:54:28.893, 926 MiB, 48 %, 37, 225 MHz, 6.26 W, 0x0000000000000001
2026/09/24 13:54:30.907, 926 MiB, 48 %, 37, 225 MHz, 6.22 W, 0x0000000000000001
2026/09/24 13:54:32.922, 926 MiB, 49 %, 37, 210 MHz, 6.22 W, 0x0000000000000001
2026/09/24 13:54:34.936, 926 MiB, 48 %, 37, 225 MHz, 6.28 W, 0x0000000000000001
2026/09/24 13:54:36.940, 926 MiB, 50 %, 37, 225 MHz, 6.14 W, 0x0000000000000001
2026/09/24 13:54:38.954, 926 MiB, 50 %, 37, 225 MHz, 6.16 W, 0x0000000000000001
2026/09/24 13:54:40.969, 926 MiB, 50 %, 37, 225 MHz, 6.11 W, 0x0000000000000001
2026/09/24 13:54:42.971, 926 MiB, 49 %, 37, 210 MHz, 6.13 W, 0x0000000000000001
2026/09/24 13:54:44.984, 926 MiB, 49 %, 37, 210 MHz, 6.14 W, 0x0000000000000001
2026/09/24 13:54:47.000, 926 MiB, 53 %, 37, 225 MHz, 6.20 W, 0x0000000000000001
2026/09/24 13:54:49.013, 926 MiB, 55 %, 37, 210 MHz, 6.18 W, 0x0000000000000001
2026/09/24 13:54:51.025, 926 MiB, 55 %, 37, 210 MHz, 6.16 W, 0x0000000000000001
2026/09/24 13:54:53.031, 926 MiB, 49 %, 37, 225 MHz, 6.22 W, 0x0000000000000001
2026/09/24 13:54:55.044, 926 MiB, 49 %, 37, 210 MHz, 6.16 W, 0x0000000000000001
2026/09/24 13:54:57.054, 926 MiB, 45 %, 37, 240 MHz, 6.15 W, 0x0000000000000001
2026/09/24 13:54:59.060, 926 MiB, 48 %, 37, 225 MHz, 6.16 W, 0x0000000000000001
2026/09/24 13:55:01.062, 926 MiB, 47 %, 37, 240 MHz, 6.12 W, 0x0000000000000001
2026/09/24 13:55:03.075, 926 MiB, 55 %, 37, 210 MHz, 6.08 W, 0x0000000000000001
2026/09/24 13:55:05.086, 926 MiB, 55 %, 37, 210 MHz, 6.11 W, 0x0000000000000001
2026/09/24 13:55:07.090, 926 MiB, 54 %, 37, 210 MHz, 6.18 W, 0x0000000000000001
2026/09/24 13:55:09.102, 926 MiB, 50 %, 37, 210 MHz, 6.15 W, 0x0000000000000001
2026/09/24 13:55:11.113, 926 MiB, 49 %, 37, 225 MHz, 6.15 W, 0x0000000000000001
2026/09/24 13:55:13.114, 926 MiB, 49 %, 37, 210 MHz, 6.11 W, 0x0000000000000001
2026/09/24 13:55:15.129, 926 MiB, 49 %, 37, 210 MHz, 6.17 W, 0x0000000000000001
2026/09/24 13:55:17.141, 926 MiB, 46 %, 37, 210 MHz, 6.11 W, 0x0000000000000001
2026/09/24 13:55:19.153, 926 MiB, 46 %, 37, 210 MHz, 6.11 W, 0x0000000000000001
2026/09/24 13:55:21.155, 926 MiB, 46 %, 37, 210 MHz, 6.20 W, 0x0000000000000001
2026/09/24 13:55:23.164, 926 MiB, 47 %, 37, 210 MHz, 6.17 W, 0x0000000000000001
2026/09/24 13:55:25.175, 926 MiB, 55 %, 37, 210 MHz, 6.11 W, 0x0000000000000001
2026/09/24 13:55:27.180, 926 MiB, 55 %, 37, 225 MHz, 6.13 W, 0x0000000000000001
2026/09/24 13:55:29.192, 926 MiB, 54 %, 37, 225 MHz, 6.06 W, 0x0000000000000001
2026/09/24 13:55:31.203, 926 MiB, 50 %, 37, 210 MHz, 6.12 W, 0x0000000000000001
2026/09/24 13:55:33.208, 926 MiB, 54 %, 37, 225 MHz, 6.14 W, 0x0000000000000001
2026/09/24 13:55:35.219, 926 MiB, 50 %, 37, 210 MHz, 6.19 W, 0x0000000000000001
2026/09/24 13:55:37.233, 926 MiB, 48 %, 37, 210 MHz, 6.16 W, 0x0000000000000001
2026/09/24 13:55:39.234, 926 MiB, 54 %, 37, 210 MHz, 6.14 W, 0x0000000000000001
2026/09/24 13:55:41.235, 926 MiB, 54 %, 37, 210 MHz, 6.16 W, 0x0000000000000001
2026/09/24 13:55:43.240, 926 MiB, 54 %, 37, 225 MHz, 6.17 W, 0x0000000000000001
2026/09/24 13:55:45.249, 926 MiB, 53 %, 37, 225 MHz, 6.17 W, 0x0000000000000001
2026/09/24 13:55:47.258, 926 MiB, 52 %, 37, 210 MHz, 6.10 W, 0x0000000000000001
2026/09/24 13:55:49.274, 926 MiB, 49 %, 37, 210 MHz, 6.11 W, 0x0000000000000001
2026/09/24 13:55:51.278, 926 MiB, 53 %, 37, 210 MHz, 6.12 W, 0x0000000000000001
2026/09/24 13:55:53.287, 926 MiB, 55 %, 37, 210 MHz, 6.08 W, 0x0000000000000001
2026/09/24 13:55:55.296, 926 MiB, 49 %, 37, 225 MHz, 6.13 W, 0x0000000000000001
2026/09/24 13:55:57.301, 926 MiB, 54 %, 37, 210 MHz, 6.13 W, 0x0000000000000001
2026/09/24 13:55:59.307, 926 MiB, 46 %, 37, 225 MHz, 6.14 W, 0x0000000000000001
2026/09/24 13:56:01.315, 926 MiB, 54 %, 37, 210 MHz, 6.20 W, 0x0000000000000001
2026/09/24 13:56:03.320, 926 MiB, 55 %, 37, 210 MHz, 6.12 W, 0x0000000000000001
2026/09/24 13:56:05.327, 926 MiB, 54 %, 37, 210 MHz, 6.05 W, 0x0000000000000001
2026/09/24 13:56:07.331, 926 MiB, 49 %, 37, 210 MHz, 6.11 W, 0x0000000000000001
2026/09/24 13:56:09.333, 926 MiB, 56 %, 37, 210 MHz, 6.12 W, 0x0000000000000001
2026/09/24 13:56:11.338, 926 MiB, 56 %, 37, 210 MHz, 6.15 W, 0x0000000000000001
2026/09/24 13:56:13.342, 926 MiB, 54 %, 37, 210 MHz, 6.19 W, 0x0000000000000001
2026/09/24 13:56:15.347, 926 MiB, 49 %, 37, 210 MHz, 6.13 W, 0x0000000000000001
2026/09/24 13:56:17.351, 926 MiB, 46 %, 37, 225 MHz, 6.20 W, 0x0000000000000001
2026/09/24 13:56:19.360, 926 MiB, 49 %, 37, 210 MHz, 6.17 W, 0x0000000000000001
2026/09/24 13:56:21.362, 926 MiB, 47 %, 37, 225 MHz, 6.14 W, 0x0000000000000001
2026/09/24 13:56:23.366, 926 MiB, 53 %, 37, 210 MHz, 6.13 W, 0x0000000000000001
2026/09/24 13:56:25.367, 926 MiB, 55 %, 37, 210 MHz, 6.09 W, 0x0000000000000001
2026/09/24 13:56:27.381, 926 MiB, 51 %, 37, 225 MHz, 6.10 W, 0x0000000000000001
2026/09/24 13:56:29.396, 926 MiB, 51 %, 37, 225 MHz, 6.15 W, 0x0000000000000001
2026/09/24 13:56:31.401, 926 MiB, 52 %, 37, 210 MHz, 6.14 W, 0x0000000000000001
2026/09/24 13:56:33.410, 926 MiB, 49 %, 37, 225 MHz, 6.09 W, 0x0000000000000001
2026/09/24 13:56:35.423, 926 MiB, 54 %, 37, 210 MHz, 6.13 W, 0x0000000000000001
2026/09/24 13:56:37.437, 926 MiB, 56 %, 37, 210 MHz, 6.14 W, 0x0000000000000001
2026/09/24 13:56:39.451, 926 MiB, 52 %, 37, 225 MHz, 6.09 W, 0x0000000000000001
2026/09/24 13:56:41.459, 926 MiB, 51 %, 37, 210 MHz, 6.07 W, 0x0000000000000001
2026/09/24 13:56:43.466, 926 MiB, 54 %, 37, 210 MHz, 6.20 W, 0x0000000000000001
2026/09/24 13:56:45.471, 926 MiB, 55 %, 37, 210 MHz, 6.06 W, 0x0000000000000001
2026/09/24 13:56:47.474, 926 MiB, 45 %, 37, 240 MHz, 6.18 W, 0x0000000000000001
2026/09/24 13:56:49.478, 926 MiB, 50 %, 37, 225 MHz, 6.12 W, 0x0000000000000001
2026/09/24 13:56:51.484, 926 MiB, 50 %, 37, 210 MHz, 6.11 W, 0x0000000000000001
2026/09/24 13:56:53.495, 926 MiB, 53 %, 37, 210 MHz, 6.12 W, 0x0000000000000001
2026/09/24 13:56:55.507, 926 MiB, 55 %, 37, 210 MHz, 6.11 W, 0x0000000000000001
2026/09/24 13:56:57.509, 926 MiB, 52 %, 37, 210 MHz, 6.10 W, 0x0000000000000001
2026/09/24 13:56:59.511, 926 MiB, 53 %, 37, 225 MHz, 6.22 W, 0x0000000000000001
2026/09/24 13:57:01.520, 926 MiB, 52 %, 37, 225 MHz, 6.13 W, 0x0000000000000001
2026/09/24 13:57:03.526, 926 MiB, 52 %, 37, 210 MHz, 6.08 W, 0x0000000000000001
2026/09/24 13:57:05.531, 926 MiB, 50 %, 37, 210 MHz, 6.16 W, 0x0000000000000001
2026/09/24 13:57:07.543, 926 MiB, 49 %, 37, 255 MHz, 6.27 W, 0x0000000000000001
2026/09/24 13:57:09.559, 926 MiB, 52 %, 37, 210 MHz, 6.11 W, 0x0000000000000001
2026/09/24 13:57:11.564, 926 MiB, 55 %, 37, 210 MHz, 6.15 W, 0x0000000000000001
2026/09/24 13:57:13.577, 926 MiB, 53 %, 37, 225 MHz, 6.14 W, 0x0000000000000001
2026/09/24 13:57:15.586, 926 MiB, 51 %, 37, 210 MHz, 6.18 W, 0x0000000000000001
2026/09/24 13:57:17.599, 926 MiB, 48 %, 37, 210 MHz, 6.12 W, 0x0000000000000001
2026/09/24 13:57:19.606, 926 MiB, 52 %, 37, 225 MHz, 6.18 W, 0x0000000000000001
2026/09/24 13:57:21.618, 926 MiB, 54 %, 37, 210 MHz, 6.21 W, 0x0000000000000001
2026/09/24 13:57:23.630, 926 MiB, 52 %, 37, 210 MHz, 6.19 W, 0x0000000000000001
2026/09/24 13:57:25.639, 926 MiB, 50 %, 37, 210 MHz, 6.22 W, 0x0000000000000001
2026/09/24 13:57:27.640, 926 MiB, 50 %, 37, 225 MHz, 6.09 W, 0x0000000000000001
2026/09/24 13:57:29.649, 926 MiB, 54 %, 37, 210 MHz, 6.20 W, 0x0000000000000001
2026/09/24 13:57:31.661, 926 MiB, 51 %, 37, 210 MHz, 6.16 W, 0x0000000000000001
2026/09/24 13:57:33.665, 926 MiB, 50 %, 37, 225 MHz, 6.18 W, 0x0000000000000001
2026/09/24 13:57:35.680, 926 MiB, 54 %, 37, 210 MHz, 6.16 W, 0x0000000000000001
2026/09/24 13:57:37.688, 926 MiB, 55 %, 37, 210 MHz, 6.20 W, 0x0000000000000001
2026/09/24 13:57:39.692, 926 MiB, 54 %, 37, 210 MHz, 6.16 W, 0x0000000000000001
2026/09/24 13:57:41.707, 926 MiB, 49 %, 37, 225 MHz, 6.21 W, 0x0000000000000001
2026/09/24 13:57:43.711, 926 MiB, 45 %, 37, 225 MHz, 6.15 W, 0x0000000000000001
2026/09/24 13:57:45.719, 926 MiB, 52 %, 37, 210 MHz, 6.13 W, 0x0000000000000001
2026/09/24 13:57:47.720, 926 MiB, 54 %, 36, 210 MHz, 6.14 W, 0x0000000000000001
2026/09/24 13:57:49.733, 926 MiB, 52 %, 37, 210 MHz, 6.07 W, 0x0000000000000001
2026/09/24 13:57:51.749, 926 MiB, 52 %, 37, 225 MHz, 6.20 W, 0x0000000000000001
2026/09/24 13:57:53.760, 926 MiB, 55 %, 37, 210 MHz, 6.12 W, 0x0000000000000001
2026/09/24 13:57:55.775, 926 MiB, 52 %, 37, 210 MHz, 6.13 W, 0x0000000000000001
2026/09/24 13:57:57.780, 926 MiB, 54 %, 37, 210 MHz, 6.16 W, 0x0000000000000001
2026/09/24 13:57:59.786, 926 MiB, 53 %, 36, 225 MHz, 6.14 W, 0x0000000000000001
2026/09/24 13:58:01.800, 926 MiB, 52 %, 36, 210 MHz, 6.17 W, 0x0000000000000001
2026/09/24 13:58:03.804, 926 MiB, 52 %, 36, 210 MHz, 6.09 W, 0x0000000000000001
2026/09/24 13:58:05.807, 926 MiB, 47 %, 36, 210 MHz, 6.11 W, 0x0000000000000001
2026/09/24 13:58:07.813, 926 MiB, 53 %, 36, 210 MHz, 6.14 W, 0x0000000000000001
2026/09/24 13:58:09.828, 926 MiB, 48 %, 36, 210 MHz, 6.20 W, 0x0000000000000001
2026/09/24 13:58:11.843, 926 MiB, 49 %, 36, 225 MHz, 6.19 W, 0x0000000000000001
2026/09/24 13:58:13.850, 926 MiB, 49 %, 36, 210 MHz, 6.05 W, 0x0000000000000001
2026/09/24 13:58:15.861, 926 MiB, 54 %, 36, 210 MHz, 6.10 W, 0x0000000000000001
2026/09/24 13:58:17.865, 926 MiB, 46 %, 36, 210 MHz, 6.16 W, 0x0000000000000001
2026/09/24 13:58:19.873, 926 MiB, 53 %, 36, 210 MHz, 6.08 W, 0x0000000000000001
2026/09/24 13:58:21.879, 926 MiB, 49 %, 36, 210 MHz, 6.17 W, 0x0000000000000001
2026/09/24 13:58:23.890, 926 MiB, 50 %, 37, 255 MHz, 6.88 W, 0x0000000000000001
2026/09/24 13:58:25.904, 895 MiB, 46 %, 36, 255 MHz, 6.07 W, 0x0000000000000001
2026/09/24 13:58:27.905, 926 MiB, 50 %, 37, 420 MHz, 9.65 W, 0x0000000000000001
2026/09/24 13:58:29.914, 926 MiB, 40 %, 37, 510 MHz, 10.02 W, 0x0000000000000001
2026/09/24 13:58:31.922, 926 MiB, 28 %, 37, 435 MHz, 9.48 W, 0x0000000000000001
2026/09/24 13:58:33.936, 926 MiB, 45 %, 37, 315 MHz, 6.99 W, 0x0000000000000001
2026/09/24 13:58:35.948, 926 MiB, 47 %, 37, 300 MHz, 6.99 W, 0x0000000000000001
2026/09/24 13:58:37.954, 926 MiB, 48 %, 37, 315 MHz, 7.04 W, 0x0000000000000001
2026/09/24 13:58:39.969, 926 MiB, 44 %, 37, 315 MHz, 6.96 W, 0x0000000000000001
2026/09/24 13:58:41.983, 926 MiB, 47 %, 37, 345 MHz, 7.06 W, 0x0000000000000001
2026/09/24 13:58:43.984, 926 MiB, 53 %, 37, 300 MHz, 7.03 W, 0x0000000000000001
2026/09/24 13:58:45.997, 926 MiB, 53 %, 37, 315 MHz, 7.06 W, 0x0000000000000001
2026/09/24 13:58:47.999, 926 MiB, 56 %, 37, 270 MHz, 7.03 W, 0x0000000000000001
2026/09/24 13:58:50.013, 926 MiB, 48 %, 37, 330 MHz, 7.05 W, 0x0000000000000001
2026/09/24 13:58:52.016, 926 MiB, 51 %, 37, 300 MHz, 6.95 W, 0x0000000000000001
2026/09/24 13:58:54.032, 926 MiB, 46 %, 37, 225 MHz, 6.23 W, 0x0000000000000001
2026/09/24 13:58:56.040, 926 MiB, 52 %, 37, 225 MHz, 6.27 W, 0x0000000000000001
2026/09/24 13:58:58.041, 926 MiB, 50 %, 37, 240 MHz, 6.32 W, 0x0000000000000001
2026/09/24 13:59:00.048, 926 MiB, 52 %, 37, 225 MHz, 6.24 W, 0x0000000000000001
2026/09/24 13:59:02.051, 926 MiB, 55 %, 37, 210 MHz, 6.12 W, 0x0000000000000001
2026/09/24 13:59:04.067, 926 MiB, 54 %, 37, 210 MHz, 6.19 W, 0x0000000000000001
2026/09/24 13:59:06.081, 926 MiB, 54 %, 37, 210 MHz, 6.16 W, 0x0000000000000001
2026/09/24 13:59:08.084, 926 MiB, 50 %, 36, 210 MHz, 6.15 W, 0x0000000000000001
2026/09/24 13:59:10.094, 926 MiB, 48 %, 36, 225 MHz, 6.23 W, 0x0000000000000001
2026/09/24 13:59:12.104, 926 MiB, 50 %, 36, 210 MHz, 6.11 W, 0x0000000000000001
2026/09/24 13:59:14.110, 926 MiB, 54 %, 36, 210 MHz, 6.08 W, 0x0000000000000001
2026/09/24 13:59:16.122, 926 MiB, 48 %, 36, 225 MHz, 6.25 W, 0x0000000000000001
2026/09/24 13:59:18.138, 926 MiB, 51 %, 36, 210 MHz, 6.21 W, 0x0000000000000001
2026/09/24 13:59:20.139, 926 MiB, 52 %, 36, 210 MHz, 6.25 W, 0x0000000000000001
2026/09/24 13:59:22.146, 926 MiB, 48 %, 36, 225 MHz, 6.21 W, 0x0000000000000001
2026/09/24 13:59:24.155, 926 MiB, 54 %, 36, 210 MHz, 6.12 W, 0x0000000000000001
2026/09/24 13:59:26.161, 926 MiB, 53 %, 36, 225 MHz, 6.22 W, 0x0000000000000001
2026/09/24 13:59:28.174, 926 MiB, 49 %, 36, 210 MHz, 6.10 W, 0x0000000000000001
2026/09/24 13:59:30.183, 926 MiB, 54 %, 36, 210 MHz, 6.22 W, 0x0000000000000001
2026/09/24 13:59:32.185, 926 MiB, 48 %, 36, 240 MHz, 6.21 W, 0x0000000000000001
2026/09/24 13:59:34.195, 926 MiB, 51 %, 36, 225 MHz, 6.20 W, 0x0000000000000001
2026/09/24 13:59:36.210, 926 MiB, 49 %, 36, 225 MHz, 6.26 W, 0x0000000000000001
2026/09/24 13:59:38.216, 926 MiB, 51 %, 36, 210 MHz, 6.17 W, 0x0000000000000001
2026/09/24 13:59:40.223, 926 MiB, 54 %, 36, 210 MHz, 6.24 W, 0x0000000000000001
2026/09/24 13:59:42.239, 926 MiB, 51 %, 36, 210 MHz, 6.14 W, 0x0000000000000001
2026/09/24 13:59:44.252, 926 MiB, 53 %, 36, 210 MHz, 6.23 W, 0x0000000000000001
2026/09/24 13:59:46.257, 926 MiB, 52 %, 36, 210 MHz, 6.18 W, 0x0000000000000001
2026/09/24 13:59:48.267, 926 MiB, 51 %, 36, 210 MHz, 6.19 W, 0x0000000000000001
2026/09/24 13:59:50.282, 926 MiB, 52 %, 36, 225 MHz, 6.22 W, 0x0000000000000001
2026/09/24 13:59:52.284, 926 MiB, 49 %, 36, 210 MHz, 6.09 W, 0x0000000000000001
2026/09/24 13:59:54.290, 926 MiB, 54 %, 36, 210 MHz, 6.14 W, 0x0000000000000001
2026/09/24 13:59:56.298, 926 MiB, 51 %, 36, 210 MHz, 6.13 W, 0x0000000000000001
2026/09/24 13:59:58.300, 926 MiB, 57 %, 36, 210 MHz, 6.20 W, 0x0000000000000001
2026/09/24 14:00:00.310, 926 MiB, 47 %, 36, 225 MHz, 6.14 W, 0x0000000000000001
2026/09/24 14:00:02.322, 926 MiB, 55 %, 36, 210 MHz, 6.14 W, 0x0000000000000001
2026/09/24 14:00:04.333, 926 MiB, 49 %, 36, 210 MHz, 6.10 W, 0x0000000000000001
2026/09/24 14:00:06.347, 926 MiB, 49 %, 36, 210 MHz, 6.27 W, 0x0000000000000001
2026/09/24 14:00:08.354, 926 MiB, 49 %, 36, 225 MHz, 6.18 W, 0x0000000000000001
2026/09/24 14:00:10.369, 926 MiB, 48 %, 36, 210 MHz, 6.15 W, 0x0000000000000001
2026/09/24 14:00:12.380, 926 MiB, 50 %, 36, 210 MHz, 6.18 W, 0x0000000000000001
2026/09/24 14:00:14.383, 926 MiB, 50 %, 36, 210 MHz, 6.18 W, 0x0000000000000001
2026/09/24 14:00:16.388, 926 MiB, 46 %, 36, 210 MHz, 6.19 W, 0x0000000000000001
2026/09/24 14:00:18.399, 926 MiB, 48 %, 36, 210 MHz, 6.19 W, 0x0000000000000001
2026/09/24 14:00:20.402, 926 MiB, 53 %, 36, 210 MHz, 6.07 W, 0x0000000000000001
2026/09/24 14:00:22.408, 926 MiB, 55 %, 36, 225 MHz, 6.14 W, 0x0000000000000001
2026/09/24 14:00:24.423, 926 MiB, 51 %, 36, 225 MHz, 6.19 W, 0x0000000000000001
2026/09/24 14:00:26.425, 926 MiB, 46 %, 36, 210 MHz, 6.16 W, 0x0000000000000001
2026/09/24 14:00:28.429, 926 MiB, 48 %, 36, 210 MHz, 6.03 W, 0x0000000000000001
2026/09/24 14:00:30.436, 926 MiB, 56 %, 36, 240 MHz, 6.20 W, 0x0000000000000001
2026/09/24 14:00:32.438, 926 MiB, 50 %, 36, 210 MHz, 6.06 W, 0x0000000000000001
2026/09/24 14:00:34.442, 926 MiB, 46 %, 36, 210 MHz, 6.13 W, 0x0000000000000001
2026/09/24 14:00:36.455, 926 MiB, 51 %, 36, 210 MHz, 6.15 W, 0x0000000000000001
2026/09/24 14:00:38.458, 926 MiB, 50 %, 36, 210 MHz, 6.16 W, 0x0000000000000001
2026/09/24 14:00:40.470, 926 MiB, 55 %, 36, 225 MHz, 6.16 W, 0x0000000000000001
2026/09/24 14:00:42.481, 926 MiB, 46 %, 36, 210 MHz, 6.14 W, 0x0000000000000001
2026/09/24 14:00:44.482, 926 MiB, 52 %, 36, 225 MHz, 6.11 W, 0x0000000000000001
2026/09/24 14:00:46.485, 926 MiB, 55 %, 36, 210 MHz, 6.13 W, 0x0000000000000001
2026/09/24 14:00:48.493, 926 MiB, 46 %, 36, 210 MHz, 6.14 W, 0x0000000000000001
2026/09/24 14:00:50.501, 926 MiB, 54 %, 36, 225 MHz, 6.25 W, 0x0000000000000001
2026/09/24 14:00:52.504, 926 MiB, 50 %, 36, 210 MHz, 6.18 W, 0x0000000000000001
2026/09/24 14:00:54.517, 926 MiB, 53 %, 36, 210 MHz, 6.20 W, 0x0000000000000001
2026/09/24 14:00:56.526, 926 MiB, 46 %, 36, 225 MHz, 6.21 W, 0x0000000000000001
2026/09/24 14:00:58.537, 926 MiB, 46 %, 36, 210 MHz, 6.20 W, 0x0000000000000001
2026/09/24 14:01:00.550, 926 MiB, 46 %, 36, 210 MHz, 6.15 W, 0x0000000000000001
2026/09/24 14:01:02.553, 926 MiB, 56 %, 36, 210 MHz, 6.12 W, 0x0000000000000001
2026/09/24 14:01:04.568, 926 MiB, 52 %, 36, 210 MHz, 6.15 W, 0x0000000000000001
2026/09/24 14:01:06.581, 926 MiB, 46 %, 36, 210 MHz, 6.14 W, 0x0000000000000001
2026/09/24 14:01:08.590, 926 MiB, 54 %, 36, 210 MHz, 6.08 W, 0x0000000000000001
2026/09/24 14:01:10.591, 926 MiB, 52 %, 36, 210 MHz, 6.12 W, 0x0000000000000001
2026/09/24 14:01:12.604, 574 MiB, 6 %, 37, 2130 MHz, 6.03 W, 0x0000000000000000
2026/09/24 14:01:14.614, 830 MiB, 23 %, 41, 2130 MHz, 18.87 W, 0x0000000000000000
2026/09/24 14:01:16.623, 830 MiB, 77 %, 50, 2370 MHz, 55.77 W, 0x0000000000000004
