2026/09/24 17:01:12.456, 75 MiB, 0 %, 48, 210 MHz, 2.19 W, 0x0000000000000001
2026/09/24 17:01:14.465, 346 MiB, 52 %, 51, 2130 MHz, 19.86 W, 0x0000000000000000
2026/09/24 17:01:16.481, 602 MiB, 32 %, 55, 2475 MHz, 40.34 W, 0x0000000000000000
2026/09/24 17:01:18.486, 602 MiB, 27 %, 54, 2475 MHz, 35.25 W, 0x0000000000000000
2026/09/24 17:01:20.495, 602 MiB, 5 %, 51, 1170 MHz, 15.11 W, 0x0000000000000001
2026/09/24 17:01:22.504, 602 MiB, 70 %, 62, 2460 MHz, 65.07 W, 0x0000000000000000
2026/09/24 17:01:24.507, 602 MiB, 71 %, 64, 2460 MHz, 65.13 W, 0x0000000000000004
2026/09/24 17:01:26.516, 602 MiB, 70 %, 65, 2445 MHz, 66.53 W, 0x0000000000000004
2026/09/24 17:01:28.529, 602 MiB, 70 %, 66, 2460 MHz, 66.41 W, 0x0000000000000004
2026/09/24 17:01:30.541, 602 MiB, 32 %, 62, 2460 MHz, 62.22 W, 0x0000000000000000
2026/09/24 17:01:32.549, 602 MiB, 37 %, 63, 2460 MHz, 49.01 W, 0x0000000000000000
2026/09/24 17:01:34.558, 602 MiB, 39 %, 63, 2460 MHz, 48.50 W, 0x0000000000000000
2026/09/24 17:01:36.566, 602 MiB, 48 %, 61, 2460 MHz, 45.42 W, 0x0000000000000000
2026/09/24 17:01:38.570, 602 MiB, 37 %, 65, 2460 MHz, 45.39 W, 0x0000000000000000
2026/09/24 17:01:40.580, 602 MiB, 32 %, 63, 2460 MHz, 46.92 W, 0x0000000000000000
2026/09/24 17:01:42.584, 602 MiB, 41 %, 62, 2460 MHz, 46.61 W, 0x0000000000000000
2026/09/24 17:01:44.590, 602 MiB, 33 %, 62, 2460 MHz, 46.83 W, 0x0000000000000000
2026/09/24 17:01:46.593, 602 MiB, 39 %, 63, 2460 MHz, 48.25 W, 0x0000000000000000
2026/09/24 17:01:48.607, 602 MiB, 59 %, 63, 2460 MHz, 49.46 W, 0x0000000000000000
2026/09/24 17:01:50.609, 602 MiB, 68 %, 66, 2460 MHz, 58.15 W, 0x0000000000000000
2026/09/24 17:01:52.612, 602 MiB, 68 %, 68, 2460 MHz, 60.47 W, 0x0000000000000000
2026/09/24 17:01:54.618, 602 MiB, 65 %, 69, 2460 MHz, 58.48 W, 0x0000000000000000
2026/09/24 17:01:56.625, 602 MiB, 65 %, 69, 2460 MHz, 58.96 W, 0x0000000000000000
2026/09/24 17:01:58.630, 602 MiB, 64 %, 69, 2460 MHz, 62.23 W, 0x0000000000000000
2026/09/24 17:02:00.630, 602 MiB, 60 %, 70, 2460 MHz, 61.91 W, 0x0000000000000000
2026/09/24 17:02:02.636, 602 MiB, 61 %, 70, 2460 MHz, 58.49 W, 0x0000000000000000
2026/09/24 17:02:04.641, 602 MiB, 54 %, 71, 2460 MHz, 61.84 W, 0x0000000000000000
2026/09/24 17:02:06.657, 602 MiB, 54 %, 70, 2460 MHz, 60.58 W, 0x0000000000000000
2026/09/24 17:02:08.667, 602 MiB, 65 %, 71, 2460 MHz, 62.14 W, 0x0000000000000000
2026/09/24 17:02:10.670, 602 MiB, 45 %, 70, 2460 MHz, 60.79 W, 0x0000000000000000
2026/09/24 17:02:12.685, 602 MiB, 62 %, 69, 2460 MHz, 60.97 W, 0x0000000000000000
2026/09/24 17:02:14.694, 602 MiB, 63 %, 71, 2460 MHz, 61.34 W, 0x0000000000000000
2026/09/24 17:02:16.704, 602 MiB, 60 %, 72, 2460 MHz, 60.05 W, 0x0000000000000000
2026/09/24 17:02:18.711, 602 MiB, 59 %, 71, 2460 MHz, 59.74 W, 0x0000000000000000
2026/09/24 17:02:20.722, 602 MiB, 60 %, 72, 2460 MHz, 59.61 W, 0x0000000000000000
2026/09/24 17:02:22.734, 602 MiB, 60 %, 72, 2460 MHz, 59.60 W, 0x0000000000000000
2026/09/24 17:02:24.742, 602 MiB, 63 %, 71, 2460 MHz, 60.51 W, 0x0000000000000000
2026/09/24 17:02:26.749, 602 MiB, 63 %, 73, 2460 MHz, 60.44 W, 0x0000000000000000
2026/09/24 17:02:28.757, 602 MiB, 61 %, 72, 2460 MHz, 59.55 W, 0x0000000000000000
2026/09/24 17:02:30.768, 602 MiB, 64 %, 72, 2460 MHz, 60.70 W, 0x0000000000000000
2026/09/24 17:02:32.775, 602 MiB, 60 %, 73, 2460 MHz, 60.35 W, 0x0000000000000000
2026/09/24 17:02:34.787, 602 MiB, 61 %, 73, 2460 MHz, 60.48 W, 0x0000000000000000
2026/09/24 17:02:36.793, 602 MiB, 61 %, 73, 2460 MHz, 60.35 W, 0x0000000000000000
2026/09/24 17:02:38.806, 602 MiB, 60 %, 73, 2460 MHz, 60.26 W, 0x0000000000000000
2026/09/24 17:02:40.815, 602 MiB, 60 %, 72, 2460 MHz, 58.09 W, 0x0000000000000000
2026/09/24 17:02:42.823, 602 MiB, 61 %, 73, 2460 MHz, 59.13 W, 0x0000000000000000
2026/09/24 17:02:44.835, 602 MiB, 58 %, 74, 2460 MHz, 59.17 W, 0x0000000000000000
2026/09/24 17:02:46.836, 602 MiB, 56 %, 73, 2460 MHz, 57.93 W, 0x0000000000000000
2026/09/24 17:02:48.849, 602 MiB, 59 %, 73, 2460 MHz, 57.35 W, 0x0000000000000000
2026/09/24 17:02:50.850, 602 MiB, 57 %, 72, 2460 MHz, 56.70 W, 0x0000000000000000
2026/09/24 17:02:52.853, 602 MiB, 55 %, 73, 2460 MHz, 55.53 W, 0x0000000000000000
2026/09/24 17:02:54.854, 602 MiB, 53 %, 73, 2460 MHz, 55.24 W, 0x0000000000000000
2026/09/24 17:02:56.855, 602 MiB, 51 %, 73, 2460 MHz, 54.59 W, 0x0000000000000000
2026/09/24 17:02:58.868, 602 MiB, 52 %, 73, 2460 MHz, 53.36 W, 0x0000000000000000
2026/09/24 17:03:00.883, 602 MiB, 50 %, 73, 2460 MHz, 52.04 W, 0x0000000000000000
2026/09/24 17:03:02.895, 602 MiB, 52 %, 72, 2460 MHz, 52.03 W, 0x0000000000000000
2026/09/24 17:03:04.906, 602 MiB, 48 %, 72, 2460 MHz, 50.70 W, 0x0000000000000000
2026/09/24 17:03:06.916, 602 MiB, 49 %, 72, 2460 MHz, 48.59 W, 0x0000000000000000
2026/09/24 17:03:08.922, 602 MiB, 49 %, 71, 2460 MHz, 48.72 W, 0x0000000000000000
2026/09/24 17:03:10.937, 602 MiB, 49 %, 71, 2460 MHz, 48.69 W, 0x0000000000000000
2026/09/24 17:03:12.953, 602 MiB, 51 %, 71, 2460 MHz, 48.78 W, 0x0000000000000000
2026/09/24 17:03:14.958, 602 MiB, 46 %, 72, 2460 MHz, 48.59 W, 0x0000000000000000
2026/09/24 17:03:16.962, 602 MiB, 49 %, 71, 2460 MHz, 48.54 W, 0x0000000000000000
2026/09/24 17:03:18.977, 602 MiB, 50 %, 71, 2460 MHz, 48.76 W, 0x0000000000000000
2026/09/24 17:03:20.983, 602 MiB, 46 %, 71, 2460 MHz, 48.39 W, 0x0000000000000000
2026/09/24 17:03:22.997, 602 MiB, 47 %, 72, 2460 MHz, 48.48 W, 0x0000000000000000
2026/09/24 17:03:24.998, 602 MiB, 48 %, 71, 2460 MHz, 48.47 W, 0x0000000000000000
2026/09/24 17:03:27.010, 602 MiB, 47 %, 71, 2460 MHz, 48.20 W, 0x0000000000000000
2026/09/24 17:03:29.012, 602 MiB, 46 %, 71, 2460 MHz, 48.39 W, 0x0000000000000000
2026/09/24 17:03:31.022, 602 MiB, 47 %, 71, 2460 MHz, 48.46 W, 0x0000000000000000
2026/09/24 17:03:33.036, 602 MiB, 50 %, 71, 2460 MHz, 48.61 W, 0x0000000000000000
2026/09/24 17:03:35.038, 602 MiB, 48 %, 71, 2460 MHz, 48.52 W, 0x0000000000000000
2026/09/24 17:03:37.051, 602 MiB, 48 %, 71, 2460 MHz, 48.56 W, 0x0000000000000000
2026/09/24 17:03:39.065, 602 MiB, 50 %, 70, 2460 MHz, 48.41 W, 0x0000000000000000
2026/09/24 17:03:41.074, 602 MiB, 48 %, 71, 2460 MHz, 48.46 W, 0x0000000000000000
2026/09/24 17:03:43.076, 602 MiB, 48 %, 71, 2460 MHz, 47.35 W, 0x0000000000000000
2026/09/24 17:03:45.086, 602 MiB, 44 %, 71, 2460 MHz, 47.03 W, 0x0000000000000000
2026/09/24 17:03:47.089, 602 MiB, 46 %, 71, 2460 MHz, 47.25 W, 0x0000000000000000
2026/09/24 17:03:49.090, 602 MiB, 48 %, 70, 2460 MHz, 47.23 W, 0x0000000000000000
2026/09/24 17:03:51.093, 602 MiB, 45 %, 69, 2460 MHz, 46.69 W, 0x0000000000000000
2026/09/24 17:03:53.095, 602 MiB, 44 %, 70, 2460 MHz, 46.88 W, 0x0000000000000000
2026/09/24 17:03:55.109, 602 MiB, 46 %, 70, 2460 MHz, 47.38 W, 0x0000000000000000
2026/09/24 17:03:57.125, 602 MiB, 47 %, 70, 2460 MHz, 47.07 W, 0x0000000000000000
2026/09/24 17:03:59.126, 602 MiB, 48 %, 71, 2460 MHz, 46.81 W, 0x0000000000000000
2026/09/24 17:04:01.137, 602 MiB, 46 %, 70, 2460 MHz, 46.92 W, 0x0000000000000000
2026/09/24 17:04:03.151, 602 MiB, 46 %, 70, 2460 MHz, 47.19 W, 0x0000000000000000
2026/09/24 17:04:05.159, 602 MiB, 47 %, 70, 2460 MHz, 46.54 W, 0x0000000000000000
2026/09/24 17:04:07.175, 602 MiB, 46 %, 70, 2460 MHz, 46.27 W, 0x0000000000000000
2026/09/24 17:04:09.176, 602 MiB, 44 %, 69, 2460 MHz, 46.80 W, 0x0000000000000000
2026/09/24 17:04:11.188, 602 MiB, 44 %, 70, 2460 MHz, 45.39 W, 0x0000000000000000
2026/09/24 17:04:13.201, 602 MiB, 42 %, 69, 2460 MHz, 45.37 W, 0x0000000000000000
2026/09/24 17:04:15.216, 602 MiB, 46 %, 70, 2460 MHz, 45.42 W, 0x0000000000000000
2026/09/24 17:04:17.231, 602 MiB, 44 %, 70, 2460 MHz, 45.28 W, 0x0000000000000000
2026/09/24 17:04:19.244, 602 MiB, 46 %, 70, 2460 MHz, 45.29 W, 0x0000000000000000
2026/09/24 17:04:21.256, 602 MiB, 44 %, 69, 2460 MHz, 44.48 W, 0x0000000000000000
2026/09/24 17:04:23.257, 602 MiB, 45 %, 69, 2460 MHz, 43.81 W, 0x0000000000000000
2026/09/24 17:04:25.270, 602 MiB, 45 %, 69, 2460 MHz, 43.48 W, 0x0000000000000000
2026/09/24 17:04:27.282, 602 MiB, 42 %, 69, 2460 MHz, 43.56 W, 0x0000000000000000
2026/09/24 17:04:29.296, 602 MiB, 42 %, 69, 2460 MHz, 43.77 W, 0x0000000000000000
2026/09/24 17:04:31.310, 602 MiB, 39 %, 68, 2460 MHz, 42.16 W, 0x0000000000000000
2026/09/24 17:04:33.321, 602 MiB, 39 %, 68, 2460 MHz, 42.20 W, 0x0000000000000000
2026/09/24 17:04:35.331, 602 MiB, 42 %, 69, 2460 MHz, 42.08 W, 0x0000000000000000
2026/09/24 17:04:37.340, 602 MiB, 43 %, 69, 2460 MHz, 42.14 W, 0x0000000000000000
2026/09/24 17:04:39.341, 602 MiB, 44 %, 68, 2460 MHz, 42.13 W, 0x0000000000000000
2026/09/24 17:04:41.346, 602 MiB, 42 %, 68, 2460 MHz, 42.06 W, 0x0000000000000000
2026/09/24 17:04:43.356, 602 MiB, 40 %, 68, 2460 MHz, 42.00 W, 0x0000000000000000
2026/09/24 17:04:45.362, 602 MiB, 41 %, 68, 2460 MHz, 42.16 W, 0x0000000000000000
2026/09/24 17:04:47.369, 602 MiB, 40 %, 68, 2460 MHz, 42.02 W, 0x0000000000000000
2026/09/24 17:04:49.381, 602 MiB, 42 %, 68, 2460 MHz, 41.99 W, 0x0000000000000000
2026/09/24 17:04:51.386, 602 MiB, 39 %, 67, 2460 MHz, 41.02 W, 0x0000000000000000
2026/09/24 17:04:53.391, 602 MiB, 39 %, 67, 2460 MHz, 41.86 W, 0x0000000000000000
2026/09/24 17:04:55.399, 602 MiB, 39 %, 67, 2460 MHz, 41.85 W, 0x0000000000000000
2026/09/24 17:04:57.413, 602 MiB, 40 %, 67, 2460 MHz, 41.90 W, 0x0000000000000000
2026/09/24 17:04:59.419, 602 MiB, 42 %, 67, 2460 MHz, 41.81 W, 0x0000000000000000
2026/09/24 17:05:01.421, 602 MiB, 43 %, 68, 2460 MHz, 41.72 W, 0x0000000000000000
2026/09/24 17:05:03.429, 602 MiB, 39 %, 67, 2460 MHz, 41.61 W, 0x0000000000000000
2026/09/24 17:05:05.436, 602 MiB, 41 %, 68, 2460 MHz, 41.10 W, 0x0000000000000000
2026/09/24 17:05:07.447, 602 MiB, 39 %, 67, 2430 MHz, 39.38 W, 0x0000000000000001
2026/09/24 17:05:09.462, 602 MiB, 40 %, 67, 2430 MHz, 39.29 W, 0x0000000000000001
2026/09/24 17:05:11.476, 602 MiB, 40 %, 66, 2430 MHz, 39.40 W, 0x0000000000000001
2026/09/24 17:05:13.487, 602 MiB, 38 %, 66, 2430 MHz, 39.06 W, 0x0000000000000001
2026/09/24 17:05:15.488, 602 MiB, 37 %, 66, 2460 MHz, 39.31 W, 0x0000000000000000
2026/09/24 17:05:17.498, 602 MiB, 39 %, 66, 2460 MHz, 40.21 W, 0x0000000000000000
2026/09/24 17:05:19.499, 602 MiB, 39 %, 66, 2430 MHz, 39.52 W, 0x0000000000000001
2026/09/24 17:05:21.503, 602 MiB, 39 %, 66, 2460 MHz, 40.32 W, 0x0000000000000000
2026/09/24 17:05:23.516, 602 MiB, 39 %, 66, 2430 MHz, 39.26 W, 0x0000000000000001
2026/09/24 17:05:25.516, 602 MiB, 39 %, 66, 2445 MHz, 39.74 W, 0x0000000000000001
2026/09/24 17:05:27.521, 602 MiB, 41 %, 67, 2445 MHz, 39.66 W, 0x0000000000000001
2026/09/24 17:05:29.522, 602 MiB, 41 %, 67, 2460 MHz, 40.03 W, 0x0000000000000000
2026/09/24 17:05:31.535, 602 MiB, 39 %, 66, 2460 MHz, 38.98 W, 0x0000000000000000
2026/09/24 17:05:33.548, 602 MiB, 41 %, 65, 2265 MHz, 33.77 W, 0x0000000000000001
2026/09/24 17:05:35.561, 602 MiB, 40 %, 65, 2250 MHz, 33.59 W, 0x0000000000000001
2026/09/24 17:05:37.574, 602 MiB, 39 %, 64, 2250 MHz, 33.54 W, 0x0000000000000001
2026/09/24 17:05:39.577, 602 MiB, 42 %, 64, 2250 MHz, 33.05 W, 0x0000000000000001
2026/09/24 17:05:41.589, 602 MiB, 40 %, 64, 2265 MHz, 33.89 W, 0x0000000000000001
2026/09/24 17:05:43.601, 602 MiB, 38 %, 64, 2220 MHz, 32.42 W, 0x0000000000000001
2026/09/24 17:05:45.616, 602 MiB, 38 %, 63, 2175 MHz, 30.36 W, 0x0000000000000001
2026/09/24 17:05:47.624, 602 MiB, 40 %, 63, 2175 MHz, 30.13 W, 0x0000000000000001
2026/09/24 17:05:49.638, 602 MiB, 42 %, 62, 2145 MHz, 29.45 W, 0x0000000000000001
2026/09/24 17:05:51.642, 602 MiB, 38 %, 63, 2145 MHz, 29.24 W, 0x0000000000000001
2026/09/24 17:05:53.654, 602 MiB, 39 %, 62, 2070 MHz, 28.14 W, 0x0000000000000001
2026/09/24 17:05:55.667, 602 MiB, 38 %, 61, 2025 MHz, 26.69 W, 0x0000000000000001
2026/09/24 17:05:57.670, 602 MiB, 38 %, 60, 1830 MHz, 22.95 W, 0x0000000000000001
2026/09/24 17:05:59.681, 602 MiB, 40 %, 60, 1755 MHz, 21.87 W, 0x0000000000000001
2026/09/24 17:06:01.693, 602 MiB, 42 %, 59, 1740 MHz, 21.52 W, 0x0000000000000001
2026/09/24 17:06:03.701, 602 MiB, 41 %, 59, 1755 MHz, 21.87 W, 0x0000000000000001
2026/09/24 17:06:05.702, 602 MiB, 43 %, 59, 1710 MHz, 21.59 W, 0x0000000000000001
2026/09/24 17:06:07.710, 586 MiB, 39 %, 59, 1755 MHz, 20.73 W, 0x0000000000000001
2026/09/24 17:06:09.718, 602 MiB, 37 %, 60, 2130 MHz, 27.04 W, 0x0000000000000001
2026/09/24 17:06:11.732, 602 MiB, 39 %, 59, 1875 MHz, 24.86 W, 0x0000000000000001
2026/09/24 17:06:13.734, 602 MiB, 38 %, 59, 1770 MHz, 22.39 W, 0x0000000000000001
2026/09/24 17:06:15.749, 602 MiB, 38 %, 58, 1725 MHz, 22.08 W, 0x0000000000000001
2026/09/24 17:06:17.764, 602 MiB, 37 %, 58, 1725 MHz, 21.74 W, 0x0000000000000001
2026/09/24 17:06:19.765, 602 MiB, 37 %, 58, 1725 MHz, 21.77 W, 0x0000000000000001
2026/09/24 17:06:21.781, 602 MiB, 38 %, 58, 1710 MHz, 21.57 W, 0x0000000000000001
2026/09/24 17:06:23.782, 602 MiB, 37 %, 57, 1590 MHz, 19.98 W, 0x0000000000000001
2026/09/24 17:06:25.797, 602 MiB, 36 %, 56, 1440 MHz, 18.03 W, 0x0000000000000001
2026/09/24 17:06:27.811, 602 MiB, 33 %, 56, 1425 MHz, 17.25 W, 0x0000000000000001
2026/09/24 17:06:29.812, 602 MiB, 34 %, 56, 1425 MHz, 17.02 W, 0x0000000000000001
2026/09/24 17:06:31.821, 602 MiB, 30 %, 56, 1530 MHz, 17.71 W, 0x0000000000000001
2026/09/24 17:06:33.825, 602 MiB, 34 %, 55, 1440 MHz, 17.11 W, 0x0000000000000001
2026/09/24 17:06:35.831, 602 MiB, 35 %, 55, 1455 MHz, 15.55 W, 0x0000000000000001
2026/09/24 17:06:37.836, 602 MiB, 40 %, 54, 1260 MHz, 14.75 W, 0x0000000000000001
2026/09/24 17:06:39.845, 602 MiB, 44 %, 54, 900 MHz, 12.60 W, 0x0000000000000001
2026/09/24 17:06:41.850, 602 MiB, 26 %, 53, 750 MHz, 10.90 W, 0x0000000000000001
2026/09/24 17:06:43.859, 602 MiB, 49 %, 53, 360 MHz, 7.48 W, 0x0000000000000001
2026/09/24 17:06:45.874, 602 MiB, 49 %, 52, 375 MHz, 7.50 W, 0x0000000000000001
2026/09/24 17:06:47.889, 602 MiB, 51 %, 52, 375 MHz, 7.47 W, 0x0000000000000001
2026/09/24 17:06:49.900, 602 MiB, 52 %, 52, 420 MHz, 7.50 W, 0x0000000000000001
2026/09/24 17:06:51.905, 602 MiB, 52 %, 52, 390 MHz, 7.43 W, 0x0000000000000001
2026/09/24 17:06:53.908, 602 MiB, 56 %, 52, 390 MHz, 7.39 W, 0x0000000000000001
2026/09/24 17:06:55.922, 602 MiB, 56 %, 51, 405 MHz, 7.43 W, 0x0000000000000001
2026/09/24 17:06:57.927, 602 MiB, 54 %, 51, 405 MHz, 7.43 W, 0x0000000000000001
2026/09/24 17:06:59.939, 602 MiB, 53 %, 51, 375 MHz, 7.47 W, 0x0000000000000001
2026/09/24 17:07:01.942, 602 MiB, 53 %, 51, 375 MHz, 7.17 W, 0x0000000000000001
2026/09/24 17:07:03.952, 602 MiB, 52 %, 51, 360 MHz, 7.06 W, 0x0000000000000001
2026/09/24 17:07:05.966, 602 MiB, 53 %, 50, 360 MHz, 7.06 W, 0x0000000000000001
2026/09/24 17:07:07.978, 602 MiB, 52 %, 50, 375 MHz, 7.03 W, 0x0000000000000001
2026/09/24 17:07:09.981, 602 MiB, 53 %, 50, 375 MHz, 7.03 W, 0x0000000000000001
2026/09/24 17:07:11.984, 602 MiB, 45 %, 50, 330 MHz, 7.00 W, 0x0000000000000001
2026/09/24 17:07:13.990, 602 MiB, 48 %, 50, 345 MHz, 6.99 W, 0x0000000000000001
2026/09/24 17:07:16.004, 602 MiB, 49 %, 50, 330 MHz, 6.97 W, 0x0000000000000001
2026/09/24 17:07:18.019, 602 MiB, 47 %, 49, 345 MHz, 7.01 W, 0x0000000000000001
2026/09/24 17:07:20.028, 602 MiB, 52 %, 49, 360 MHz, 7.01 W, 0x0000000000000001
2026/09/24 17:07:22.042, 602 MiB, 53 %, 49, 375 MHz, 7.00 W, 0x0000000000000001
2026/09/24 17:07:24.056, 602 MiB, 52 %, 49, 360 MHz, 6.99 W, 0x0000000000000001
2026/09/24 17:07:26.068, 602 MiB, 54 %, 49, 360 MHz, 6.95 W, 0x0000000000000001
2026/09/24 17:07:28.080, 602 MiB, 54 %, 49, 375 MHz, 7.01 W, 0x0000000000000001
2026/09/24 17:07:30.085, 602 MiB, 53 %, 48, 375 MHz, 7.00 W, 0x0000000000000001
2026/09/24 17:07:32.093, 602 MiB, 50 %, 48, 345 MHz, 6.98 W, 0x0000000000000001
2026/09/24 17:07:34.100, 602 MiB, 50 %, 48, 345 MHz, 7.04 W, 0x0000000000000001
2026/09/24 17:07:36.115, 602 MiB, 48 %, 48, 345 MHz, 7.01 W, 0x0000000000000001
2026/09/24 17:07:38.124, 602 MiB, 45 %, 48, 345 MHz, 7.04 W, 0x0000000000000001
2026/09/24 17:07:40.134, 602 MiB, 48 %, 48, 345 MHz, 7.03 W, 0x0000000000000001
2026/09/24 17:07:42.146, 602 MiB, 51 %, 48, 360 MHz, 6.99 W, 0x0000000000000001
2026/09/24 17:07:44.150, 602 MiB, 52 %, 48, 360 MHz, 6.95 W, 0x0000000000000001
2026/09/24 17:07:46.163, 602 MiB, 51 %, 47, 375 MHz, 7.03 W, 0x0000000000000001
2026/09/24 17:07:48.165, 602 MiB, 47 %, 47, 270 MHz, 6.72 W, 0x0000000000000001
2026/09/24 17:07:50.171, 602 MiB, 49 %, 47, 285 MHz, 6.76 W, 0x0000000000000001
2026/09/24 17:07:52.174, 602 MiB, 50 %, 47, 240 MHz, 6.54 W, 0x0000000000000001
2026/09/24 17:07:54.183, 602 MiB, 51 %, 47, 255 MHz, 6.47 W, 0x0000000000000001
2026/09/24 17:07:56.198, 602 MiB, 51 %, 47, 255 MHz, 6.49 W, 0x0000000000000001
2026/09/24 17:07:58.211, 602 MiB, 52 %, 47, 255 MHz, 6.48 W, 0x0000000000000001
2026/09/24 17:08:00.223, 602 MiB, 54 %, 46, 270 MHz, 6.54 W, 0x0000000000000001
2026/09/24 17:08:02.237, 602 MiB, 48 %, 46, 270 MHz, 6.57 W, 0x0000000000000001
2026/09/24 17:08:04.244, 602 MiB, 50 %, 46, 255 MHz, 6.50 W, 0x0000000000000001
2026/09/24 17:08:06.253, 602 MiB, 52 %, 46, 255 MHz, 6.48 W, 0x0000000000000001
2026/09/24 17:08:08.255, 602 MiB, 50 %, 46, 255 MHz, 6.48 W, 0x0000000000000001
2026/09/24 17:08:10.258, 602 MiB, 45 %, 46, 270 MHz, 6.53 W, 0x0000000000000001
2026/09/24 17:08:12.269, 602 MiB, 53 %, 46, 240 MHz, 6.47 W, 0x0000000000000001
2026/09/24 17:08:14.278, 602 MiB, 54 %, 46, 240 MHz, 6.53 W, 0x0000000000000001
2026/09/24 17:08:16.291, 602 MiB, 52 %, 45, 255 MHz, 6.47 W, 0x0000000000000001
2026/09/24 17:08:18.305, 602 MiB, 47 %, 45, 255 MHz, 6.55 W, 0x0000000000000001
2026/09/24 17:08:20.322, 602 MiB, 47 %, 45, 255 MHz, 6.52 W, 0x0000000000000001
2026/09/24 17:08:22.335, 602 MiB, 45 %, 45, 270 MHz, 6.51 W, 0x0000000000000001
2026/09/24 17:08:24.348, 602 MiB, 46 %, 45, 255 MHz, 6.53 W, 0x0000000000000001
2026/09/24 17:08:26.361, 602 MiB, 47 %, 45, 255 MHz, 6.52 W, 0x0000000000000001
2026/09/24 17:08:28.367, 602 MiB, 48 %, 45, 255 MHz, 6.49 W, 0x0000000000000001
2026/09/24 17:08:30.369, 602 MiB, 44 %, 45, 270 MHz, 6.55 W, 0x0000000000000001
2026/09/24 17:08:32.384, 602 MiB, 45 %, 45, 270 MHz, 6.47 W, 0x0000000000000001
2026/09/24 17:08:34.390, 602 MiB, 50 %, 45, 255 MHz, 6.48 W, 0x0000000000000001
2026/09/24 17:08:36.402, 602 MiB, 47 %, 44, 255 MHz, 6.47 W, 0x0000000000000001
2026/09/24 17:08:38.412, 602 MiB, 45 %, 44, 255 MHz, 6.55 W, 0x0000000000000001
2026/09/24 17:08:40.422, 602 MiB, 47 %, 44, 240 MHz, 6.53 W, 0x0000000000000001
2026/09/24 17:08:42.436, 602 MiB, 49 %, 44, 255 MHz, 6.54 W, 0x0000000000000001
2026/09/24 17:08:44.439, 602 MiB, 54 %, 44, 270 MHz, 6.56 W, 0x0000000000000001
2026/09/24 17:08:46.450, 602 MiB, 51 %, 44, 255 MHz, 6.48 W, 0x0000000000000001
2026/09/24 17:08:48.464, 602 MiB, 52 %, 44, 255 MHz, 6.47 W, 0x0000000000000001
2026/09/24 17:08:50.479, 602 MiB, 54 %, 44, 270 MHz, 6.48 W, 0x0000000000000001
2026/09/24 17:08:52.492, 602 MiB, 51 %, 44, 255 MHz, 6.49 W, 0x0000000000000001
2026/09/24 17:08:54.501, 602 MiB, 52 %, 44, 255 MHz, 6.48 W, 0x0000000000000001
2026/09/24 17:08:56.515, 602 MiB, 52 %, 44, 255 MHz, 6.50 W, 0x0000000000000001
2026/09/24 17:08:58.523, 602 MiB, 49 %, 44, 255 MHz, 6.52 W, 0x0000000000000001
2026/09/24 17:09:00.530, 602 MiB, 50 %, 43, 255 MHz, 6.50 W, 0x0000000000000001
2026/09/24 17:09:02.545, 602 MiB, 52 %, 43, 255 MHz, 6.51 W, 0x0000000000000001
2026/09/24 17:09:04.555, 602 MiB, 52 %, 43, 270 MHz, 6.49 W, 0x0000000000000001
2026/09/24 17:09:06.567, 602 MiB, 52 %, 43, 270 MHz, 6.49 W, 0x0000000000000001
2026/09/24 17:09:08.583, 602 MiB, 55 %, 43, 240 MHz, 6.52 W, 0x0000000000000001
2026/09/24 17:09:10.587, 602 MiB, 54 %, 43, 255 MHz, 6.49 W, 0x0000000000000001
2026/09/24 17:09:12.597, 602 MiB, 52 %, 43, 270 MHz, 6.47 W, 0x0000000000000001
2026/09/24 17:09:14.610, 602 MiB, 52 %, 43, 270 MHz, 6.48 W, 0x0000000000000001
2026/09/24 17:09:16.623, 602 MiB, 52 %, 43, 255 MHz, 6.47 W, 0x0000000000000001
2026/09/24 17:09:18.629, 602 MiB, 47 %, 43, 225 MHz, 6.45 W, 0x0000000000000001
2026/09/24 17:09:20.643, 602 MiB, 45 %, 43, 240 MHz, 6.46 W, 0x0000000000000001
2026/09/24 17:09:22.656, 602 MiB, 47 %, 43, 240 MHz, 6.48 W, 0x0000000000000001
2026/09/24 17:09:24.668, 602 MiB, 53 %, 43, 270 MHz, 6.50 W, 0x0000000000000001
2026/09/24 17:09:26.677, 602 MiB, 48 %, 43, 255 MHz, 6.54 W, 0x0000000000000001
2026/09/24 17:09:28.681, 602 MiB, 48 %, 42, 255 MHz, 6.55 W, 0x0000000000000001
2026/09/24 17:09:30.692, 602 MiB, 49 %, 42, 255 MHz, 6.49 W, 0x0000000000000001
2026/09/24 17:09:32.705, 602 MiB, 47 %, 42, 255 MHz, 6.50 W, 0x0000000000000001
2026/09/24 17:09:34.720, 602 MiB, 46 %, 42, 255 MHz, 6.47 W, 0x0000000000000001
2026/09/24 17:09:36.735, 602 MiB, 49 %, 42, 255 MHz, 6.52 W, 0x0000000000000001
2026/09/24 17:09:38.743, 602 MiB, 48 %, 42, 240 MHz, 6.44 W, 0x0000000000000001
2026/09/24 17:09:40.758, 602 MiB, 45 %, 42, 240 MHz, 6.46 W, 0x0000000000000001
2026/09/24 17:09:42.761, 602 MiB, 44 %, 42, 255 MHz, 6.49 W, 0x0000000000000001
2026/09/24 17:09:44.774, 602 MiB, 46 %, 42, 240 MHz, 6.50 W, 0x0000000000000001
2026/09/24 17:09:46.786, 602 MiB, 47 %, 42, 240 MHz, 6.46 W, 0x0000000000000001
2026/09/24 17:09:48.789, 602 MiB, 45 %, 42, 240 MHz, 6.48 W, 0x0000000000000001
2026/09/24 17:09:50.796, 602 MiB, 50 %, 42, 255 MHz, 6.53 W, 0x0000000000000001
2026/09/24 17:09:52.798, 602 MiB, 48 %, 42, 255 MHz, 6.48 W, 0x0000000000000001
2026/09/24 17:09:54.803, 602 MiB, 49 %, 42, 240 MHz, 6.47 W, 0x0000000000000001
2026/09/24 17:09:56.808, 602 MiB, 43 %, 42, 240 MHz, 6.53 W, 0x0000000000000001
2026/09/24 17:09:58.821, 602 MiB, 52 %, 42, 270 MHz, 6.49 W, 0x0000000000000001
2026/09/24 17:10:00.832, 602 MiB, 53 %, 42, 255 MHz, 6.51 W, 0x0000000000000001
2026/09/24 17:10:02.847, 602 MiB, 52 %, 42, 255 MHz, 6.47 W, 0x0000000000000001
2026/09/24 17:10:04.860, 602 MiB, 53 %, 42, 270 MHz, 6.50 W, 0x0000000000000001
2026/09/24 17:10:06.871, 602 MiB, 50 %, 41, 255 MHz, 6.45 W, 0x0000000000000001
2026/09/24 17:10:08.886, 602 MiB, 53 %, 41, 255 MHz, 6.50 W, 0x0000000000000001
2026/09/24 17:10:10.901, 602 MiB, 51 %, 41, 255 MHz, 6.55 W, 0x0000000000000001
2026/09/24 17:10:12.913, 602 MiB, 52 %, 41, 255 MHz, 6.49 W, 0x0000000000000001
2026/09/24 17:10:14.925, 602 MiB, 52 %, 41, 255 MHz, 6.50 W, 0x0000000000000001
2026/09/24 17:10:16.932, 602 MiB, 55 %, 41, 225 MHz, 6.41 W, 0x0000000000000001
2026/09/24 17:10:18.941, 602 MiB, 51 %, 41, 270 MHz, 6.49 W, 0x0000000000000001
2026/09/24 17:10:20.956, 602 MiB, 50 %, 41, 270 MHz, 6.47 W, 0x0000000000000001
2026/09/24 17:10:22.959, 602 MiB, 51 %, 41, 255 MHz, 6.51 W, 0x0000000000000001
2026/09/24 17:10:24.962, 602 MiB, 51 %, 41, 255 MHz, 6.47 W, 0x0000000000000001
2026/09/24 17:10:26.966, 602 MiB, 51 %, 41, 255 MHz, 6.47 W, 0x0000000000000001
2026/09/24 17:10:28.982, 602 MiB, 48 %, 41, 255 MHz, 6.44 W, 0x0000000000000001
2026/09/24 17:10:30.982, 602 MiB, 52 %, 41, 225 MHz, 6.22 W, 0x0000000000000001
2026/09/24 17:10:32.993, 602 MiB, 51 %, 41, 225 MHz, 6.22 W, 0x0000000000000001
2026/09/24 17:10:35.006, 602 MiB, 50 %, 41, 225 MHz, 6.26 W, 0x0000000000000001
2026/09/24 17:10:37.009, 602 MiB, 49 %, 41, 225 MHz, 6.26 W, 0x0000000000000001
2026/09/24 17:10:39.015, 602 MiB, 55 %, 41, 210 MHz, 6.34 W, 0x0000000000000001
2026/09/24 17:10:41.017, 602 MiB, 54 %, 41, 210 MHz, 6.28 W, 0x0000000000000001
2026/09/24 17:10:43.023, 602 MiB, 49 %, 40, 225 MHz, 6.31 W, 0x0000000000000001
2026/09/24 17:10:45.028, 602 MiB, 46 %, 40, 225 MHz, 6.26 W, 0x0000000000000001
2026/09/24 17:10:47.043, 602 MiB, 46 %, 40, 240 MHz, 6.36 W, 0x0000000000000001
2026/09/24 17:10:49.046, 602 MiB, 51 %, 40, 225 MHz, 6.31 W, 0x0000000000000001
2026/09/24 17:10:51.055, 602 MiB, 46 %, 40, 240 MHz, 6.39 W, 0x0000000000000001
2026/09/24 17:10:53.065, 602 MiB, 48 %, 40, 225 MHz, 6.22 W, 0x0000000000000001
2026/09/24 17:10:55.067, 602 MiB, 46 %, 40, 225 MHz, 6.23 W, 0x0000000000000001
2026/09/24 17:10:57.081, 602 MiB, 46 %, 40, 225 MHz, 6.24 W, 0x0000000000000001
2026/09/24 17:10:59.096, 602 MiB, 47 %, 40, 225 MHz, 6.31 W, 0x0000000000000001
2026/09/24 17:11:01.109, 602 MiB, 48 %, 40, 225 MHz, 6.26 W, 0x0000000000000001
2026/09/24 17:11:03.124, 602 MiB, 49 %, 40, 225 MHz, 6.32 W, 0x0000000000000001
2026/09/24 17:11:05.133, 602 MiB, 51 %, 40, 225 MHz, 6.26 W, 0x0000000000000001
2026/09/24 17:11:07.145, 602 MiB, 48 %, 40, 240 MHz, 6.33 W, 0x0000000000000001
2026/09/24 17:11:09.158, 602 MiB, 46 %, 40, 240 MHz, 6.34 W, 0x0000000000000001
2026/09/24 17:11:11.166, 602 MiB, 50 %, 40, 240 MHz, 6.33 W, 0x0000000000000001
2026/09/24 17:11:13.167, 602 MiB, 51 %, 40, 225 MHz, 6.28 W, 0x0000000000000001
2026/09/24 17:11:15.179, 602 MiB, 50 %, 40, 240 MHz, 6.34 W, 0x0000000000000001
2026/09/24 17:11:17.190, 602 MiB, 52 %, 40, 225 MHz, 6.30 W, 0x0000000000000001
2026/09/24 17:11:19.191, 602 MiB, 46 %, 40, 240 MHz, 6.29 W, 0x0000000000000001
2026/09/24 17:11:21.192, 602 MiB, 50 %, 40, 240 MHz, 6.36 W, 0x0000000000000001
2026/09/24 17:11:23.196, 602 MiB, 44 %, 40, 255 MHz, 6.33 W, 0x0000000000000001
2026/09/24 17:11:25.208, 602 MiB, 48 %, 40, 225 MHz, 6.30 W, 0x0000000000000001
2026/09/24 17:11:27.212, 602 MiB, 46 %, 40, 225 MHz, 6.34 W, 0x0000000000000001
2026/09/24 17:11:29.227, 602 MiB, 45 %, 40, 240 MHz, 6.34 W, 0x0000000000000001
2026/09/24 17:11:31.241, 602 MiB, 47 %, 40, 225 MHz, 6.28 W, 0x0000000000000001
2026/09/24 17:11:33.254, 602 MiB, 46 %, 40, 225 MHz, 6.32 W, 0x0000000000000001
2026/09/24 17:11:35.255, 602 MiB, 45 %, 39, 240 MHz, 6.35 W, 0x0000000000000001
2026/09/24 17:11:37.264, 602 MiB, 51 %, 39, 225 MHz, 6.37 W, 0x0000000000000001
2026/09/24 17:11:39.275, 602 MiB, 48 %, 39, 240 MHz, 6.28 W, 0x0000000000000001
2026/09/24 17:11:41.289, 602 MiB, 48 %, 39, 240 MHz, 6.30 W, 0x0000000000000001
2026/09/24 17:11:43.302, 602 MiB, 47 %, 39, 240 MHz, 6.37 W, 0x0000000000000001
2026/09/24 17:11:45.317, 602 MiB, 44 %, 39, 255 MHz, 6.36 W, 0x0000000000000001
2026/09/24 17:11:47.321, 602 MiB, 51 %, 39, 225 MHz, 6.34 W, 0x0000000000000001
2026/09/24 17:11:49.327, 602 MiB, 52 %, 39, 225 MHz, 6.25 W, 0x0000000000000001
2026/09/24 17:11:51.338, 602 MiB, 56 %, 39, 210 MHz, 6.29 W, 0x0000000000000001
2026/09/24 17:11:53.353, 602 MiB, 48 %, 39, 225 MHz, 6.34 W, 0x0000000000000001
2026/09/24 17:11:55.366, 602 MiB, 49 %, 39, 225 MHz, 6.28 W, 0x0000000000000001
2026/09/24 17:11:57.369, 602 MiB, 52 %, 39, 225 MHz, 6.24 W, 0x0000000000000001
2026/09/24 17:11:59.378, 602 MiB, 52 %, 39, 225 MHz, 6.28 W, 0x0000000000000001
2026/09/24 17:12:01.393, 602 MiB, 50 %, 39, 240 MHz, 6.26 W, 0x0000000000000001
2026/09/24 17:12:03.408, 602 MiB, 51 %, 39, 225 MHz, 6.26 W, 0x0000000000000001
2026/09/24 17:12:05.410, 602 MiB, 52 %, 39, 225 MHz, 6.28 W, 0x0000000000000001
2026/09/24 17:12:07.423, 602 MiB, 52 %, 39, 225 MHz, 6.26 W, 0x0000000000000001
2026/09/24 17:12:09.437, 602 MiB, 48 %, 39, 240 MHz, 6.33 W, 0x0000000000000001
2026/09/24 17:12:11.447, 602 MiB, 48 %, 39, 225 MHz, 6.33 W, 0x0000000000000001
2026/09/24 17:12:13.448, 602 MiB, 49 %, 39, 240 MHz, 6.32 W, 0x0000000000000001
2026/09/24 17:12:15.463, 602 MiB, 51 %, 39, 225 MHz, 6.32 W, 0x0000000000000001
2026/09/24 17:12:17.474, 602 MiB, 46 %, 39, 240 MHz, 6.33 W, 0x0000000000000001
2026/09/24 17:12:19.481, 602 MiB, 52 %, 39, 225 MHz, 6.37 W, 0x0000000000000001
2026/09/24 17:12:21.482, 602 MiB, 51 %, 39, 240 MHz, 6.30 W, 0x0000000000000001
2026/09/24 17:12:23.483, 602 MiB, 46 %, 39, 225 MHz, 6.23 W, 0x0000000000000001
2026/09/24 17:12:25.495, 666 MiB, 39 %, 39, 225 MHz, 4.76 W, 0x0000000000000001
2026/09/24 17:12:27.510, 1628 MiB, 0 %, 40, 2130 MHz, 14.71 W, 0x0000000000000001
2026/09/24 17:12:29.514, 2684 MiB, 2 %, 42, 2490 MHz, 32.89 W, 0x0000000000000000
2026/09/24 17:12:31.521, 2780 MiB, 81 %, 49, 2475 MHz, 58.88 W, 0x0000000000000000
2026/09/24 17:12:33.532, 2780 MiB, 82 %, 50, 2475 MHz, 60.62 W, 0x0000000000000000
2026/09/24 17:12:35.546, 2780 MiB, 84 %, 51, 2475 MHz, 59.97 W, 0x0000000000000000
2026/09/24 17:12:37.562, 2780 MiB, 57 %, 50, 2475 MHz, 60.44 W, 0x0000000000000004
2026/09/24 17:12:39.567, 2780 MiB, 82 %, 54, 2475 MHz, 60.25 W, 0x0000000000000000
2026/09/24 17:12:41.582, 2780 MiB, 80 %, 53, 2475 MHz, 60.70 W, 0x0000000000000000
2026/09/24 17:12:43.596, 2780 MiB, 80 %, 55, 2475 MHz, 60.83 W, 0x0000000000000004
2026/09/24 17:12:45.607, 2780 MiB, 80 %, 54, 2475 MHz, 60.62 W, 0x0000000000000000
2026/09/24 17:12:47.620, 2780 MiB, 81 %, 56, 2475 MHz, 61.66 W, 0x0000000000000000
2026/09/24 17:12:49.635, 2780 MiB, 83 %, 56, 2370 MHz, 61.39 W, 0x0000000000000000
2026/09/24 17:12:51.641, 2780 MiB, 46 %, 55, 2475 MHz, 60.67 W, 0x0000000000000000
2026/09/24 17:12:53.655, 2780 MiB, 82 %, 58, 2475 MHz, 61.16 W, 0x0000000000000000
2026/09/24 17:12:55.672, 2780 MiB, 80 %, 58, 2475 MHz, 61.24 W, 0x0000000000000000
2026/09/24 17:12:57.673, 2780 MiB, 81 %, 59, 2475 MHz, 61.38 W, 0x0000000000000000
2026/09/24 17:12:59.682, 2972 MiB, 35 %, 56, 2475 MHz, 43.22 W, 0x0000000000000000
2026/09/24 17:13:01.694, 2972 MiB, 44 %, 57, 2475 MHz, 42.68 W, 0x0000000000000000
2026/09/24 17:13:03.698, 2972 MiB, 37 %, 56, 2475 MHz, 42.61 W, 0x0000000000000000
2026/09/24 17:13:05.705, 2972 MiB, 33 %, 56, 2475 MHz, 42.08 W, 0x0000000000000000
2026/09/24 17:13:07.716, 2972 MiB, 33 %, 56, 2475 MHz, 42.38 W, 0x0000000000000000
2026/09/24 17:13:09.725, 2972 MiB, 50 %, 59, 2475 MHz, 43.16 W, 0x0000000000000000
2026/09/24 17:13:11.734, 2972 MiB, 41 %, 57, 2475 MHz, 43.06 W, 0x0000000000000000
2026/09/24 17:13:13.749, 2972 MiB, 39 %, 59, 2475 MHz, 42.95 W, 0x0000000000000000
2026/09/24 17:13:15.766, 2972 MiB, 40 %, 58, 2475 MHz, 44.33 W, 0x0000000000000000
2026/09/24 17:13:17.768, 2972 MiB, 47 %, 59, 2475 MHz, 42.54 W, 0x0000000000000000
2026/09/24 17:13:19.778, 2972 MiB, 58 %, 60, 2475 MHz, 43.52 W, 0x0000000000000000
2026/09/24 17:13:21.791, 2972 MiB, 46 %, 61, 2475 MHz, 42.45 W, 0x0000000000000000
2026/09/24 17:13:23.805, 2972 MiB, 34 %, 58, 2475 MHz, 43.33 W, 0x0000000000000000
2026/09/24 17:13:25.814, 2972 MiB, 36 %, 60, 2475 MHz, 43.19 W, 0x0000000000000000
2026/09/24 17:13:27.825, 2972 MiB, 39 %, 61, 2475 MHz, 43.97 W, 0x0000000000000000
2026/09/24 17:13:29.832, 2972 MiB, 39 %, 61, 2475 MHz, 43.72 W, 0x0000000000000000
2026/09/24 17:13:31.843, 2972 MiB, 44 %, 60, 2475 MHz, 46.00 W, 0x0000000000000000
2026/09/24 17:13:33.852, 2972 MiB, 38 %, 62, 2475 MHz, 42.62 W, 0x0000000000000000
2026/09/24 17:13:35.859, 2972 MiB, 38 %, 62, 2460 MHz, 45.05 W, 0x0000000000000000
2026/09/24 17:13:37.869, 2972 MiB, 58 %, 61, 2460 MHz, 45.71 W, 0x0000000000000000
2026/09/24 17:13:39.878, 2972 MiB, 43 %, 61, 2460 MHz, 44.77 W, 0x0000000000000000
2026/09/24 17:13:41.888, 2972 MiB, 38 %, 61, 2460 MHz, 44.25 W, 0x0000000000000000
2026/09/24 17:13:43.890, 2972 MiB, 39 %, 62, 2460 MHz, 44.06 W, 0x0000000000000000
2026/09/24 17:13:45.895, 2972 MiB, 59 %, 63, 2460 MHz, 46.12 W, 0x0000000000000000
2026/09/24 17:13:47.904, 2972 MiB, 37 %, 63, 2460 MHz, 43.93 W, 0x0000000000000000
2026/09/24 17:13:49.920, 2972 MiB, 36 %, 63, 2460 MHz, 43.78 W, 0x0000000000000000
2026/09/24 17:13:51.933, 2972 MiB, 38 %, 63, 2460 MHz, 42.65 W, 0x0000000000000000
2026/09/24 17:13:53.944, 2972 MiB, 39 %, 63, 2460 MHz, 42.25 W, 0x0000000000000000
2026/09/24 17:13:55.952, 2972 MiB, 37 %, 63, 2460 MHz, 43.22 W, 0x0000000000000000
2026/09/24 17:13:57.967, 2972 MiB, 60 %, 64, 2460 MHz, 46.74 W, 0x0000000000000000
2026/09/24 17:13:59.979, 2972 MiB, 47 %, 64, 2460 MHz, 46.20 W, 0x0000000000000000
2026/09/24 17:14:01.985, 2972 MiB, 35 %, 64, 2460 MHz, 44.55 W, 0x0000000000000000
2026/09/24 17:14:03.999, 2972 MiB, 53 %, 62, 2460 MHz, 45.55 W, 0x0000000000000000
2026/09/24 17:14:06.013, 2972 MiB, 33 %, 64, 2460 MHz, 44.19 W, 0x0000000000000000
2026/09/24 17:14:08.022, 2972 MiB, 41 %, 65, 2460 MHz, 45.77 W, 0x0000000000000000
2026/09/24 17:14:10.029, 2972 MiB, 40 %, 64, 2460 MHz, 43.24 W, 0x0000000000000000
2026/09/24 17:14:12.038, 2972 MiB, 43 %, 63, 2460 MHz, 44.51 W, 0x0000000000000000
2026/09/24 17:14:14.050, 2972 MiB, 36 %, 63, 2460 MHz, 46.24 W, 0x0000000000000000
2026/09/24 17:14:16.057, 2972 MiB, 39 %, 66, 2460 MHz, 45.45 W, 0x0000000000000000
2026/09/24 17:14:18.069, 2972 MiB, 56 %, 66, 2460 MHz, 45.61 W, 0x0000000000000000
2026/09/24 17:14:20.080, 2972 MiB, 34 %, 63, 2460 MHz, 45.08 W, 0x0000000000000000
2026/09/24 17:14:22.093, 2972 MiB, 36 %, 64, 2460 MHz, 44.60 W, 0x0000000000000000
2026/09/24 17:14:24.108, 2972 MiB, 37 %, 66, 2460 MHz, 45.90 W, 0x0000000000000000
2026/09/24 17:14:26.114, 2972 MiB, 42 %, 65, 2460 MHz, 45.94 W, 0x0000000000000000
2026/09/24 17:14:28.125, 2972 MiB, 51 %, 66, 2460 MHz, 47.39 W, 0x0000000000000000
2026/09/24 17:14:30.137, 2972 MiB, 49 %, 67, 2460 MHz, 45.86 W, 0x0000000000000000
2026/09/24 17:14:32.146, 2972 MiB, 33 %, 65, 2460 MHz, 43.59 W, 0x0000000000000000
2026/09/24 17:14:34.157, 2972 MiB, 45 %, 65, 2460 MHz, 44.90 W, 0x0000000000000000
2026/09/24 17:14:36.164, 2972 MiB, 47 %, 64, 2460 MHz, 46.41 W, 0x0000000000000000
2026/09/24 17:14:38.175, 2972 MiB, 41 %, 65, 2460 MHz, 45.79 W, 0x0000000000000000
2026/09/24 17:14:40.188, 2972 MiB, 34 %, 66, 2460 MHz, 44.76 W, 0x0000000000000000
2026/09/24 17:14:42.203, 2972 MiB, 43 %, 65, 2460 MHz, 44.43 W, 0x0000000000000000
2026/09/24 17:14:44.216, 2972 MiB, 47 %, 66, 2460 MHz, 43.52 W, 0x0000000000000000
2026/09/24 17:14:46.224, 2972 MiB, 33 %, 67, 2460 MHz, 44.19 W, 0x0000000000000000
2026/09/24 17:14:48.235, 2972 MiB, 37 %, 66, 2460 MHz, 44.04 W, 0x0000000000000000
2026/09/24 17:14:50.249, 2972 MiB, 37 %, 66, 2460 MHz, 44.24 W, 0x0000000000000000
2026/09/24 17:14:52.264, 2972 MiB, 55 %, 66, 2460 MHz, 46.91 W, 0x0000000000000000
2026/09/24 17:14:54.274, 2972 MiB, 45 %, 67, 2460 MHz, 44.74 W, 0x0000000000000000
2026/09/24 17:14:56.282, 2972 MiB, 44 %, 67, 2460 MHz, 47.62 W, 0x0000000000000000
2026/09/24 17:14:58.291, 2972 MiB, 55 %, 67, 2460 MHz, 50.47 W, 0x0000000000000000
2026/09/24 17:15:00.292, 2972 MiB, 54 %, 68, 2460 MHz, 49.73 W, 0x0000000000000000
2026/09/24 17:15:02.306, 2972 MiB, 50 %, 68, 2460 MHz, 49.23 W, 0x0000000000000000
2026/09/24 17:15:04.315, 2972 MiB, 45 %, 67, 2460 MHz, 47.64 W, 0x0000000000000000
2026/09/24 17:15:06.323, 2972 MiB, 53 %, 66, 2460 MHz, 51.74 W, 0x0000000000000000
2026/09/24 17:15:08.328, 2972 MiB, 53 %, 68, 2460 MHz, 52.74 W, 0x0000000000000000
2026/09/24 17:15:10.335, 2972 MiB, 52 %, 69, 2460 MHz, 53.97 W, 0x0000000000000000
2026/09/24 17:15:12.341, 2972 MiB, 32 %, 68, 2460 MHz, 45.91 W, 0x0000000000000000
2026/09/24 17:15:14.345, 2972 MiB, 60 %, 67, 2460 MHz, 48.27 W, 0x0000000000000000
2026/09/24 17:15:16.357, 2972 MiB, 54 %, 69, 2460 MHz, 49.04 W, 0x0000000000000000
2026/09/24 17:15:18.370, 2972 MiB, 43 %, 69, 2460 MHz, 47.61 W, 0x0000000000000000
2026/09/24 17:15:20.378, 2972 MiB, 51 %, 69, 2460 MHz, 50.84 W, 0x0000000000000000
2026/09/24 17:15:22.387, 2972 MiB, 50 %, 68, 2460 MHz, 49.38 W, 0x0000000000000000
2026/09/24 17:15:24.399, 2972 MiB, 52 %, 69, 2460 MHz, 48.47 W, 0x0000000000000000
2026/09/24 17:15:26.412, 2972 MiB, 55 %, 69, 2460 MHz, 50.65 W, 0x0000000000000000
2026/09/24 17:15:28.428, 2972 MiB, 55 %, 69, 2460 MHz, 48.83 W, 0x0000000000000000
2026/09/24 17:15:30.438, 2972 MiB, 54 %, 68, 2460 MHz, 49.57 W, 0x0000000000000000
2026/09/24 17:15:32.439, 2972 MiB, 55 %, 69, 2460 MHz, 50.50 W, 0x0000000000000000
2026/09/24 17:15:34.447, 2972 MiB, 54 %, 68, 2460 MHz, 49.47 W, 0x0000000000000000
2026/09/24 17:15:36.458, 2972 MiB, 56 %, 69, 2460 MHz, 49.54 W, 0x0000000000000000
2026/09/24 17:15:38.466, 2972 MiB, 54 %, 69, 2460 MHz, 47.51 W, 0x0000000000000000
2026/09/24 17:15:40.482, 2972 MiB, 50 %, 69, 2460 MHz, 47.91 W, 0x0000000000000000
2026/09/24 17:15:42.493, 2972 MiB, 40 %, 68, 2460 MHz, 45.21 W, 0x0000000000000000
2026/09/24 17:15:44.502, 2972 MiB, 33 %, 68, 2460 MHz, 44.86 W, 0x0000000000000000
2026/09/24 17:15:46.516, 2972 MiB, 56 %, 69, 2460 MHz, 47.71 W, 0x0000000000000000
2026/09/24 17:15:48.526, 2972 MiB, 52 %, 68, 2460 MHz, 45.53 W, 0x0000000000000000
2026/09/24 17:15:50.534, 2972 MiB, 50 %, 67, 2460 MHz, 45.54 W, 0x0000000000000000
2026/09/24 17:15:52.534, 2972 MiB, 49 %, 68, 2460 MHz, 44.86 W, 0x0000000000000000
2026/09/24 17:15:54.536, 2972 MiB, 48 %, 68, 2460 MHz, 44.86 W, 0x0000000000000000
2026/09/24 17:15:56.544, 2972 MiB, 48 %, 67, 2460 MHz, 43.91 W, 0x0000000000000000
2026/09/24 17:15:58.559, 2972 MiB, 48 %, 67, 2460 MHz, 45.40 W, 0x0000000000000000
2026/09/24 17:16:00.572, 2972 MiB, 45 %, 68, 2460 MHz, 44.03 W, 0x0000000000000000
2026/09/24 17:16:02.584, 2972 MiB, 46 %, 67, 2460 MHz, 44.34 W, 0x0000000000000000
2026/09/24 17:16:04.596, 2972 MiB, 48 %, 68, 2460 MHz, 42.50 W, 0x0000000000000000
2026/09/24 17:16:06.611, 2972 MiB, 48 %, 67, 2460 MHz, 42.67 W, 0x0000000000000000
2026/09/24 17:16:08.627, 2972 MiB, 47 %, 68, 2460 MHz, 42.17 W, 0x0000000000000000
2026/09/24 17:16:10.633, 2972 MiB, 43 %, 66, 2460 MHz, 41.39 W, 0x0000000000000000
2026/09/24 17:16:12.648, 2972 MiB, 48 %, 67, 2460 MHz, 40.84 W, 0x0000000000000000
2026/09/24 17:16:14.657, 2972 MiB, 46 %, 67, 2460 MHz, 41.10 W, 0x0000000000000000
2026/09/24 17:16:16.664, 2972 MiB, 42 %, 66, 2460 MHz, 40.58 W, 0x0000000000000000
2026/09/24 17:16:18.676, 2972 MiB, 38 %, 65, 2460 MHz, 40.28 W, 0x0000000000000000
2026/09/24 17:16:20.678, 2972 MiB, 47 %, 66, 2460 MHz, 41.19 W, 0x0000000000000000
2026/09/24 17:16:22.692, 2972 MiB, 46 %, 67, 2460 MHz, 41.47 W, 0x0000000000000000
2026/09/24 17:16:24.702, 2972 MiB, 44 %, 66, 2460 MHz, 41.27 W, 0x0000000000000000
2026/09/24 17:16:26.703, 2972 MiB, 44 %, 66, 2460 MHz, 41.54 W, 0x0000000000000000
2026/09/24 17:16:28.715, 2972 MiB, 46 %, 67, 2460 MHz, 41.02 W, 0x0000000000000000
2026/09/24 17:16:30.725, 2972 MiB, 42 %, 66, 2460 MHz, 36.18 W, 0x0000000000000000
2026/09/24 17:16:32.728, 2972 MiB, 36 %, 63, 2175 MHz, 30.78 W, 0x0000000000000001
2026/09/24 17:16:34.734, 2972 MiB, 34 %, 62, 1965 MHz, 23.59 W, 0x0000000000000001
2026/09/24 17:16:36.740, 2972 MiB, 35 %, 61, 1830 MHz, 21.58 W, 0x0000000000000001
2026/09/24 17:16:38.754, 2972 MiB, 29 %, 61, 1815 MHz, 20.57 W, 0x0000000000000001
2026/09/24 17:16:40.768, 2972 MiB, 41 %, 60, 1800 MHz, 20.85 W, 0x0000000000000001
2026/09/24 17:16:42.781, 2972 MiB, 35 %, 60, 1800 MHz, 20.42 W, 0x0000000000000001
2026/09/24 17:16:44.791, 2972 MiB, 33 %, 60, 1800 MHz, 19.91 W, 0x0000000000000001
2026/09/24 17:16:46.804, 2972 MiB, 37 %, 59, 1800 MHz, 20.47 W, 0x0000000000000001
2026/09/24 17:16:48.807, 2972 MiB, 36 %, 59, 1875 MHz, 20.87 W, 0x0000000000000001
2026/09/24 17:16:50.820, 2972 MiB, 40 %, 59, 1800 MHz, 20.58 W, 0x0000000000000001
2026/09/24 17:16:52.832, 2972 MiB, 31 %, 58, 1800 MHz, 20.22 W, 0x0000000000000001
2026/09/24 17:16:54.843, 2972 MiB, 37 %, 58, 1620 MHz, 17.86 W, 0x0000000000000001
2026/09/24 17:16:56.855, 2972 MiB, 42 %, 57, 1575 MHz, 17.56 W, 0x0000000000000001
2026/09/24 17:16:58.864, 2972 MiB, 37 %, 57, 1635 MHz, 17.08 W, 0x0000000000000001
2026/09/24 17:17:00.873, 2972 MiB, 39 %, 57, 1455 MHz, 16.26 W, 0x0000000000000001
2026/09/24 17:17:02.886, 2972 MiB, 33 %, 56, 1485 MHz, 16.16 W, 0x0000000000000001
2026/09/24 17:17:04.892, 2972 MiB, 34 %, 55, 1365 MHz, 12.71 W, 0x0000000000000001
2026/09/24 17:17:06.899, 2972 MiB, 39 %, 55, 945 MHz, 11.22 W, 0x0000000000000001
2026/09/24 17:17:08.911, 2972 MiB, 49 %, 54, 435 MHz, 10.51 W, 0x0000000000000001
2026/09/24 17:17:10.922, 2972 MiB, 50 %, 54, 465 MHz, 8.70 W, 0x0000000000000001
2026/09/24 17:17:12.935, 2972 MiB, 61 %, 53, 360 MHz, 9.19 W, 0x0000000000000001
2026/09/24 17:17:14.936, 2972 MiB, 54 %, 53, 315 MHz, 9.73 W, 0x0000000000000001
2026/09/24 17:17:16.947, 2972 MiB, 57 %, 53, 450 MHz, 10.26 W, 0x0000000000000001
2026/09/24 17:17:18.956, 2972 MiB, 47 %, 52, 435 MHz, 8.16 W, 0x0000000000000001
2026/09/24 17:17:20.965, 2972 MiB, 60 %, 52, 405 MHz, 9.31 W, 0x0000000000000001
2026/09/24 17:17:22.976, 2972 MiB, 50 %, 52, 390 MHz, 8.57 W, 0x0000000000000001
2026/09/24 17:17:24.987, 2972 MiB, 44 %, 52, 495 MHz, 8.76 W, 0x0000000000000001
2026/09/24 17:17:26.996, 2972 MiB, 50 %, 51, 465 MHz, 9.57 W, 0x0000000000000001
2026/09/24 17:17:29.005, 2972 MiB, 58 %, 51, 405 MHz, 9.23 W, 0x0000000000000001
2026/09/24 17:17:31.020, 2972 MiB, 55 %, 51, 345 MHz, 9.21 W, 0x0000000000000001
2026/09/24 17:17:33.031, 2972 MiB, 50 %, 51, 405 MHz, 9.74 W, 0x0000000000000001
2026/09/24 17:17:35.045, 2972 MiB, 56 %, 51, 390 MHz, 9.22 W, 0x0000000000000001
2026/09/24 17:17:37.057, 2972 MiB, 51 %, 50, 360 MHz, 9.54 W, 0x0000000000000001
2026/09/24 17:17:39.063, 2972 MiB, 47 %, 50, 480 MHz, 8.05 W, 0x0000000000000001
2026/09/24 17:17:41.077, 2972 MiB, 46 %, 50, 270 MHz, 7.34 W, 0x0000000000000001
2026/09/24 17:17:43.081, 2972 MiB, 32 %, 50, 420 MHz, 9.02 W, 0x0000000000000001
2026/09/24 17:17:45.093, 2972 MiB, 32 %, 50, 480 MHz, 9.20 W, 0x0000000000000001
2026/09/24 17:17:47.094, 2972 MiB, 52 %, 49, 255 MHz, 5.69 W, 0x0000000000000001
2026/09/24 17:17:49.094, 2972 MiB, 46 %, 49, 630 MHz, 9.64 W, 0x0000000000000001
2026/09/24 17:17:51.109, 2976 MiB, 32 %, 51, 2130 MHz, 17.98 W, 0x0000000000000001
2026/09/24 17:17:53.124, 2989 MiB, 35 %, 51, 1560 MHz, 18.22 W, 0x0000000000000001
2026/09/24 17:17:55.132, 2989 MiB, 35 %, 50, 1455 MHz, 14.26 W, 0x0000000000000001
2026/09/24 17:17:57.141, 2989 MiB, 40 %, 50, 1245 MHz, 12.50 W, 0x0000000000000001
2026/09/24 17:17:59.156, 2989 MiB, 48 %, 49, 855 MHz, 11.56 W, 0x0000000000000001
2026/09/24 17:18:01.171, 2989 MiB, 34 %, 49, 495 MHz, 10.81 W, 0x0000000000000001
2026/09/24 17:18:03.172, 2989 MiB, 33 %, 49, 465 MHz, 9.91 W, 0x0000000000000001
2026/09/24 17:18:05.173, 2989 MiB, 44 %, 48, 375 MHz, 7.99 W, 0x0000000000000001
2026/09/24 17:18:07.187, 2989 MiB, 31 %, 48, 435 MHz, 9.75 W, 0x0000000000000001
2026/09/24 17:18:09.202, 2989 MiB, 50 %, 48, 330 MHz, 7.82 W, 0x0000000000000001
2026/09/24 17:18:11.203, 2989 MiB, 43 %, 48, 480 MHz, 9.83 W, 0x0000000000000001
2026/09/24 17:18:13.217, 2989 MiB, 55 %, 48, 345 MHz, 7.34 W, 0x0000000000000001
2026/09/24 17:18:15.217, 2989 MiB, 56 %, 48, 315 MHz, 7.14 W, 0x0000000000000001
2026/09/24 17:18:17.233, 2989 MiB, 56 %, 48, 330 MHz, 7.20 W, 0x0000000000000001
2026/09/24 17:18:19.239, 2989 MiB, 63 %, 47, 330 MHz, 8.94 W, 0x0000000000000001
2026/09/24 17:18:21.249, 2989 MiB, 39 %, 47, 435 MHz, 9.15 W, 0x0000000000000001
2026/09/24 17:18:23.264, 2989 MiB, 62 %, 47, 330 MHz, 6.49 W, 0x0000000000000001
2026/09/24 17:18:25.277, 2989 MiB, 49 %, 47, 285 MHz, 9.38 W, 0x0000000000000001
2026/09/24 17:18:27.289, 2989 MiB, 49 %, 47, 495 MHz, 7.11 W, 0x0000000000000001
2026/09/24 17:18:29.290, 2989 MiB, 39 %, 47, 645 MHz, 10.81 W, 0x0000000000000001
2026/09/24 17:18:31.294, 2989 MiB, 59 %, 47, 255 MHz, 6.45 W, 0x0000000000000001
2026/09/24 17:18:33.303, 2989 MiB, 58 %, 47, 285 MHz, 9.30 W, 0x0000000000000001
2026/09/24 17:18:35.317, 2989 MiB, 49 %, 47, 480 MHz, 7.81 W, 0x0000000000000001
2026/09/24 17:18:37.332, 2989 MiB, 49 %, 46, 240 MHz, 6.29 W, 0x0000000000000001
2026/09/24 17:18:39.343, 2989 MiB, 50 %, 46, 255 MHz, 6.39 W, 0x0000000000000001
2026/09/24 17:18:41.351, 2989 MiB, 49 %, 46, 645 MHz, 10.13 W, 0x0000000000000001
2026/09/24 17:18:43.359, 2989 MiB, 57 %, 46, 375 MHz, 9.44 W, 0x0000000000000001
2026/09/24 17:18:45.373, 2989 MiB, 37 %, 46, 600 MHz, 10.89 W, 0x0000000000000001
2026/09/24 17:18:47.377, 2989 MiB, 70 %, 46, 225 MHz, 6.37 W, 0x0000000000000001
2026/09/24 17:18:49.389, 2989 MiB, 58 %, 46, 315 MHz, 6.50 W, 0x0000000000000001
2026/09/24 17:18:51.394, 2989 MiB, 52 %, 45, 255 MHz, 6.36 W, 0x0000000000000001
2026/09/24 17:18:53.397, 2989 MiB, 66 %, 45, 330 MHz, 6.61 W, 0x0000000000000001
2026/09/24 17:18:55.404, 2989 MiB, 48 %, 45, 255 MHz, 7.02 W, 0x0000000000000001
2026/09/24 17:18:57.410, 2989 MiB, 56 %, 45, 360 MHz, 6.61 W, 0x0000000000000001
2026/09/24 17:18:59.424, 2989 MiB, 39 %, 45, 465 MHz, 8.53 W, 0x0000000000000001
2026/09/24 17:19:01.430, 2989 MiB, 48 %, 45, 285 MHz, 8.20 W, 0x0000000000000001
2026/09/24 17:19:03.431, 2989 MiB, 59 %, 45, 270 MHz, 6.52 W, 0x0000000000000001
2026/09/24 17:19:05.444, 2989 MiB, 49 %, 45, 435 MHz, 8.77 W, 0x0000000000000001
2026/09/24 17:19:07.452, 2989 MiB, 58 %, 45, 240 MHz, 6.97 W, 0x0000000000000001
2026/09/24 17:19:09.460, 2989 MiB, 51 %, 45, 630 MHz, 10.24 W, 0x0000000000000001
2026/09/24 17:19:11.467, 2989 MiB, 38 %, 45, 585 MHz, 9.68 W, 0x0000000000000001
2026/09/24 17:19:13.479, 2989 MiB, 39 %, 45, 330 MHz, 10.61 W, 0x0000000000000001
2026/09/24 17:19:15.487, 2989 MiB, 52 %, 44, 240 MHz, 8.02 W, 0x0000000000000001
2026/09/24 17:19:17.502, 2989 MiB, 48 %, 44, 645 MHz, 9.29 W, 0x0000000000000001
2026/09/24 17:19:19.512, 2989 MiB, 52 %, 44, 555 MHz, 10.59 W, 0x0000000000000001
2026/09/24 17:19:21.519, 2989 MiB, 54 %, 44, 570 MHz, 10.95 W, 0x0000000000000001
2026/09/24 17:19:23.520, 2989 MiB, 45 %, 44, 225 MHz, 8.04 W, 0x0000000000000001
2026/09/24 17:19:25.522, 2989 MiB, 50 %, 44, 675 MHz, 9.26 W, 0x0000000000000001
2026/09/24 17:19:27.523, 2989 MiB, 42 %, 44, 285 MHz, 9.65 W, 0x0000000000000001
2026/09/24 17:19:29.527, 2989 MiB, 59 %, 44, 450 MHz, 7.60 W, 0x0000000000000001
2026/09/24 17:19:31.542, 2989 MiB, 40 %, 44, 540 MHz, 10.79 W, 0x0000000000000001
2026/09/24 17:19:33.549, 2989 MiB, 47 %, 44, 315 MHz, 8.59 W, 0x0000000000000001
2026/09/24 17:19:35.561, 2989 MiB, 57 %, 44, 240 MHz, 6.57 W, 0x0000000000000001
2026/09/24 17:19:37.570, 2989 MiB, 53 %, 44, 495 MHz, 9.19 W, 0x0000000000000001
2026/09/24 17:19:39.577, 2989 MiB, 52 %, 43, 255 MHz, 7.04 W, 0x0000000000000001
2026/09/24 17:19:41.579, 2989 MiB, 54 %, 43, 240 MHz, 7.23 W, 0x0000000000000001
2026/09/24 17:19:43.580, 2989 MiB, 53 %, 43, 495 MHz, 10.68 W, 0x0000000000000001
2026/09/24 17:19:45.593, 2989 MiB, 50 %, 43, 450 MHz, 7.11 W, 0x0000000000000001
2026/09/24 17:19:47.607, 2989 MiB, 44 %, 43, 420 MHz, 10.45 W, 0x0000000000000001
2026/09/24 17:19:49.622, 2989 MiB, 51 %, 43, 255 MHz, 6.30 W, 0x0000000000000001
2026/09/24 17:19:51.625, 2989 MiB, 49 %, 43, 240 MHz, 7.28 W, 0x0000000000000001
2026/09/24 17:19:53.628, 2989 MiB, 56 %, 43, 345 MHz, 6.69 W, 0x0000000000000001
2026/09/24 17:19:55.632, 2989 MiB, 56 %, 43, 225 MHz, 6.36 W, 0x0000000000000001
2026/09/24 17:19:57.636, 2989 MiB, 54 %, 43, 240 MHz, 6.34 W, 0x0000000000000001
2026/09/24 17:19:59.650, 2989 MiB, 51 %, 43, 225 MHz, 6.38 W, 0x0000000000000001
2026/09/24 17:20:01.658, 2989 MiB, 56 %, 43, 420 MHz, 10.48 W, 0x0000000000000001
2026/09/24 17:20:03.663, 2989 MiB, 48 %, 43, 270 MHz, 9.34 W, 0x0000000000000001
2026/09/24 17:20:05.677, 2989 MiB, 48 %, 43, 255 MHz, 6.31 W, 0x0000000000000001
2026/09/24 17:20:07.685, 2989 MiB, 47 %, 43, 525 MHz, 7.13 W, 0x0000000000000001
2026/09/24 17:20:09.697, 2989 MiB, 42 %, 43, 570 MHz, 10.72 W, 0x0000000000000001
2026/09/24 17:20:11.706, 2989 MiB, 42 %, 43, 540 MHz, 10.73 W, 0x0000000000000001
2026/09/24 17:20:13.710, 2989 MiB, 54 %, 42, 345 MHz, 6.65 W, 0x0000000000000001
2026/09/24 17:20:15.725, 2989 MiB, 48 %, 42, 225 MHz, 6.10 W, 0x0000000000000001
2026/09/24 17:20:17.728, 2989 MiB, 46 %, 42, 225 MHz, 6.13 W, 0x0000000000000001
2026/09/24 17:20:19.741, 2989 MiB, 47 %, 42, 225 MHz, 6.10 W, 0x0000000000000001
2026/09/24 17:20:21.755, 2989 MiB, 51 %, 42, 210 MHz, 6.07 W, 0x0000000000000001
2026/09/24 17:20:23.771, 2989 MiB, 54 %, 42, 210 MHz, 6.16 W, 0x0000000000000001
2026/09/24 17:20:25.782, 2989 MiB, 54 %, 42, 210 MHz, 6.17 W, 0x0000000000000001
2026/09/24 17:20:27.797, 2989 MiB, 59 %, 42, 210 MHz, 6.13 W, 0x0000000000000001
2026/09/24 17:20:29.812, 2989 MiB, 46 %, 42, 225 MHz, 6.04 W, 0x0000000000000001
2026/09/24 17:20:31.815, 2989 MiB, 55 %, 42, 210 MHz, 6.14 W, 0x0000000000000001
2026/09/24 17:20:33.818, 2989 MiB, 49 %, 42, 210 MHz, 6.08 W, 0x0000000000000001
2026/09/24 17:20:35.827, 2989 MiB, 54 %, 42, 210 MHz, 6.11 W, 0x0000000000000001
2026/09/24 17:20:37.838, 2989 MiB, 51 %, 41, 225 MHz, 6.13 W, 0x0000000000000001
2026/09/24 17:20:39.841, 2989 MiB, 50 %, 41, 210 MHz, 6.18 W, 0x0000000000000001
2026/09/24 17:20:41.844, 2989 MiB, 50 %, 41, 225 MHz, 6.20 W, 0x0000000000000001
2026/09/24 17:20:43.859, 2989 MiB, 54 %, 41, 225 MHz, 6.26 W, 0x0000000000000001
2026/09/24 17:20:45.867, 2989 MiB, 48 %, 41, 210 MHz, 6.11 W, 0x0000000000000001
2026/09/24 17:20:47.882, 2989 MiB, 49 %, 41, 210 MHz, 6.06 W, 0x0000000000000001
2026/09/24 17:20:49.888, 2989 MiB, 56 %, 41, 210 MHz, 6.11 W, 0x0000000000000001
2026/09/24 17:20:51.899, 2989 MiB, 48 %, 41, 240 MHz, 6.12 W, 0x0000000000000001
2026/09/24 17:20:53.904, 2989 MiB, 51 %, 41, 210 MHz, 6.02 W, 0x0000000000000001
2026/09/24 17:20:55.910, 2989 MiB, 49 %, 41, 225 MHz, 6.17 W, 0x0000000000000001
2026/09/24 17:20:57.926, 2989 MiB, 54 %, 41, 210 MHz, 6.13 W, 0x0000000000000001
2026/09/24 17:20:59.932, 2989 MiB, 53 %, 41, 225 MHz, 6.13 W, 0x0000000000000001
2026/09/24 17:21:01.933, 2989 MiB, 49 %, 41, 210 MHz, 6.15 W, 0x0000000000000001
2026/09/24 17:21:03.934, 2989 MiB, 48 %, 41, 240 MHz, 6.14 W, 0x0000000000000001
2026/09/24 17:21:05.949, 2989 MiB, 51 %, 41, 210 MHz, 6.09 W, 0x0000000000000001
2026/09/24 17:21:07.952, 2989 MiB, 44 %, 41, 210 MHz, 6.15 W, 0x0000000000000001
2026/09/24 17:21:09.964, 2989 MiB, 51 %, 41, 210 MHz, 6.04 W, 0x0000000000000001
2026/09/24 17:21:11.974, 2989 MiB, 55 %, 41, 210 MHz, 6.05 W, 0x0000000000000001
2026/09/24 17:21:13.983, 2989 MiB, 46 %, 41, 210 MHz, 6.12 W, 0x0000000000000001
2026/09/24 17:21:15.994, 2989 MiB, 56 %, 40, 225 MHz, 6.15 W, 0x0000000000000001
2026/09/24 17:21:17.998, 2989 MiB, 53 %, 40, 225 MHz, 6.20 W, 0x0000000000000001
2026/09/24 17:21:19.999, 2989 MiB, 51 %, 40, 210 MHz, 6.16 W, 0x0000000000000001
2026/09/24 17:21:22.006, 2989 MiB, 52 %, 40, 210 MHz, 6.15 W, 0x0000000000000001
2026/09/24 17:21:24.021, 2989 MiB, 55 %, 40, 240 MHz, 6.18 W, 0x0000000000000001
2026/09/24 17:21:26.023, 2989 MiB, 56 %, 40, 225 MHz, 6.13 W, 0x0000000000000001
2026/09/24 17:21:28.024, 2989 MiB, 46 %, 40, 225 MHz, 6.17 W, 0x0000000000000001
2026/09/24 17:21:30.033, 2989 MiB, 49 %, 40, 210 MHz, 6.16 W, 0x0000000000000001
2026/09/24 17:21:32.034, 2989 MiB, 55 %, 40, 225 MHz, 6.16 W, 0x0000000000000001
2026/09/24 17:21:34.041, 2989 MiB, 50 %, 40, 210 MHz, 6.20 W, 0x0000000000000001
2026/09/24 17:21:36.042, 2989 MiB, 53 %, 40, 240 MHz, 6.21 W, 0x0000000000000001
2026/09/24 17:21:38.057, 2989 MiB, 53 %, 40, 210 MHz, 6.15 W, 0x0000000000000001
2026/09/24 17:21:40.060, 2989 MiB, 51 %, 40, 210 MHz, 6.14 W, 0x0000000000000001
2026/09/24 17:21:42.068, 2989 MiB, 50 %, 40, 210 MHz, 6.21 W, 0x0000000000000001
2026/09/24 17:21:44.071, 2989 MiB, 50 %, 40, 225 MHz, 6.11 W, 0x0000000000000001
2026/09/24 17:21:46.073, 2989 MiB, 52 %, 40, 225 MHz, 6.15 W, 0x0000000000000001
2026/09/24 17:21:48.084, 2989 MiB, 47 %, 40, 210 MHz, 6.15 W, 0x0000000000000001
2026/09/24 17:21:50.094, 2989 MiB, 55 %, 40, 210 MHz, 6.06 W, 0x0000000000000001
2026/09/24 17:21:52.096, 2989 MiB, 55 %, 40, 210 MHz, 6.15 W, 0x0000000000000001
2026/09/24 17:21:54.106, 2989 MiB, 46 %, 40, 210 MHz, 6.16 W, 0x0000000000000001
2026/09/24 17:21:56.119, 2989 MiB, 52 %, 40, 225 MHz, 6.19 W, 0x0000000000000001
2026/09/24 17:21:58.130, 2989 MiB, 51 %, 40, 210 MHz, 6.08 W, 0x0000000000000001
2026/09/24 17:22:00.138, 2989 MiB, 52 %, 40, 210 MHz, 6.12 W, 0x0000000000000001
2026/09/24 17:22:02.151, 2989 MiB, 55 %, 40, 210 MHz, 6.14 W, 0x0000000000000001
2026/09/24 17:22:04.156, 2989 MiB, 54 %, 39, 210 MHz, 6.06 W, 0x0000000000000001
2026/09/24 17:22:06.170, 2989 MiB, 54 %, 39, 210 MHz, 6.13 W, 0x0000000000000001
2026/09/24 17:22:08.181, 2989 MiB, 56 %, 39, 225 MHz, 6.18 W, 0x0000000000000001
2026/09/24 17:22:10.191, 2989 MiB, 54 %, 39, 240 MHz, 6.23 W, 0x0000000000000001
2026/09/24 17:22:12.204, 2989 MiB, 55 %, 39, 210 MHz, 6.14 W, 0x0000000000000001
2026/09/24 17:22:14.217, 2989 MiB, 55 %, 39, 210 MHz, 6.12 W, 0x0000000000000001
2026/09/24 17:22:16.228, 2989 MiB, 53 %, 39, 210 MHz, 6.10 W, 0x0000000000000001
2026/09/24 17:22:18.230, 2989 MiB, 54 %, 39, 225 MHz, 6.13 W, 0x0000000000000001
2026/09/24 17:22:20.233, 2989 MiB, 46 %, 39, 210 MHz, 6.12 W, 0x0000000000000001
2026/09/24 17:22:22.243, 2989 MiB, 50 %, 39, 225 MHz, 6.18 W, 0x0000000000000001
2026/09/24 17:22:24.256, 2989 MiB, 54 %, 39, 210 MHz, 6.14 W, 0x0000000000000001
2026/09/24 17:22:26.272, 2989 MiB, 49 %, 39, 210 MHz, 6.12 W, 0x0000000000000001
2026/09/24 17:22:28.286, 2989 MiB, 50 %, 39, 225 MHz, 6.13 W, 0x0000000000000001
2026/09/24 17:22:30.289, 2989 MiB, 53 %, 39, 210 MHz, 6.14 W, 0x0000000000000001
2026/09/24 17:22:32.291, 2989 MiB, 49 %, 39, 210 MHz, 6.10 W, 0x0000000000000001
2026/09/24 17:22:34.295, 2989 MiB, 54 %, 39, 210 MHz, 6.13 W, 0x0000000000000001
2026/09/24 17:22:36.304, 2989 MiB, 55 %, 39, 210 MHz, 6.11 W, 0x0000000000000001
2026/09/24 17:22:38.310, 2989 MiB, 46 %, 39, 210 MHz, 6.09 W, 0x0000000000000001
2026/09/24 17:22:40.313, 2989 MiB, 51 %, 39, 210 MHz, 6.12 W, 0x0000000000000001
2026/09/24 17:22:42.322, 2989 MiB, 54 %, 39, 225 MHz, 6.18 W, 0x0000000000000001
2026/09/24 17:22:44.329, 2989 MiB, 51 %, 39, 210 MHz, 6.10 W, 0x0000000000000001
2026/09/24 17:22:46.342, 2989 MiB, 50 %, 39, 210 MHz, 6.14 W, 0x0000000000000001
2026/09/24 17:22:48.345, 2989 MiB, 53 %, 39, 210 MHz, 6.06 W, 0x0000000000000001
2026/09/24 17:22:50.359, 2989 MiB, 50 %, 39, 210 MHz, 6.10 W, 0x0000000000000001
2026/09/24 17:22:52.361, 2989 MiB, 45 %, 39, 210 MHz, 6.09 W, 0x0000000000000001
2026/09/24 17:22:54.368, 2989 MiB, 49 %, 39, 210 MHz, 6.09 W, 0x0000000000000001
2026/09/24 17:22:56.382, 2989 MiB, 46 %, 39, 210 MHz, 6.15 W, 0x0000000000000001
2026/09/24 17:22:58.393, 2989 MiB, 53 %, 39, 210 MHz, 6.06 W, 0x0000000000000001
2026/09/24 17:23:00.404, 2989 MiB, 49 %, 39, 210 MHz, 6.16 W, 0x0000000000000001
2026/09/24 17:23:02.416, 2989 MiB, 55 %, 39, 225 MHz, 6.11 W, 0x0000000000000001
2026/09/24 17:23:04.428, 2989 MiB, 55 %, 39, 225 MHz, 6.12 W, 0x0000000000000001
2026/09/24 17:23:06.430, 2989 MiB, 55 %, 39, 240 MHz, 6.16 W, 0x0000000000000001
2026/09/24 17:23:08.437, 2989 MiB, 55 %, 38, 210 MHz, 6.14 W, 0x0000000000000001
2026/09/24 17:23:10.441, 2989 MiB, 49 %, 38, 210 MHz, 6.10 W, 0x0000000000000001
2026/09/24 17:23:12.449, 2989 MiB, 53 %, 38, 210 MHz, 6.09 W, 0x0000000000000001
2026/09/24 17:23:14.460, 2989 MiB, 54 %, 38, 210 MHz, 6.11 W, 0x0000000000000001
2026/09/24 17:23:16.469, 2989 MiB, 50 %, 38, 210 MHz, 6.10 W, 0x0000000000000001
2026/09/24 17:23:18.480, 2989 MiB, 54 %, 38, 210 MHz, 6.12 W, 0x0000000000000001
2026/09/24 17:23:20.484, 2989 MiB, 56 %, 38, 210 MHz, 6.19 W, 0x0000000000000001
2026/09/24 17:23:22.495, 2989 MiB, 54 %, 38, 210 MHz, 6.09 W, 0x0000000000000001
2026/09/24 17:23:24.500, 2989 MiB, 50 %, 38, 210 MHz, 6.12 W, 0x0000000000000001
2026/09/24 17:23:26.503, 2989 MiB, 55 %, 38, 210 MHz, 6.09 W, 0x0000000000000001
2026/09/24 17:23:28.508, 2989 MiB, 55 %, 38, 210 MHz, 6.14 W, 0x0000000000000001
2026/09/24 17:23:30.523, 2989 MiB, 55 %, 38, 210 MHz, 6.12 W, 0x0000000000000001
2026/09/24 17:23:32.536, 2989 MiB, 49 %, 38, 210 MHz, 6.11 W, 0x0000000000000001
2026/09/24 17:23:34.543, 2989 MiB, 55 %, 38, 210 MHz, 6.12 W, 0x0000000000000001
2026/09/24 17:23:36.553, 2989 MiB, 51 %, 38, 210 MHz, 6.05 W, 0x0000000000000001
2026/09/24 17:23:38.566, 2989 MiB, 50 %, 38, 210 MHz, 6.15 W, 0x0000000000000001
2026/09/24 17:23:40.575, 2989 MiB, 49 %, 38, 210 MHz, 6.07 W, 0x0000000000000001
2026/09/24 17:23:42.585, 2989 MiB, 54 %, 38, 210 MHz, 6.19 W, 0x0000000000000001
2026/09/24 17:23:44.587, 2989 MiB, 55 %, 38, 210 MHz, 6.10 W, 0x0000000000000001
2026/09/24 17:23:46.597, 2989 MiB, 51 %, 38, 210 MHz, 6.03 W, 0x0000000000000001
2026/09/24 17:23:48.605, 2989 MiB, 49 %, 38, 210 MHz, 6.10 W, 0x0000000000000001
2026/09/24 17:23:50.613, 2989 MiB, 52 %, 38, 210 MHz, 6.10 W, 0x0000000000000001
2026/09/24 17:23:52.619, 3245 MiB, 69 %, 46, 2475 MHz, 23.33 W, 0x0000000000000000
2026/09/24 17:23:54.620, 3245 MiB, 50 %, 47, 2475 MHz, 51.01 W, 0x0000000000000000
2026/09/24 17:23:56.624, 3245 MiB, 39 %, 47, 2475 MHz, 35.71 W, 0x0000000000000000
2026/09/24 17:23:58.629, 3245 MiB, 39 %, 46, 2475 MHz, 39.49 W, 0x0000000000000000
2026/09/24 17:24:00.640, 3245 MiB, 27 %, 46, 2475 MHz, 32.35 W, 0x0000000000000000
2026/09/24 17:24:02.643, 3245 MiB, 25 %, 43, 1725 MHz, 18.37 W, 0x0000000000000001
2026/09/24 17:24:04.649, 3245 MiB, 36 %, 41, 1350 MHz, 13.44 W, 0x0000000000000001
2026/09/24 17:24:06.654, 3245 MiB, 69 %, 52, 2475 MHz, 56.06 W, 0x0000000000000000
2026/09/24 17:24:08.656, 3245 MiB, 68 %, 54, 2475 MHz, 63.92 W, 0x0000000000000000
2026/09/24 17:24:10.667, 3245 MiB, 72 %, 56, 2475 MHz, 64.54 W, 0x0000000000000000
2026/09/24 17:24:12.680, 3245 MiB, 69 %, 56, 2475 MHz, 64.62 W, 0x0000000000000004
2026/09/24 17:24:14.694, 3245 MiB, 69 %, 57, 2475 MHz, 64.68 W, 0x0000000000000000
2026/09/24 17:24:16.698, 3245 MiB, 70 %, 58, 2475 MHz, 65.22 W, 0x0000000000000000
2026/09/24 17:24:18.702, 3245 MiB, 69 %, 58, 2475 MHz, 65.30 W, 0x0000000000000000
2026/09/24 17:24:20.705, 3245 MiB, 70 %, 59, 2460 MHz, 64.56 W, 0x0000000000000000
2026/09/24 17:24:22.713, 3245 MiB, 71 %, 60, 2460 MHz, 64.76 W, 0x0000000000000000
2026/09/24 17:24:24.719, 3245 MiB, 71 %, 60, 2460 MHz, 64.48 W, 0x0000000000000000
2026/09/24 17:24:26.719, 3245 MiB, 70 %, 61, 2460 MHz, 64.90 W, 0x0000000000000000
2026/09/24 17:24:28.731, 3245 MiB, 72 %, 62, 2460 MHz, 65.15 W, 0x0000000000000000
2026/09/24 17:24:30.735, 3245 MiB, 72 %, 63, 2460 MHz, 65.27 W, 0x0000000000000000
2026/09/24 17:24:32.750, 3245 MiB, 71 %, 63, 2460 MHz, 66.40 W, 0x0000000000000004
2026/09/24 17:24:34.763, 3245 MiB, 72 %, 64, 2460 MHz, 66.40 W, 0x0000000000000004
2026/09/24 17:24:36.764, 3245 MiB, 71 %, 64, 2460 MHz, 66.66 W, 0x0000000000000004
2026/09/24 17:24:38.770, 3245 MiB, 72 %, 65, 2460 MHz, 66.65 W, 0x0000000000000004
2026/09/24 17:24:40.786, 3245 MiB, 53 %, 63, 2460 MHz, 49.46 W, 0x0000000000000000
2026/09/24 17:24:42.789, 3245 MiB, 42 %, 61, 2460 MHz, 48.05 W, 0x0000000000000000
2026/09/24 17:24:44.793, 3245 MiB, 53 %, 62, 2460 MHz, 51.63 W, 0x0000000000000000
2026/09/24 17:24:46.806, 3245 MiB, 66 %, 64, 2460 MHz, 58.58 W, 0x0000000000000000
2026/09/24 17:24:48.813, 3245 MiB, 67 %, 65, 2460 MHz, 60.85 W, 0x0000000000000000
2026/09/24 17:24:50.828, 3245 MiB, 36 %, 63, 2460 MHz, 58.58 W, 0x0000000000000000
2026/09/24 17:24:52.839, 3245 MiB, 49 %, 65, 2460 MHz, 53.81 W, 0x0000000000000000
2026/09/24 17:24:54.847, 3245 MiB, 61 %, 66, 2460 MHz, 59.05 W, 0x0000000000000000
2026/09/24 17:24:56.860, 3245 MiB, 61 %, 66, 2460 MHz, 59.62 W, 0x0000000000000000
2026/09/24 17:24:58.874, 3245 MiB, 56 %, 66, 2460 MHz, 59.40 W, 0x0000000000000000
2026/09/24 17:25:00.886, 3245 MiB, 54 %, 67, 2460 MHz, 58.29 W, 0x0000000000000000
2026/09/24 17:25:02.893, 3245 MiB, 54 %, 67, 2460 MHz, 56.52 W, 0x0000000000000000
2026/09/24 17:25:04.901, 3245 MiB, 61 %, 66, 2460 MHz, 56.89 W, 0x0000000000000000
2026/09/24 17:25:06.915, 3245 MiB, 52 %, 67, 2460 MHz, 56.79 W, 0x0000000000000000
2026/09/24 17:25:08.930, 3245 MiB, 54 %, 67, 2460 MHz, 56.82 W, 0x0000000000000000
2026/09/24 17:25:10.933, 3245 MiB, 60 %, 68, 2460 MHz, 56.97 W, 0x0000000000000000
2026/09/24 17:25:12.936, 3245 MiB, 57 %, 68, 2460 MHz, 56.88 W, 0x0000000000000000
2026/09/24 17:25:14.949, 3245 MiB, 53 %, 67, 2460 MHz, 54.58 W, 0x0000000000000000
2026/09/24 17:25:16.960, 3245 MiB, 51 %, 67, 2460 MHz, 52.45 W, 0x0000000000000000
2026/09/24 17:25:18.970, 3245 MiB, 53 %, 67, 2460 MHz, 52.61 W, 0x0000000000000000
2026/09/24 17:25:20.971, 3245 MiB, 55 %, 67, 2460 MHz, 52.07 W, 0x0000000000000000
2026/09/24 17:25:22.979, 3245 MiB, 51 %, 68, 2460 MHz, 52.14 W, 0x0000000000000000
2026/09/24 17:25:24.990, 3245 MiB, 52 %, 67, 2460 MHz, 51.84 W, 0x0000000000000000
2026/09/24 17:25:26.994, 3245 MiB, 50 %, 68, 2460 MHz, 51.89 W, 0x0000000000000000
2026/09/24 17:25:29.001, 3245 MiB, 47 %, 68, 2460 MHz, 52.29 W, 0x0000000000000000
2026/09/24 17:25:31.007, 3245 MiB, 53 %, 68, 2460 MHz, 51.67 W, 0x0000000000000000
2026/09/24 17:25:33.009, 3245 MiB, 46 %, 68, 2460 MHz, 52.01 W, 0x0000000000000000
2026/09/24 17:25:35.017, 3245 MiB, 48 %, 68, 2460 MHz, 51.64 W, 0x0000000000000000
2026/09/24 17:25:37.032, 3245 MiB, 48 %, 67, 2460 MHz, 51.92 W, 0x0000000000000000
2026/09/24 17:25:39.045, 3245 MiB, 53 %, 67, 2460 MHz, 52.24 W, 0x0000000000000000
2026/09/24 17:25:41.055, 3245 MiB, 48 %, 68, 2460 MHz, 50.78 W, 0x0000000000000000
2026/09/24 17:25:43.060, 3245 MiB, 0 %, 63, 2460 MHz, 46.29 W, 0x0000000000000000
2026/09/24 17:25:45.063, 3245 MiB, 53 %, 68, 2460 MHz, 50.25 W, 0x0000000000000000
2026/09/24 17:25:47.078, 3230 MiB, 44 %, 66, 2460 MHz, 42.81 W, 0x0000000000000000
2026/09/24 17:25:49.084, 3245 MiB, 52 %, 68, 2460 MHz, 50.89 W, 0x0000000000000000
2026/09/24 17:25:51.092, 3245 MiB, 51 %, 68, 2460 MHz, 49.83 W, 0x0000000000000000
2026/09/24 17:25:53.101, 3245 MiB, 52 %, 69, 2460 MHz, 50.36 W, 0x0000000000000000
2026/09/24 17:25:55.114, 3245 MiB, 51 %, 68, 2460 MHz, 50.29 W, 0x0000000000000000
2026/09/24 17:25:57.118, 3245 MiB, 46 %, 68, 2460 MHz, 47.35 W, 0x0000000000000000
2026/09/24 17:25:59.125, 3245 MiB, 47 %, 68, 2460 MHz, 47.67 W, 0x0000000000000000
2026/09/24 17:26:01.140, 3245 MiB, 47 %, 68, 2460 MHz, 47.62 W, 0x0000000000000000
2026/09/24 17:26:03.156, 3245 MiB, 43 %, 68, 2460 MHz, 47.34 W, 0x0000000000000000
2026/09/24 17:26:05.171, 3245 MiB, 46 %, 68, 2460 MHz, 48.13 W, 0x0000000000000000
2026/09/24 17:26:07.177, 3245 MiB, 46 %, 68, 2460 MHz, 47.48 W, 0x0000000000000000
2026/09/24 17:26:09.180, 3245 MiB, 46 %, 68, 2460 MHz, 48.17 W, 0x0000000000000000
2026/09/24 17:26:11.183, 3245 MiB, 42 %, 68, 2460 MHz, 45.36 W, 0x0000000000000000
2026/09/24 17:26:13.195, 3245 MiB, 41 %, 67, 2460 MHz, 44.89 W, 0x0000000000000000
2026/09/24 17:26:15.207, 3245 MiB, 41 %, 67, 2460 MHz, 43.20 W, 0x0000000000000000
2026/09/24 17:26:17.218, 3245 MiB, 43 %, 66, 2460 MHz, 43.08 W, 0x0000000000000000
2026/09/24 17:26:19.234, 3245 MiB, 41 %, 66, 2460 MHz, 41.65 W, 0x0000000000000000
2026/09/24 17:26:21.250, 3245 MiB, 42 %, 66, 2460 MHz, 42.13 W, 0x0000000000000000
2026/09/24 17:26:23.255, 3245 MiB, 41 %, 66, 2460 MHz, 42.17 W, 0x0000000000000000
2026/09/24 17:26:25.266, 3245 MiB, 40 %, 67, 2460 MHz, 42.20 W, 0x0000000000000000
2026/09/24 17:26:27.280, 3245 MiB, 40 %, 67, 2460 MHz, 42.10 W, 0x0000000000000000
2026/09/24 17:26:29.293, 3245 MiB, 42 %, 66, 2460 MHz, 41.81 W, 0x0000000000000000
2026/09/24 17:26:31.308, 3245 MiB, 41 %, 66, 2460 MHz, 42.02 W, 0x0000000000000000
2026/09/24 17:26:33.321, 3245 MiB, 43 %, 66, 2460 MHz, 42.06 W, 0x0000000000000000
2026/09/24 17:26:35.336, 3245 MiB, 40 %, 66, 2460 MHz, 41.69 W, 0x0000000000000000
2026/09/24 17:26:37.349, 3245 MiB, 42 %, 66, 2460 MHz, 41.82 W, 0x0000000000000000
2026/09/24 17:26:39.353, 3245 MiB, 41 %, 65, 2430 MHz, 40.07 W, 0x0000000000000001
2026/09/24 17:26:41.357, 3245 MiB, 38 %, 64, 2325 MHz, 35.44 W, 0x0000000000000001
2026/09/24 17:26:43.359, 3245 MiB, 40 %, 64, 2250 MHz, 33.97 W, 0x0000000000000001
2026/09/24 17:26:45.372, 3245 MiB, 39 %, 64, 2235 MHz, 32.87 W, 0x0000000000000001
2026/09/24 17:26:47.387, 3245 MiB, 38 %, 64, 2250 MHz, 32.81 W, 0x0000000000000001
2026/09/24 17:26:49.401, 3245 MiB, 38 %, 63, 2205 MHz, 31.95 W, 0x0000000000000001
2026/09/24 17:26:51.416, 3245 MiB, 39 %, 63, 2175 MHz, 30.10 W, 0x0000000000000001
2026/09/24 17:26:53.419, 3245 MiB, 38 %, 63, 2130 MHz, 29.75 W, 0x0000000000000001
2026/09/24 17:26:55.427, 3245 MiB, 36 %, 62, 2130 MHz, 29.38 W, 0x0000000000000001
2026/09/24 17:26:57.439, 3245 MiB, 39 %, 62, 2115 MHz, 29.13 W, 0x0000000000000001
2026/09/24 17:26:59.443, 3245 MiB, 36 %, 62, 2115 MHz, 29.01 W, 0x0000000000000001
2026/09/24 17:27:01.445, 3245 MiB, 39 %, 61, 2025 MHz, 27.20 W, 0x0000000000000001
2026/09/24 17:27:03.448, 3245 MiB, 41 %, 61, 2010 MHz, 27.03 W, 0x0000000000000001
2026/09/24 17:27:05.459, 3245 MiB, 37 %, 60, 2040 MHz, 26.59 W, 0x0000000000000001
2026/09/24 17:27:07.465, 3245 MiB, 40 %, 60, 1920 MHz, 24.67 W, 0x0000000000000001
2026/09/24 17:27:09.474, 3245 MiB, 41 %, 60, 1920 MHz, 24.56 W, 0x0000000000000001
2026/09/24 17:27:11.486, 3245 MiB, 37 %, 59, 1950 MHz, 23.97 W, 0x0000000000000001
2026/09/24 17:27:13.491, 3245 MiB, 37 %, 59, 1755 MHz, 21.80 W, 0x0000000000000001
2026/09/24 17:27:15.504, 3245 MiB, 38 %, 59, 1755 MHz, 21.69 W, 0x0000000000000001
2026/09/24 17:27:17.518, 3245 MiB, 39 %, 58, 1725 MHz, 21.65 W, 0x0000000000000001
2026/09/24 17:27:19.531, 3245 MiB, 39 %, 58, 1725 MHz, 21.69 W, 0x0000000000000001
2026/09/24 17:27:21.544, 3245 MiB, 38 %, 57, 1680 MHz, 20.53 W, 0x0000000000000001
2026/09/24 17:27:23.559, 3245 MiB, 40 %, 57, 1620 MHz, 20.07 W, 0x0000000000000001
2026/09/24 17:27:25.574, 3245 MiB, 39 %, 57, 1590 MHz, 19.64 W, 0x0000000000000001
2026/09/24 17:27:27.584, 3245 MiB, 37 %, 56, 1605 MHz, 19.64 W, 0x0000000000000001
2026/09/24 17:27:29.597, 3245 MiB, 40 %, 56, 1530 MHz, 18.53 W, 0x0000000000000001
2026/09/24 17:27:31.613, 3245 MiB, 39 %, 56, 1515 MHz, 18.55 W, 0x0000000000000001
2026/09/24 17:27:33.622, 3245 MiB, 41 %, 56, 1530 MHz, 18.58 W, 0x0000000000000001
2026/09/24 17:27:35.636, 3245 MiB, 41 %, 56, 1530 MHz, 18.52 W, 0x0000000000000001
2026/09/24 17:27:37.650, 3245 MiB, 41 %, 55, 1515 MHz, 18.47 W, 0x0000000000000001
2026/09/24 17:27:39.666, 3245 MiB, 39 %, 55, 1515 MHz, 18.39 W, 0x0000000000000001
2026/09/24 17:27:41.678, 3245 MiB, 39 %, 55, 1575 MHz, 18.66 W, 0x0000000000000001
2026/09/24 17:27:43.687, 3245 MiB, 38 %, 55, 1530 MHz, 18.64 W, 0x0000000000000001
2026/09/24 17:27:45.700, 3245 MiB, 39 %, 55, 1515 MHz, 18.47 W, 0x0000000000000001
2026/09/24 17:27:47.707, 3245 MiB, 41 %, 55, 1515 MHz, 18.43 W, 0x0000000000000001
2026/09/24 17:27:49.721, 3245 MiB, 39 %, 54, 1530 MHz, 18.48 W, 0x0000000000000001
2026/09/24 17:27:51.733, 3245 MiB, 37 %, 54, 1530 MHz, 18.48 W, 0x0000000000000001
2026/09/24 17:27:53.748, 3245 MiB, 39 %, 54, 1515 MHz, 18.52 W, 0x0000000000000001
2026/09/24 17:27:55.762, 3245 MiB, 37 %, 54, 1515 MHz, 18.44 W, 0x0000000000000001
2026/09/24 17:27:57.775, 3245 MiB, 38 %, 54, 1515 MHz, 18.40 W, 0x0000000000000001
2026/09/24 17:27:59.790, 3245 MiB, 37 %, 54, 1515 MHz, 18.23 W, 0x0000000000000001
2026/09/24 17:28:01.802, 3245 MiB, 40 %, 54, 1500 MHz, 18.34 W, 0x0000000000000001
2026/09/24 17:28:03.816, 3245 MiB, 40 %, 54, 1515 MHz, 18.31 W, 0x0000000000000001
2026/09/24 17:28:05.830, 3245 MiB, 40 %, 53, 1515 MHz, 18.28 W, 0x0000000000000001
2026/09/24 17:28:07.840, 3245 MiB, 42 %, 53, 1515 MHz, 18.27 W, 0x0000000000000001
2026/09/24 17:28:09.855, 3245 MiB, 41 %, 53, 1530 MHz, 18.27 W, 0x0000000000000001
2026/09/24 17:28:11.859, 3245 MiB, 41 %, 53, 1530 MHz, 18.26 W, 0x0000000000000001
2026/09/24 17:28:13.860, 3245 MiB, 40 %, 53, 1515 MHz, 18.18 W, 0x0000000000000001
2026/09/24 17:28:15.862, 3245 MiB, 38 %, 53, 1530 MHz, 18.20 W, 0x0000000000000001
2026/09/24 17:28:17.874, 3245 MiB, 38 %, 53, 1545 MHz, 18.47 W, 0x0000000000000001
2026/09/24 17:28:19.883, 3245 MiB, 41 %, 53, 1500 MHz, 18.20 W, 0x0000000000000001
2026/09/24 17:28:21.890, 3245 MiB, 33 %, 52, 1515 MHz, 17.74 W, 0x0000000000000001
2026/09/24 17:28:23.903, 3245 MiB, 36 %, 52, 1485 MHz, 17.49 W, 0x0000000000000001
2026/09/24 17:28:25.912, 3245 MiB, 38 %, 52, 1500 MHz, 17.48 W, 0x0000000000000001
2026/09/24 17:28:27.918, 3245 MiB, 37 %, 52, 1500 MHz, 17.42 W, 0x0000000000000001
2026/09/24 17:28:29.933, 3245 MiB, 33 %, 52, 1500 MHz, 16.71 W, 0x0000000000000001
2026/09/24 17:28:31.943, 3245 MiB, 35 %, 52, 1440 MHz, 16.41 W, 0x0000000000000001
2026/09/24 17:28:33.958, 3245 MiB, 48 %, 51, 1050 MHz, 13.77 W, 0x0000000000000001
2026/09/24 17:28:35.969, 3245 MiB, 28 %, 51, 1110 MHz, 13.27 W, 0x0000000000000001
2026/09/24 17:28:37.982, 3245 MiB, 33 %, 51, 1230 MHz, 13.48 W, 0x0000000000000001
2026/09/24 17:28:39.985, 3245 MiB, 49 %, 51, 1125 MHz, 13.55 W, 0x0000000000000001
2026/09/24 17:28:41.995, 3245 MiB, 44 %, 50, 1260 MHz, 13.49 W, 0x0000000000000001
2026/09/24 17:28:44.007, 3245 MiB, 46 %, 50, 1230 MHz, 13.67 W, 0x0000000000000001
2026/09/24 17:28:46.011, 3245 MiB, 45 %, 50, 1275 MHz, 13.60 W, 0x0000000000000001
2026/09/24 17:28:48.024, 3245 MiB, 39 %, 50, 1095 MHz, 13.37 W, 0x0000000000000001
2026/09/24 17:28:50.034, 3245 MiB, 47 %, 50, 1275 MHz, 13.47 W, 0x0000000000000001
2026/09/24 17:28:52.041, 3245 MiB, 44 %, 50, 1275 MHz, 13.43 W, 0x0000000000000001
2026/09/24 17:28:54.047, 3245 MiB, 45 %, 50, 1245 MHz, 13.61 W, 0x0000000000000001
2026/09/24 17:28:56.057, 3245 MiB, 30 %, 49, 885 MHz, 11.78 W, 0x0000000000000001
2026/09/24 17:28:58.066, 3245 MiB, 47 %, 49, 390 MHz, 10.07 W, 0x0000000000000001
2026/09/24 17:29:00.078, 3245 MiB, 43 %, 48, 405 MHz, 9.37 W, 0x0000000000000001
2026/09/24 17:29:02.079, 3245 MiB, 55 %, 48, 450 MHz, 9.17 W, 0x0000000000000001
2026/09/24 17:29:04.089, 3245 MiB, 49 %, 48, 390 MHz, 9.69 W, 0x0000000000000001
2026/09/24 17:29:06.103, 3245 MiB, 52 %, 48, 435 MHz, 9.06 W, 0x0000000000000001
2026/09/24 17:29:08.113, 3245 MiB, 59 %, 48, 450 MHz, 9.11 W, 0x0000000000000001
2026/09/24 17:29:10.126, 3245 MiB, 44 %, 48, 390 MHz, 9.76 W, 0x0000000000000001
2026/09/24 17:29:12.131, 3245 MiB, 42 %, 48, 360 MHz, 9.37 W, 0x0000000000000001
2026/09/24 17:29:14.145, 3245 MiB, 43 %, 47, 390 MHz, 9.49 W, 0x0000000000000001
2026/09/24 17:29:16.159, 3245 MiB, 42 %, 47, 375 MHz, 9.34 W, 0x0000000000000001
2026/09/24 17:29:18.174, 3245 MiB, 42 %, 47, 360 MHz, 9.31 W, 0x0000000000000001
2026/09/24 17:29:20.184, 3245 MiB, 49 %, 47, 390 MHz, 9.36 W, 0x0000000000000001
2026/09/24 17:29:22.195, 3245 MiB, 56 %, 47, 435 MHz, 9.08 W, 0x0000000000000001
2026/09/24 17:29:24.201, 3245 MiB, 61 %, 47, 465 MHz, 9.07 W, 0x0000000000000001
2026/09/24 17:29:26.210, 3245 MiB, 47 %, 47, 405 MHz, 9.71 W, 0x0000000000000001
2026/09/24 17:29:28.219, 3245 MiB, 51 %, 47, 375 MHz, 9.34 W, 0x0000000000000001
2026/09/24 17:29:30.221, 3245 MiB, 49 %, 46, 390 MHz, 9.29 W, 0x0000000000000001
2026/09/24 17:29:32.233, 3245 MiB, 48 %, 46, 405 MHz, 9.33 W, 0x0000000000000001
2026/09/24 17:29:34.246, 3245 MiB, 43 %, 46, 390 MHz, 9.41 W, 0x0000000000000001
2026/09/24 17:29:36.260, 3245 MiB, 42 %, 46, 375 MHz, 9.35 W, 0x0000000000000001
2026/09/24 17:29:38.274, 3245 MiB, 50 %, 46, 420 MHz, 9.35 W, 0x0000000000000001
2026/09/24 17:29:40.274, 3245 MiB, 55 %, 46, 450 MHz, 9.08 W, 0x0000000000000001
2026/09/24 17:29:42.287, 3245 MiB, 61 %, 46, 465 MHz, 9.07 W, 0x0000000000000001
2026/09/24 17:29:44.297, 3245 MiB, 56 %, 46, 450 MHz, 9.19 W, 0x0000000000000001
2026/09/24 17:29:46.301, 3245 MiB, 63 %, 45, 480 MHz, 9.15 W, 0x0000000000000001
2026/09/24 17:29:48.303, 3245 MiB, 59 %, 45, 450 MHz, 9.05 W, 0x0000000000000001
2026/09/24 17:29:50.307, 3245 MiB, 56 %, 45, 450 MHz, 9.16 W, 0x0000000000000001
2026/09/24 17:29:52.312, 3245 MiB, 51 %, 45, 450 MHz, 8.76 W, 0x0000000000000001
2026/09/24 17:29:54.323, 3245 MiB, 47 %, 45, 375 MHz, 7.07 W, 0x0000000000000001
2026/09/24 17:29:56.326, 3245 MiB, 52 %, 45, 375 MHz, 7.08 W, 0x0000000000000001
2026/09/24 17:29:58.337, 3245 MiB, 47 %, 45, 360 MHz, 7.06 W, 0x0000000000000001
2026/09/24 17:30:00.338, 3245 MiB, 49 %, 45, 360 MHz, 7.04 W, 0x0000000000000001
2026/09/24 17:30:02.344, 3245 MiB, 46 %, 45, 360 MHz, 7.02 W, 0x0000000000000001
2026/09/24 17:30:04.358, 3245 MiB, 45 %, 44, 345 MHz, 6.96 W, 0x0000000000000001
2026/09/24 17:30:06.370, 3245 MiB, 46 %, 44, 345 MHz, 6.93 W, 0x0000000000000001
2026/09/24 17:30:08.382, 3245 MiB, 47 %, 44, 360 MHz, 7.03 W, 0x0000000000000001
2026/09/24 17:30:10.396, 3245 MiB, 53 %, 44, 360 MHz, 7.01 W, 0x0000000000000001
2026/09/24 17:30:12.404, 3245 MiB, 51 %, 44, 345 MHz, 7.03 W, 0x0000000000000001
2026/09/24 17:30:14.412, 3245 MiB, 51 %, 44, 345 MHz, 6.99 W, 0x0000000000000001
2026/09/24 17:30:16.428, 3245 MiB, 54 %, 44, 375 MHz, 7.03 W, 0x0000000000000001
2026/09/24 17:30:18.439, 3245 MiB, 54 %, 44, 375 MHz, 6.99 W, 0x0000000000000001
2026/09/24 17:30:20.448, 3245 MiB, 53 %, 44, 360 MHz, 6.92 W, 0x0000000000000001
2026/09/24 17:30:22.460, 3245 MiB, 55 %, 44, 360 MHz, 7.00 W, 0x0000000000000001
2026/09/24 17:30:24.474, 3245 MiB, 53 %, 43, 375 MHz, 6.99 W, 0x0000000000000001
2026/09/24 17:30:26.483, 3245 MiB, 53 %, 43, 360 MHz, 6.97 W, 0x0000000000000001
2026/09/24 17:30:28.495, 3245 MiB, 46 %, 43, 360 MHz, 7.05 W, 0x0000000000000001
2026/09/24 17:30:30.501, 3245 MiB, 47 %, 43, 375 MHz, 7.01 W, 0x0000000000000001
2026/09/24 17:30:32.509, 3245 MiB, 52 %, 43, 360 MHz, 6.99 W, 0x0000000000000001
2026/09/24 17:30:34.513, 3245 MiB, 47 %, 43, 360 MHz, 7.06 W, 0x0000000000000001
2026/09/24 17:30:36.526, 3245 MiB, 46 %, 43, 360 MHz, 7.03 W, 0x0000000000000001
2026/09/24 17:30:38.540, 3245 MiB, 47 %, 43, 345 MHz, 7.01 W, 0x0000000000000001
2026/09/24 17:30:40.544, 3245 MiB, 47 %, 43, 360 MHz, 6.99 W, 0x0000000000000001
2026/09/24 17:30:42.547, 3245 MiB, 48 %, 43, 300 MHz, 7.95 W, 0x0000000000000001
2026/09/24 17:30:44.549, 3245 MiB, 48 %, 43, 285 MHz, 6.66 W, 0x0000000000000001
2026/09/24 17:30:46.557, 3245 MiB, 49 %, 43, 285 MHz, 6.76 W, 0x0000000000000001
2026/09/24 17:30:48.567, 3245 MiB, 45 %, 42, 300 MHz, 6.76 W, 0x0000000000000001
2026/09/24 17:30:50.580, 3245 MiB, 47 %, 42, 285 MHz, 6.66 W, 0x0000000000000001
2026/09/24 17:30:52.583, 3245 MiB, 52 %, 42, 285 MHz, 6.76 W, 0x0000000000000001
2026/09/24 17:30:54.598, 3245 MiB, 53 %, 42, 270 MHz, 6.71 W, 0x0000000000000001
2026/09/24 17:30:56.609, 3245 MiB, 51 %, 42, 285 MHz, 6.73 W, 0x0000000000000001
2026/09/24 17:30:58.624, 3245 MiB, 52 %, 42, 255 MHz, 6.71 W, 0x0000000000000001
2026/09/24 17:31:00.635, 3245 MiB, 51 %, 42, 285 MHz, 6.71 W, 0x0000000000000001
2026/09/24 17:31:02.637, 3245 MiB, 52 %, 42, 285 MHz, 6.69 W, 0x0000000000000001
2026/09/24 17:31:04.651, 3245 MiB, 52 %, 42, 285 MHz, 6.76 W, 0x0000000000000001
2026/09/24 17:31:06.666, 3245 MiB, 52 %, 42, 285 MHz, 6.71 W, 0x0000000000000001
2026/09/24 17:31:08.679, 3245 MiB, 52 %, 42, 285 MHz, 6.74 W, 0x0000000000000001
2026/09/24 17:31:10.694, 3245 MiB, 52 %, 42, 255 MHz, 6.47 W, 0x0000000000000001
2026/09/24 17:31:12.707, 3245 MiB, 52 %, 42, 255 MHz, 6.53 W, 0x0000000000000001
2026/09/24 17:31:14.715, 3245 MiB, 51 %, 42, 255 MHz, 6.53 W, 0x0000000000000001
2026/09/24 17:31:16.724, 3245 MiB, 51 %, 41, 240 MHz, 6.50 W, 0x0000000000000001
2026/09/24 17:31:18.732, 3245 MiB, 48 %, 41, 240 MHz, 6.50 W, 0x0000000000000001
2026/09/24 17:31:20.743, 3245 MiB, 43 %, 41, 300 MHz, 6.57 W, 0x0000000000000001
2026/09/24 17:31:22.756, 3245 MiB, 44 %, 41, 285 MHz, 6.59 W, 0x0000000000000001
2026/09/24 17:31:24.758, 3245 MiB, 48 %, 41, 270 MHz, 6.51 W, 0x0000000000000001
2026/09/24 17:31:26.763, 3245 MiB, 52 %, 41, 255 MHz, 6.51 W, 0x0000000000000001
2026/09/24 17:31:28.778, 3245 MiB, 51 %, 41, 270 MHz, 6.50 W, 0x0000000000000001
2026/09/24 17:31:30.793, 3245 MiB, 52 %, 41, 255 MHz, 6.45 W, 0x0000000000000001
2026/09/24 17:31:32.795, 3245 MiB, 52 %, 41, 255 MHz, 6.46 W, 0x0000000000000001
2026/09/24 17:31:34.808, 3245 MiB, 52 %, 41, 255 MHz, 6.43 W, 0x0000000000000001
2026/09/24 17:31:36.809, 3245 MiB, 53 %, 41, 255 MHz, 6.52 W, 0x0000000000000001
2026/09/24 17:31:38.820, 3245 MiB, 50 %, 41, 255 MHz, 6.49 W, 0x0000000000000001
2026/09/24 17:31:40.835, 3245 MiB, 52 %, 41, 255 MHz, 6.51 W, 0x0000000000000001
2026/09/24 17:31:42.850, 3245 MiB, 52 %, 41, 255 MHz, 6.49 W, 0x0000000000000001
2026/09/24 17:31:44.865, 3245 MiB, 52 %, 41, 255 MHz, 6.52 W, 0x0000000000000001
2026/09/24 17:31:46.874, 3245 MiB, 50 %, 41, 255 MHz, 6.46 W, 0x0000000000000001
2026/09/24 17:31:48.887, 3245 MiB, 48 %, 41, 270 MHz, 6.49 W, 0x0000000000000001
2026/09/24 17:31:50.890, 3245 MiB, 49 %, 41, 285 MHz, 6.56 W, 0x0000000000000001
2026/09/24 17:31:52.902, 3245 MiB, 49 %, 40, 270 MHz, 6.49 W, 0x0000000000000001
2026/09/24 17:31:54.915, 3245 MiB, 52 %, 40, 255 MHz, 6.50 W, 0x0000000000000001
2026/09/24 17:31:56.930, 3245 MiB, 51 %, 40, 255 MHz, 6.47 W, 0x0000000000000001
2026/09/24 17:31:58.931, 3245 MiB, 50 %, 40, 240 MHz, 6.48 W, 0x0000000000000001
2026/09/24 17:32:00.946, 3245 MiB, 52 %, 40, 270 MHz, 6.48 W, 0x0000000000000001
2026/09/24 17:32:02.961, 3245 MiB, 52 %, 40, 270 MHz, 6.56 W, 0x0000000000000001
2026/09/24 17:32:04.967, 3245 MiB, 50 %, 40, 255 MHz, 6.47 W, 0x0000000000000001
2026/09/24 17:32:06.979, 3245 MiB, 53 %, 40, 270 MHz, 6.47 W, 0x0000000000000001
2026/09/24 17:32:08.980, 3245 MiB, 52 %, 40, 255 MHz, 6.47 W, 0x0000000000000001
2026/09/24 17:32:10.994, 3245 MiB, 52 %, 40, 285 MHz, 6.55 W, 0x0000000000000001
2026/09/24 17:32:13.007, 3245 MiB, 45 %, 40, 255 MHz, 6.59 W, 0x0000000000000001
2026/09/24 17:32:15.018, 3245 MiB, 51 %, 40, 255 MHz, 6.58 W, 0x0000000000000001
2026/09/24 17:32:17.031, 3245 MiB, 52 %, 40, 255 MHz, 6.51 W, 0x0000000000000001
2026/09/24 17:32:19.045, 3245 MiB, 52 %, 40, 255 MHz, 6.53 W, 0x0000000000000001
2026/09/24 17:32:21.048, 3245 MiB, 52 %, 40, 255 MHz, 6.53 W, 0x0000000000000001
2026/09/24 17:32:23.059, 3245 MiB, 52 %, 40, 255 MHz, 6.55 W, 0x0000000000000001
2026/09/24 17:32:25.075, 3245 MiB, 50 %, 40, 255 MHz, 6.51 W, 0x0000000000000001
2026/09/24 17:32:27.087, 3245 MiB, 47 %, 40, 255 MHz, 6.50 W, 0x0000000000000001
2026/09/24 17:32:29.100, 3245 MiB, 49 %, 40, 255 MHz, 6.53 W, 0x0000000000000001
2026/09/24 17:32:31.116, 3245 MiB, 48 %, 40, 255 MHz, 6.55 W, 0x0000000000000001
2026/09/24 17:32:33.119, 3245 MiB, 55 %, 40, 240 MHz, 6.54 W, 0x0000000000000001
2026/09/24 17:32:35.135, 3245 MiB, 52 %, 40, 255 MHz, 6.52 W, 0x0000000000000001
2026/09/24 17:32:37.138, 3245 MiB, 53 %, 40, 240 MHz, 6.55 W, 0x0000000000000001
2026/09/24 17:32:39.141, 3245 MiB, 50 %, 40, 255 MHz, 6.48 W, 0x0000000000000001
2026/09/24 17:32:41.150, 3245 MiB, 52 %, 39, 255 MHz, 6.51 W, 0x0000000000000001
2026/09/24 17:32:43.153, 3245 MiB, 52 %, 39, 240 MHz, 6.47 W, 0x0000000000000001
2026/09/24 17:32:45.166, 3245 MiB, 52 %, 39, 240 MHz, 6.47 W, 0x0000000000000001
2026/09/24 17:32:47.182, 3245 MiB, 49 %, 39, 270 MHz, 6.51 W, 0x0000000000000001
2026/09/24 17:32:49.195, 3245 MiB, 48 %, 39, 270 MHz, 6.53 W, 0x0000000000000001
2026/09/24 17:32:51.206, 3245 MiB, 46 %, 39, 270 MHz, 6.59 W, 0x0000000000000001
2026/09/24 17:32:53.217, 3245 MiB, 47 %, 39, 285 MHz, 6.57 W, 0x0000000000000001
2026/09/24 17:32:55.219, 3245 MiB, 46 %, 39, 255 MHz, 6.48 W, 0x0000000000000001
2026/09/24 17:32:57.231, 3245 MiB, 45 %, 39, 270 MHz, 6.55 W, 0x0000000000000001
2026/09/24 17:32:59.232, 3245 MiB, 47 %, 39, 255 MHz, 6.50 W, 0x0000000000000001
2026/09/24 17:33:01.246, 3245 MiB, 49 %, 39, 255 MHz, 6.51 W, 0x0000000000000001
2026/09/24 17:33:03.259, 3245 MiB, 47 %, 39, 255 MHz, 6.49 W, 0x0000000000000001
2026/09/24 17:33:05.273, 3245 MiB, 48 %, 39, 255 MHz, 6.47 W, 0x0000000000000001
2026/09/24 17:33:07.287, 3245 MiB, 48 %, 39, 255 MHz, 6.47 W, 0x0000000000000001
2026/09/24 17:33:09.289, 3245 MiB, 47 %, 39, 255 MHz, 6.46 W, 0x0000000000000001
2026/09/24 17:33:11.296, 3245 MiB, 45 %, 39, 270 MHz, 6.60 W, 0x0000000000000001
2026/09/24 17:33:13.308, 3245 MiB, 51 %, 39, 240 MHz, 6.42 W, 0x0000000000000001
2026/09/24 17:33:15.310, 3245 MiB, 53 %, 39, 240 MHz, 6.47 W, 0x0000000000000001
2026/09/24 17:33:17.323, 3245 MiB, 51 %, 39, 255 MHz, 6.45 W, 0x0000000000000001
2026/09/24 17:33:19.332, 3245 MiB, 48 %, 39, 255 MHz, 6.45 W, 0x0000000000000001
2026/09/24 17:33:21.344, 3245 MiB, 48 %, 39, 255 MHz, 6.47 W, 0x0000000000000001
2026/09/24 17:33:23.357, 3245 MiB, 47 %, 39, 270 MHz, 6.47 W, 0x0000000000000001
2026/09/24 17:33:25.363, 3245 MiB, 52 %, 39, 255 MHz, 6.47 W, 0x0000000000000001
2026/09/24 17:33:27.378, 3245 MiB, 51 %, 39, 270 MHz, 6.53 W, 0x0000000000000001
2026/09/24 17:33:29.393, 3245 MiB, 51 %, 39, 255 MHz, 6.49 W, 0x0000000000000001
2026/09/24 17:33:31.405, 3245 MiB, 54 %, 39, 270 MHz, 6.55 W, 0x0000000000000001
2026/09/24 17:33:33.416, 3245 MiB, 52 %, 39, 255 MHz, 6.48 W, 0x0000000000000001
2026/09/24 17:33:35.422, 3245 MiB, 48 %, 39, 270 MHz, 6.51 W, 0x0000000000000001
2026/09/24 17:33:37.425, 3245 MiB, 49 %, 39, 270 MHz, 6.57 W, 0x0000000000000001
2026/09/24 17:33:39.438, 3245 MiB, 46 %, 39, 255 MHz, 5.79 W, 0x0000000000000001
2026/09/24 17:33:41.453, 3276 MiB, 48 %, 39, 330 MHz, 7.19 W, 0x0000000000000001
2026/09/24 17:33:43.454, 3227 MiB, 17 %, 40, 2130 MHz, 17.79 W, 0x0000000000000001
2026/09/24 17:33:45.469, 3242 MiB, 34 %, 40, 1320 MHz, 16.81 W, 0x0000000000000001
2026/09/24 17:33:47.484, 3242 MiB, 40 %, 39, 1080 MHz, 11.90 W, 0x0000000000000001
2026/09/24 17:33:49.497, 3242 MiB, 37 %, 39, 930 MHz, 11.82 W, 0x0000000000000001
2026/09/24 17:33:51.512, 3242 MiB, 44 %, 39, 825 MHz, 11.45 W, 0x0000000000000001
2026/09/24 17:33:53.526, 3242 MiB, 30 %, 39, 540 MHz, 9.79 W, 0x0000000000000001
2026/09/24 17:33:55.532, 3242 MiB, 49 %, 39, 360 MHz, 7.14 W, 0x0000000000000001
2026/09/24 17:33:57.545, 3242 MiB, 51 %, 39, 345 MHz, 7.18 W, 0x0000000000000001
2026/09/24 17:33:59.559, 3242 MiB, 45 %, 39, 330 MHz, 7.18 W, 0x0000000000000001
2026/09/24 17:34:01.562, 3242 MiB, 46 %, 39, 345 MHz, 7.11 W, 0x0000000000000001
2026/09/24 17:34:03.575, 3242 MiB, 45 %, 39, 285 MHz, 6.98 W, 0x0000000000000001
2026/09/24 17:34:05.578, 3242 MiB, 43 %, 39, 300 MHz, 6.98 W, 0x0000000000000001
2026/09/24 17:34:07.578, 3242 MiB, 46 %, 39, 315 MHz, 6.89 W, 0x0000000000000001
2026/09/24 17:34:09.593, 3242 MiB, 44 %, 38, 240 MHz, 6.54 W, 0x0000000000000001
2026/09/24 17:34:11.604, 3242 MiB, 52 %, 38, 240 MHz, 6.27 W, 0x0000000000000001
2026/09/24 17:34:13.610, 3242 MiB, 53 %, 38, 225 MHz, 6.28 W, 0x0000000000000001
2026/09/24 17:34:15.625, 3242 MiB, 55 %, 38, 210 MHz, 6.18 W, 0x0000000000000001
2026/09/24 17:34:17.636, 3242 MiB, 49 %, 38, 210 MHz, 6.14 W, 0x0000000000000001
2026/09/24 17:34:19.639, 3242 MiB, 54 %, 38, 240 MHz, 6.21 W, 0x0000000000000001
2026/09/24 17:34:21.653, 3242 MiB, 54 %, 38, 210 MHz, 6.10 W, 0x0000000000000001
2026/09/24 17:34:23.669, 3242 MiB, 54 %, 38, 225 MHz, 6.18 W, 0x0000000000000001
2026/09/24 17:34:25.675, 3242 MiB, 46 %, 38, 210 MHz, 6.17 W, 0x0000000000000001
2026/09/24 17:34:27.678, 3242 MiB, 55 %, 38, 210 MHz, 6.10 W, 0x0000000000000001
2026/09/24 17:34:29.683, 3242 MiB, 48 %, 38, 210 MHz, 6.14 W, 0x0000000000000001
2026/09/24 17:34:31.696, 3242 MiB, 53 %, 38, 210 MHz, 6.10 W, 0x0000000000000001
2026/09/24 17:34:33.708, 3242 MiB, 52 %, 38, 210 MHz, 6.05 W, 0x0000000000000001
2026/09/24 17:34:35.723, 3242 MiB, 53 %, 38, 210 MHz, 6.01 W, 0x0000000000000001
2026/09/24 17:34:37.729, 3242 MiB, 58 %, 38, 210 MHz, 6.08 W, 0x0000000000000001
2026/09/24 17:34:39.729, 3242 MiB, 57 %, 38, 225 MHz, 6.10 W, 0x0000000000000001
2026/09/24 17:34:41.734, 3242 MiB, 46 %, 38, 210 MHz, 6.14 W, 0x0000000000000001
2026/09/24 17:34:43.746, 3242 MiB, 46 %, 38, 210 MHz, 6.20 W, 0x0000000000000001
2026/09/24 17:34:45.757, 3242 MiB, 54 %, 38, 210 MHz, 6.07 W, 0x0000000000000001
2026/09/24 17:34:47.771, 3242 MiB, 49 %, 38, 210 MHz, 6.16 W, 0x0000000000000001
2026/09/24 17:34:49.773, 3242 MiB, 49 %, 38, 210 MHz, 6.16 W, 0x0000000000000001
2026/09/24 17:34:51.785, 3242 MiB, 51 %, 38, 210 MHz, 6.22 W, 0x0000000000000001
2026/09/24 17:34:53.790, 3242 MiB, 49 %, 38, 210 MHz, 6.03 W, 0x0000000000000001
2026/09/24 17:34:55.803, 3242 MiB, 53 %, 38, 210 MHz, 6.04 W, 0x0000000000000001
2026/09/24 17:34:57.812, 3242 MiB, 50 %, 38, 210 MHz, 6.08 W, 0x0000000000000001
2026/09/24 17:34:59.819, 3242 MiB, 55 %, 38, 210 MHz, 6.04 W, 0x0000000000000001
2026/09/24 17:35:01.833, 3242 MiB, 44 %, 38, 210 MHz, 6.02 W, 0x0000000000000001
2026/09/24 17:35:03.847, 3242 MiB, 56 %, 38, 210 MHz, 6.13 W, 0x0000000000000001
2026/09/24 17:35:05.856, 3242 MiB, 55 %, 38, 225 MHz, 6.11 W, 0x0000000000000001
2026/09/24 17:35:07.872, 3242 MiB, 49 %, 38, 210 MHz, 6.10 W, 0x0000000000000001
2026/09/24 17:35:09.883, 3242 MiB, 55 %, 38, 210 MHz, 6.00 W, 0x0000000000000001
2026/09/24 17:35:11.888, 3242 MiB, 55 %, 38, 210 MHz, 6.03 W, 0x0000000000000001
2026/09/24 17:35:13.902, 3242 MiB, 52 %, 38, 225 MHz, 6.12 W, 0x0000000000000001
2026/09/24 17:35:15.915, 3242 MiB, 47 %, 37, 225 MHz, 6.08 W, 0x0000000000000001
2026/09/24 17:35:17.918, 3242 MiB, 55 %, 37, 210 MHz, 6.00 W, 0x0000000000000001
2026/09/24 17:35:19.934, 3242 MiB, 47 %, 37, 225 MHz, 6.10 W, 0x0000000000000001
2026/09/24 17:35:21.947, 3242 MiB, 55 %, 37, 210 MHz, 6.01 W, 0x0000000000000001
2026/09/24 17:35:23.960, 3242 MiB, 47 %, 37, 225 MHz, 6.13 W, 0x0000000000000001
2026/09/24 17:35:25.975, 3242 MiB, 55 %, 37, 210 MHz, 6.01 W, 0x0000000000000001
2026/09/24 17:35:27.987, 3242 MiB, 55 %, 37, 210 MHz, 6.02 W, 0x0000000000000001
2026/09/24 17:35:29.992, 3242 MiB, 49 %, 37, 210 MHz, 6.07 W, 0x0000000000000001
2026/09/24 17:35:31.999, 3242 MiB, 48 %, 37, 225 MHz, 6.11 W, 0x0000000000000001
2026/09/24 17:35:34.010, 3242 MiB, 54 %, 37, 210 MHz, 6.06 W, 0x0000000000000001
2026/09/24 17:35:36.018, 3242 MiB, 56 %, 37, 210 MHz, 6.00 W, 0x0000000000000001
2026/09/24 17:35:38.018, 3242 MiB, 54 %, 37, 210 MHz, 6.08 W, 0x0000000000000001
2026/09/24 17:35:40.024, 3242 MiB, 52 %, 37, 210 MHz, 6.15 W, 0x0000000000000001
2026/09/24 17:35:42.024, 3242 MiB, 50 %, 37, 210 MHz, 6.12 W, 0x0000000000000001
2026/09/24 17:35:44.026, 3242 MiB, 54 %, 37, 210 MHz, 6.07 W, 0x0000000000000001
2026/09/24 17:35:46.039, 3242 MiB, 54 %, 37, 225 MHz, 6.13 W, 0x0000000000000001
2026/09/24 17:35:48.047, 3242 MiB, 49 %, 37, 210 MHz, 6.15 W, 0x0000000000000001
2026/09/24 17:35:50.053, 3242 MiB, 52 %, 37, 210 MHz, 6.10 W, 0x0000000000000001
2026/09/24 17:35:52.062, 3242 MiB, 49 %, 37, 210 MHz, 6.07 W, 0x0000000000000001
2026/09/24 17:35:54.073, 3242 MiB, 55 %, 37, 210 MHz, 6.17 W, 0x0000000000000001
2026/09/24 17:35:56.087, 3242 MiB, 51 %, 37, 210 MHz, 6.08 W, 0x0000000000000001
2026/09/24 17:35:58.091, 3242 MiB, 49 %, 37, 210 MHz, 6.09 W, 0x0000000000000001
2026/09/24 17:36:00.094, 3242 MiB, 55 %, 37, 210 MHz, 6.10 W, 0x0000000000000001
2026/09/24 17:36:02.098, 3242 MiB, 49 %, 37, 210 MHz, 6.11 W, 0x0000000000000001
2026/09/24 17:36:04.109, 3242 MiB, 55 %, 37, 225 MHz, 6.19 W, 0x0000000000000001
2026/09/24 17:36:06.114, 3242 MiB, 49 %, 37, 210 MHz, 6.10 W, 0x0000000000000001
2026/09/24 17:36:08.120, 3242 MiB, 44 %, 37, 210 MHz, 6.02 W, 0x0000000000000001
2026/09/24 17:36:10.128, 3242 MiB, 84 %, 46, 2475 MHz, 60.85 W, 0x0000000000000004
2026/09/24 17:36:12.138, 3242 MiB, 0 %, 42, 2475 MHz, 45.37 W, 0x0000000000000000
2026/09/24 17:36:14.153, 3242 MiB, 73 %, 49, 2475 MHz, 61.41 W, 0x0000000000000004
2026/09/24 17:36:16.161, 3242 MiB, 84 %, 50, 2475 MHz, 61.75 W, 0x0000000000000000
2026/09/24 17:36:18.168, 3242 MiB, 83 %, 51, 2430 MHz, 60.88 W, 0x0000000000000004
2026/09/24 17:36:20.176, 3242 MiB, 87 %, 52, 2475 MHz, 61.56 W, 0x0000000000000000
2026/09/24 17:36:22.188, 3242 MiB, 80 %, 53, 2475 MHz, 61.15 W, 0x0000000000000000
2026/09/24 17:36:24.197, 3242 MiB, 84 %, 53, 2475 MHz, 62.09 W, 0x0000000000000004
2026/09/24 17:36:26.212, 3242 MiB, 83 %, 54, 2475 MHz, 61.87 W, 0x0000000000000000
2026/09/24 17:36:28.227, 3242 MiB, 64 %, 53, 2340 MHz, 62.84 W, 0x0000000000000000
2026/09/24 17:36:30.238, 3242 MiB, 85 %, 56, 2415 MHz, 62.94 W, 0x0000000000000004
2026/09/24 17:36:32.249, 3242 MiB, 46 %, 54, 2475 MHz, 47.48 W, 0x0000000000000000
2026/09/24 17:36:34.260, 3242 MiB, 39 %, 53, 2475 MHz, 46.50 W, 0x0000000000000000
2026/09/24 17:36:36.261, 3242 MiB, 56 %, 56, 2475 MHz, 47.46 W, 0x0000000000000004
2026/09/24 17:36:38.271, 3242 MiB, 38 %, 54, 2475 MHz, 47.55 W, 0x0000000000000000
2026/09/24 17:36:40.278, 3242 MiB, 41 %, 54, 2475 MHz, 46.18 W, 0x0000000000000000
2026/09/24 17:36:42.282, 3242 MiB, 55 %, 56, 2475 MHz, 47.62 W, 0x0000000000000000
2026/09/24 17:36:44.289, 3242 MiB, 54 %, 56, 2475 MHz, 47.49 W, 0x0000000000000000
2026/09/24 17:36:46.303, 3242 MiB, 50 %, 58, 2475 MHz, 47.10 W, 0x0000000000000000
2026/09/24 17:36:48.317, 3242 MiB, 45 %, 57, 2475 MHz, 47.81 W, 0x0000000000000000
2026/09/24 17:36:50.330, 3242 MiB, 66 %, 59, 2475 MHz, 46.41 W, 0x0000000000000000
2026/09/24 17:36:52.346, 3242 MiB, 45 %, 58, 2475 MHz, 47.84 W, 0x0000000000000000
2026/09/24 17:36:54.359, 3242 MiB, 46 %, 57, 2475 MHz, 50.63 W, 0x0000000000000000
2026/09/24 17:36:56.369, 3242 MiB, 44 %, 59, 2475 MHz, 48.12 W, 0x0000000000000000
2026/09/24 17:36:58.372, 3242 MiB, 38 %, 59, 2475 MHz, 46.23 W, 0x0000000000000000
2026/09/24 17:37:00.386, 3242 MiB, 57 %, 58, 2475 MHz, 47.34 W, 0x0000000000000000
2026/09/24 17:37:02.387, 3242 MiB, 58 %, 61, 2460 MHz, 51.43 W, 0x0000000000000004
2026/09/24 17:37:04.390, 3242 MiB, 52 %, 60, 2460 MHz, 49.75 W, 0x0000000000000000
2026/09/24 17:37:06.394, 3242 MiB, 62 %, 61, 2460 MHz, 48.10 W, 0x0000000000000000
2026/09/24 17:37:08.397, 3242 MiB, 60 %, 61, 2460 MHz, 48.99 W, 0x0000000000000000
2026/09/24 17:37:10.403, 3242 MiB, 64 %, 61, 2460 MHz, 48.64 W, 0x0000000000000000
2026/09/24 17:37:12.409, 3242 MiB, 46 %, 62, 2460 MHz, 48.95 W, 0x0000000000000000
2026/09/24 17:37:14.412, 3242 MiB, 42 %, 62, 2460 MHz, 49.36 W, 0x0000000000000000
2026/09/24 17:37:16.414, 3242 MiB, 46 %, 62, 2460 MHz, 46.87 W, 0x0000000000000000
2026/09/24 17:37:18.421, 3242 MiB, 42 %, 61, 2460 MHz, 47.23 W, 0x0000000000000000
2026/09/24 17:37:20.426, 3242 MiB, 55 %, 62, 2460 MHz, 48.02 W, 0x0000000000000000
2026/09/24 17:37:22.433, 3242 MiB, 64 %, 63, 2460 MHz, 48.85 W, 0x0000000000000000
2026/09/24 17:37:24.441, 3242 MiB, 47 %, 62, 2460 MHz, 51.25 W, 0x0000000000000000
2026/09/24 17:37:26.444, 3242 MiB, 41 %, 61, 2460 MHz, 47.54 W, 0x0000000000000000
2026/09/24 17:37:28.454, 3242 MiB, 36 %, 62, 2460 MHz, 49.14 W, 0x0000000000000000
2026/09/24 17:37:30.469, 3242 MiB, 66 %, 64, 2460 MHz, 52.12 W, 0x0000000000000000
2026/09/24 17:37:32.480, 3242 MiB, 48 %, 64, 2460 MHz, 49.03 W, 0x0000000000000000
2026/09/24 17:37:34.485, 3242 MiB, 47 %, 64, 2460 MHz, 50.80 W, 0x0000000000000000
2026/09/24 17:37:36.500, 3242 MiB, 55 %, 65, 2460 MHz, 51.17 W, 0x0000000000000000
2026/09/24 17:37:38.505, 3242 MiB, 62 %, 64, 2460 MHz, 52.17 W, 0x0000000000000000
2026/09/24 17:37:40.512, 3242 MiB, 57 %, 65, 2460 MHz, 51.41 W, 0x0000000000000000
2026/09/24 17:37:42.517, 3242 MiB, 50 %, 65, 2460 MHz, 49.93 W, 0x0000000000000000
2026/09/24 17:37:44.531, 3242 MiB, 43 %, 66, 2460 MHz, 49.43 W, 0x0000000000000000
2026/09/24 17:37:46.533, 3242 MiB, 50 %, 66, 2460 MHz, 51.36 W, 0x0000000000000000
2026/09/24 17:37:48.541, 3242 MiB, 50 %, 66, 2460 MHz, 50.85 W, 0x0000000000000000
2026/09/24 17:37:50.550, 3242 MiB, 59 %, 66, 2460 MHz, 50.60 W, 0x0000000000000000
2026/09/24 17:37:52.565, 3242 MiB, 42 %, 64, 2460 MHz, 49.17 W, 0x0000000000000000
2026/09/24 17:37:54.576, 3242 MiB, 50 %, 65, 2460 MHz, 47.83 W, 0x0000000000000000
2026/09/24 17:37:56.587, 3242 MiB, 42 %, 66, 2460 MHz, 49.02 W, 0x0000000000000000
2026/09/24 17:37:58.600, 3242 MiB, 41 %, 66, 2460 MHz, 50.36 W, 0x0000000000000000
2026/09/24 17:38:00.604, 3242 MiB, 52 %, 66, 2460 MHz, 48.91 W, 0x0000000000000000
2026/09/24 17:38:02.619, 3242 MiB, 54 %, 67, 2460 MHz, 49.45 W, 0x0000000000000000
2026/09/24 17:38:04.625, 3242 MiB, 52 %, 67, 2460 MHz, 50.00 W, 0x0000000000000000
2026/09/24 17:38:06.626, 3242 MiB, 50 %, 66, 2460 MHz, 48.31 W, 0x0000000000000000
2026/09/24 17:38:08.629, 3242 MiB, 45 %, 67, 2460 MHz, 50.06 W, 0x0000000000000000
2026/09/24 17:38:10.638, 3242 MiB, 45 %, 65, 2460 MHz, 46.38 W, 0x0000000000000000
2026/09/24 17:38:12.648, 3242 MiB, 43 %, 65, 2460 MHz, 47.47 W, 0x0000000000000000
2026/09/24 17:38:14.652, 3242 MiB, 56 %, 67, 2460 MHz, 50.13 W, 0x0000000000000000
2026/09/24 17:38:16.656, 3242 MiB, 49 %, 67, 2460 MHz, 50.01 W, 0x0000000000000000
2026/09/24 17:38:18.666, 3242 MiB, 59 %, 67, 2460 MHz, 46.34 W, 0x0000000000000000
2026/09/24 17:38:20.673, 3242 MiB, 56 %, 67, 2460 MHz, 48.24 W, 0x0000000000000000
2026/09/24 17:38:22.675, 3242 MiB, 58 %, 67, 2460 MHz, 46.39 W, 0x0000000000000000
2026/09/24 17:38:24.684, 3242 MiB, 61 %, 67, 2460 MHz, 49.02 W, 0x0000000000000000
2026/09/24 17:38:26.694, 3242 MiB, 48 %, 66, 2460 MHz, 47.19 W, 0x0000000000000000
2026/09/24 17:38:28.701, 3242 MiB, 47 %, 67, 2460 MHz, 47.35 W, 0x0000000000000000
2026/09/24 17:38:30.707, 3242 MiB, 39 %, 65, 2460 MHz, 48.44 W, 0x0000000000000000
2026/09/24 17:38:32.722, 3242 MiB, 60 %, 67, 2460 MHz, 48.18 W, 0x0000000000000000
2026/09/24 17:38:34.731, 3242 MiB, 59 %, 68, 2460 MHz, 49.92 W, 0x0000000000000000
2026/09/24 17:38:36.746, 3242 MiB, 55 %, 68, 2460 MHz, 48.62 W, 0x0000000000000000
2026/09/24 17:38:38.760, 3242 MiB, 53 %, 67, 2460 MHz, 47.43 W, 0x0000000000000000
2026/09/24 17:38:40.764, 3242 MiB, 50 %, 67, 2460 MHz, 44.75 W, 0x0000000000000000
2026/09/24 17:38:42.766, 3242 MiB, 55 %, 67, 2460 MHz, 45.78 W, 0x0000000000000000
2026/09/24 17:38:44.773, 3242 MiB, 51 %, 67, 2460 MHz, 46.65 W, 0x0000000000000000
2026/09/24 17:38:46.789, 3242 MiB, 51 %, 66, 2460 MHz, 44.76 W, 0x0000000000000000
2026/09/24 17:38:48.790, 3242 MiB, 60 %, 67, 2460 MHz, 44.70 W, 0x0000000000000000
2026/09/24 17:38:50.792, 3242 MiB, 46 %, 65, 2460 MHz, 46.52 W, 0x0000000000000000
2026/09/24 17:38:52.793, 3242 MiB, 59 %, 67, 2460 MHz, 44.79 W, 0x0000000000000000
2026/09/24 17:38:54.807, 3242 MiB, 56 %, 67, 2460 MHz, 46.04 W, 0x0000000000000000
2026/09/24 17:38:56.807, 3242 MiB, 55 %, 67, 2460 MHz, 45.98 W, 0x0000000000000000
2026/09/24 17:38:58.815, 3242 MiB, 54 %, 66, 2460 MHz, 45.99 W, 0x0000000000000000
2026/09/24 17:39:00.827, 3242 MiB, 43 %, 66, 2460 MHz, 43.67 W, 0x0000000000000000
2026/09/24 17:39:02.832, 3242 MiB, 47 %, 67, 2460 MHz, 44.58 W, 0x0000000000000000
2026/09/24 17:39:04.836, 3242 MiB, 55 %, 65, 2460 MHz, 45.24 W, 0x0000000000000000
2026/09/24 17:39:06.850, 3242 MiB, 36 %, 67, 2460 MHz, 42.84 W, 0x0000000000000000
2026/09/24 17:39:08.859, 3242 MiB, 35 %, 66, 2460 MHz, 43.78 W, 0x0000000000000000
2026/09/24 17:39:10.873, 3242 MiB, 54 %, 65, 2460 MHz, 43.16 W, 0x0000000000000000
2026/09/24 17:39:12.880, 3242 MiB, 34 %, 65, 2460 MHz, 44.13 W, 0x0000000000000000
2026/09/24 17:39:14.893, 3242 MiB, 55 %, 67, 2460 MHz, 44.47 W, 0x0000000000000000
2026/09/24 17:39:16.896, 3242 MiB, 42 %, 66, 2460 MHz, 42.84 W, 0x0000000000000000
2026/09/24 17:39:18.899, 3242 MiB, 48 %, 66, 2460 MHz, 42.07 W, 0x0000000000000000
2026/09/24 17:39:20.904, 3242 MiB, 35 %, 65, 2460 MHz, 40.78 W, 0x0000000000000000
2026/09/24 17:39:22.916, 3242 MiB, 45 %, 66, 2460 MHz, 40.94 W, 0x0000000000000000
2026/09/24 17:39:24.924, 3242 MiB, 53 %, 66, 2460 MHz, 40.74 W, 0x0000000000000000
2026/09/24 17:39:26.926, 3242 MiB, 38 %, 65, 2460 MHz, 38.48 W, 0x0000000000000000
2026/09/24 17:39:28.931, 3242 MiB, 42 %, 65, 2460 MHz, 39.47 W, 0x0000000000000000
2026/09/24 17:39:30.936, 3242 MiB, 46 %, 65, 2460 MHz, 39.01 W, 0x0000000000000000
2026/09/24 17:39:32.948, 3242 MiB, 34 %, 65, 2460 MHz, 38.49 W, 0x0000000000000000
2026/09/24 17:39:34.954, 3242 MiB, 31 %, 65, 2460 MHz, 39.44 W, 0x0000000000000000
2026/09/24 17:39:36.968, 3242 MiB, 43 %, 65, 2460 MHz, 38.42 W, 0x0000000000000000
2026/09/24 17:39:38.970, 3242 MiB, 48 %, 65, 2460 MHz, 40.16 W, 0x0000000000000000
2026/09/24 17:39:40.984, 3242 MiB, 51 %, 66, 2460 MHz, 40.44 W, 0x0000000000000000
2026/09/24 17:39:42.998, 3242 MiB, 37 %, 65, 2460 MHz, 38.74 W, 0x0000000000000000
2026/09/24 17:39:45.008, 3242 MiB, 31 %, 64, 2460 MHz, 36.99 W, 0x0000000000000000
2026/09/24 17:39:47.017, 3242 MiB, 40 %, 64, 2460 MHz, 35.60 W, 0x0000000000000000
2026/09/24 17:39:49.033, 3242 MiB, 36 %, 63, 2460 MHz, 36.02 W, 0x0000000000000000
2026/09/24 17:39:51.043, 3242 MiB, 37 %, 65, 2460 MHz, 36.17 W, 0x0000000000000000
2026/09/24 17:39:53.054, 3242 MiB, 42 %, 63, 2460 MHz, 35.98 W, 0x0000000000000000
2026/09/24 17:39:55.063, 3242 MiB, 34 %, 64, 2460 MHz, 35.99 W, 0x0000000000000000
2026/09/24 17:39:57.079, 3242 MiB, 34 %, 63, 2460 MHz, 35.65 W, 0x0000000000000000
2026/09/24 17:39:59.094, 3242 MiB, 35 %, 62, 2250 MHz, 30.83 W, 0x0000000000000001
2026/09/24 17:40:01.100, 3242 MiB, 39 %, 63, 2460 MHz, 34.46 W, 0x0000000000000000
2026/09/24 17:40:03.109, 3242 MiB, 36 %, 64, 2460 MHz, 35.05 W, 0x0000000000000000
2026/09/24 17:40:05.122, 3242 MiB, 25 %, 61, 2295 MHz, 29.09 W, 0x0000000000000001
2026/09/24 17:40:07.131, 3242 MiB, 32 %, 61, 2415 MHz, 31.82 W, 0x0000000000000001
2026/09/24 17:40:09.146, 3242 MiB, 42 %, 62, 2310 MHz, 28.52 W, 0x0000000000000001
2026/09/24 17:40:11.156, 3242 MiB, 24 %, 61, 2175 MHz, 31.28 W, 0x0000000000000001
2026/09/24 17:40:13.170, 3242 MiB, 46 %, 61, 2145 MHz, 26.28 W, 0x0000000000000001
2026/09/24 17:40:15.185, 3242 MiB, 24 %, 60, 2040 MHz, 23.99 W, 0x0000000000000001
2026/09/24 17:40:17.199, 3242 MiB, 36 %, 60, 2235 MHz, 27.12 W, 0x0000000000000001
2026/09/24 17:40:19.200, 3242 MiB, 36 %, 59, 1965 MHz, 25.66 W, 0x0000000000000001
2026/09/24 17:40:21.209, 3242 MiB, 35 %, 59, 1815 MHz, 20.75 W, 0x0000000000000001
2026/09/24 17:40:23.224, 3242 MiB, 37 %, 60, 2265 MHz, 25.51 W, 0x0000000000000001
2026/09/24 17:40:25.229, 3242 MiB, 41 %, 59, 1845 MHz, 24.64 W, 0x0000000000000001
2026/09/24 17:40:27.238, 3242 MiB, 37 %, 58, 1665 MHz, 19.23 W, 0x0000000000000001
2026/09/24 17:40:29.241, 3242 MiB, 32 %, 57, 1755 MHz, 19.25 W, 0x0000000000000001
2026/09/24 17:40:31.244, 3242 MiB, 32 %, 57, 1755 MHz, 19.55 W, 0x0000000000000001
2026/09/24 17:40:33.246, 3242 MiB, 33 %, 57, 1800 MHz, 19.77 W, 0x0000000000000001
2026/09/24 17:40:35.247, 3242 MiB, 37 %, 56, 1530 MHz, 17.63 W, 0x0000000000000001
2026/09/24 17:40:37.253, 3242 MiB, 36 %, 56, 1545 MHz, 17.30 W, 0x0000000000000001
2026/09/24 17:40:39.259, 3242 MiB, 31 %, 56, 1695 MHz, 18.04 W, 0x0000000000000001
2026/09/24 17:40:41.267, 3242 MiB, 31 %, 56, 1560 MHz, 17.95 W, 0x0000000000000001
2026/09/24 17:40:43.277, 3242 MiB, 39 %, 55, 1665 MHz, 18.19 W, 0x0000000000000001
2026/09/24 17:40:45.280, 3242 MiB, 31 %, 55, 1755 MHz, 18.30 W, 0x0000000000000001
2026/09/24 17:40:47.283, 3242 MiB, 44 %, 55, 1605 MHz, 17.72 W, 0x0000000000000001
2026/09/24 17:40:49.290, 3242 MiB, 34 %, 56, 2010 MHz, 20.98 W, 0x0000000000000001
2026/09/24 17:40:51.306, 3242 MiB, 36 %, 55, 1680 MHz, 18.31 W, 0x0000000000000001
2026/09/24 17:40:53.320, 3242 MiB, 37 %, 55, 1890 MHz, 19.43 W, 0x0000000000000001
2026/09/24 17:40:55.326, 3242 MiB, 40 %, 55, 1635 MHz, 18.33 W, 0x0000000000000001
2026/09/24 17:40:57.338, 3242 MiB, 31 %, 54, 1695 MHz, 17.34 W, 0x0000000000000001
2026/09/24 17:40:59.350, 3242 MiB, 38 %, 54, 1695 MHz, 18.02 W, 0x0000000000000001
2026/09/24 17:41:01.356, 3242 MiB, 39 %, 54, 1575 MHz, 18.10 W, 0x0000000000000001
2026/09/24 17:41:03.368, 3242 MiB, 31 %, 54, 1620 MHz, 17.05 W, 0x0000000000000001
2026/09/24 17:41:05.373, 3242 MiB, 30 %, 53, 1440 MHz, 15.58 W, 0x0000000000000001
2026/09/24 17:41:07.375, 3242 MiB, 35 %, 53, 1590 MHz, 16.87 W, 0x0000000000000001
2026/09/24 17:41:09.391, 3242 MiB, 30 %, 53, 1605 MHz, 16.42 W, 0x0000000000000001
2026/09/24 17:41:11.396, 3242 MiB, 51 %, 53, 1410 MHz, 15.46 W, 0x0000000000000001
2026/09/24 17:41:13.408, 3242 MiB, 35 %, 53, 1515 MHz, 16.66 W, 0x0000000000000001
2026/09/24 17:41:15.409, 3242 MiB, 28 %, 52, 1440 MHz, 14.19 W, 0x0000000000000001
2026/09/24 17:41:17.416, 3242 MiB, 33 %, 52, 1545 MHz, 14.74 W, 0x0000000000000001
2026/09/24 17:41:19.427, 3242 MiB, 28 %, 52, 1575 MHz, 15.26 W, 0x0000000000000001
2026/09/24 17:41:21.428, 3242 MiB, 33 %, 52, 1440 MHz, 14.90 W, 0x0000000000000001
2026/09/24 17:41:23.435, 3242 MiB, 36 %, 52, 1515 MHz, 14.87 W, 0x0000000000000001
2026/09/24 17:41:25.445, 3242 MiB, 35 %, 52, 1590 MHz, 15.23 W, 0x0000000000000001
2026/09/24 17:41:27.455, 3242 MiB, 29 %, 52, 1695 MHz, 15.32 W, 0x0000000000000001
2026/09/24 17:41:29.463, 3242 MiB, 27 %, 52, 1680 MHz, 15.82 W, 0x0000000000000001
2026/09/24 17:41:31.476, 3242 MiB, 39 %, 51, 1410 MHz, 15.64 W, 0x0000000000000001
2026/09/24 17:41:33.480, 3242 MiB, 44 %, 51, 1320 MHz, 15.36 W, 0x0000000000000001
2026/09/24 17:41:35.486, 3242 MiB, 40 %, 51, 1335 MHz, 15.53 W, 0x0000000000000001
2026/09/24 17:41:37.493, 3242 MiB, 37 %, 51, 1410 MHz, 15.39 W, 0x0000000000000001
2026/09/24 17:41:39.503, 3242 MiB, 43 %, 51, 1335 MHz, 15.30 W, 0x0000000000000001
2026/09/24 17:41:41.519, 3242 MiB, 38 %, 51, 1380 MHz, 15.42 W, 0x0000000000000001
2026/09/24 17:41:43.522, 3242 MiB, 41 %, 51, 1455 MHz, 15.24 W, 0x0000000000000001
2026/09/24 17:41:45.526, 3242 MiB, 31 %, 51, 1650 MHz, 16.33 W, 0x0000000000000001
2026/09/24 17:41:47.540, 3242 MiB, 22 %, 51, 1740 MHz, 16.49 W, 0x0000000000000001
2026/09/24 17:41:49.547, 3242 MiB, 42 %, 51, 1665 MHz, 15.06 W, 0x0000000000000001
2026/09/24 17:41:51.553, 3242 MiB, 47 %, 50, 1365 MHz, 15.16 W, 0x0000000000000001
2026/09/24 17:41:53.562, 3242 MiB, 34 %, 50, 1410 MHz, 15.53 W, 0x0000000000000001
2026/09/24 17:41:55.571, 3242 MiB, 34 %, 50, 1440 MHz, 15.24 W, 0x0000000000000001
2026/09/24 17:41:57.577, 3242 MiB, 32 %, 50, 1500 MHz, 15.26 W, 0x0000000000000001
2026/09/24 17:41:59.585, 3242 MiB, 33 %, 50, 1530 MHz, 15.24 W, 0x0000000000000001
2026/09/24 17:42:01.594, 3242 MiB, 33 %, 50, 1575 MHz, 15.56 W, 0x0000000000000001
2026/09/24 17:42:03.602, 3242 MiB, 26 %, 50, 1620 MHz, 14.96 W, 0x0000000000000001
2026/09/24 17:42:05.613, 3242 MiB, 27 %, 50, 1410 MHz, 14.09 W, 0x0000000000000001
2026/09/24 17:42:07.622, 3242 MiB, 34 %, 50, 1500 MHz, 14.19 W, 0x0000000000000001
2026/09/24 17:42:09.622, 3242 MiB, 26 %, 50, 1725 MHz, 14.12 W, 0x0000000000000001
2026/09/24 17:42:11.626, 3242 MiB, 28 %, 49, 1440 MHz, 14.07 W, 0x0000000000000001
2026/09/24 17:42:13.631, 3242 MiB, 26 %, 49, 1440 MHz, 13.49 W, 0x0000000000000001
2026/09/24 17:42:15.643, 3242 MiB, 42 %, 49, 1335 MHz, 12.98 W, 0x0000000000000001
2026/09/24 17:42:17.650, 3242 MiB, 44 %, 48, 600 MHz, 10.56 W, 0x0000000000000001
2026/09/24 17:42:19.656, 3242 MiB, 41 %, 48, 375 MHz, 9.23 W, 0x0000000000000001
2026/09/24 17:42:21.659, 3242 MiB, 47 %, 48, 375 MHz, 8.43 W, 0x0000000000000001
2026/09/24 17:42:23.663, 3242 MiB, 44 %, 48, 375 MHz, 9.74 W, 0x0000000000000001
2026/09/24 17:42:25.667, 3242 MiB, 58 %, 47, 435 MHz, 8.51 W, 0x0000000000000001
2026/09/24 17:42:27.679, 3242 MiB, 49 %, 47, 345 MHz, 9.69 W, 0x0000000000000001
2026/09/24 17:42:29.689, 3242 MiB, 42 %, 47, 360 MHz, 8.12 W, 0x0000000000000001
2026/09/24 17:42:31.698, 3242 MiB, 63 %, 47, 450 MHz, 8.32 W, 0x0000000000000001
2026/09/24 17:42:33.702, 3242 MiB, 57 %, 47, 435 MHz, 9.14 W, 0x0000000000000001
2026/09/24 17:42:35.709, 3242 MiB, 39 %, 47, 435 MHz, 9.65 W, 0x0000000000000001
2026/09/24 17:42:37.711, 3242 MiB, 50 %, 47, 450 MHz, 8.85 W, 0x0000000000000001
2026/09/24 17:42:39.718, 3242 MiB, 50 %, 46, 465 MHz, 8.81 W, 0x0000000000000001
2026/09/24 17:42:41.723, 3242 MiB, 47 %, 46, 420 MHz, 9.60 W, 0x0000000000000001
2026/09/24 17:42:43.723, 3242 MiB, 52 %, 46, 540 MHz, 8.59 W, 0x0000000000000001
2026/09/24 17:42:45.728, 3242 MiB, 62 %, 46, 435 MHz, 8.27 W, 0x0000000000000001
2026/09/24 17:42:47.730, 3242 MiB, 54 %, 46, 255 MHz, 7.16 W, 0x0000000000000001
2026/09/24 17:42:49.733, 3242 MiB, 54 %, 46, 390 MHz, 8.02 W, 0x0000000000000001
2026/09/24 17:42:51.737, 3242 MiB, 40 %, 46, 510 MHz, 9.10 W, 0x0000000000000001
2026/09/24 17:42:53.744, 3242 MiB, 52 %, 46, 480 MHz, 9.04 W, 0x0000000000000001
2026/09/24 17:42:55.753, 3242 MiB, 48 %, 45, 405 MHz, 8.03 W, 0x0000000000000001
2026/09/24 17:42:57.759, 3242 MiB, 52 %, 45, 300 MHz, 7.84 W, 0x0000000000000001
2026/09/24 17:42:59.768, 3242 MiB, 52 %, 45, 405 MHz, 10.27 W, 0x0000000000000001
2026/09/24 17:43:01.782, 3242 MiB, 53 %, 45, 435 MHz, 9.11 W, 0x0000000000000001
2026/09/24 17:43:03.789, 3242 MiB, 45 %, 45, 420 MHz, 9.14 W, 0x0000000000000001
2026/09/24 17:43:05.799, 3242 MiB, 46 %, 45, 510 MHz, 9.55 W, 0x0000000000000001
2026/09/24 17:43:07.809, 3242 MiB, 51 %, 45, 345 MHz, 9.35 W, 0x0000000000000001
2026/09/24 17:43:09.809, 3242 MiB, 45 %, 45, 435 MHz, 9.68 W, 0x0000000000000001
2026/09/24 17:43:11.820, 3242 MiB, 57 %, 45, 420 MHz, 9.04 W, 0x0000000000000001
2026/09/24 17:43:13.829, 3242 MiB, 68 %, 44, 345 MHz, 8.74 W, 0x0000000000000001
2026/09/24 17:43:15.831, 3242 MiB, 54 %, 44, 375 MHz, 8.85 W, 0x0000000000000001
2026/09/24 17:43:17.837, 3242 MiB, 55 %, 44, 435 MHz, 7.83 W, 0x0000000000000001
2026/09/24 17:43:19.844, 3242 MiB, 44 %, 44, 540 MHz, 8.58 W, 0x0000000000000001
2026/09/24 17:43:21.846, 3242 MiB, 46 %, 44, 465 MHz, 8.98 W, 0x0000000000000001
2026/09/24 17:43:23.848, 3242 MiB, 55 %, 44, 465 MHz, 9.15 W, 0x0000000000000001
2026/09/24 17:43:25.853, 3242 MiB, 45 %, 44, 360 MHz, 8.55 W, 0x0000000000000001
2026/09/24 17:43:27.863, 3242 MiB, 46 %, 44, 255 MHz, 7.81 W, 0x0000000000000001
2026/09/24 17:43:29.868, 3242 MiB, 49 %, 44, 480 MHz, 9.18 W, 0x0000000000000001
2026/09/24 17:43:31.878, 3242 MiB, 45 %, 44, 540 MHz, 10.52 W, 0x0000000000000001
2026/09/24 17:43:33.885, 3242 MiB, 41 %, 44, 495 MHz, 8.93 W, 0x0000000000000001
2026/09/24 17:43:35.893, 3242 MiB, 46 %, 43, 420 MHz, 10.43 W, 0x0000000000000001
2026/09/24 17:43:37.909, 3242 MiB, 65 %, 43, 375 MHz, 9.17 W, 0x0000000000000001
2026/09/24 17:43:39.910, 3242 MiB, 62 %, 43, 345 MHz, 7.43 W, 0x0000000000000001
2026/09/24 17:43:41.924, 3242 MiB, 55 %, 43, 390 MHz, 9.39 W, 0x0000000000000001
2026/09/24 17:43:43.938, 3242 MiB, 41 %, 43, 510 MHz, 7.88 W, 0x0000000000000001
2026/09/24 17:43:45.953, 3242 MiB, 74 %, 43, 405 MHz, 8.28 W, 0x0000000000000001
2026/09/24 17:43:47.964, 3242 MiB, 49 %, 43, 450 MHz, 9.18 W, 0x0000000000000001
2026/09/24 17:43:49.973, 3242 MiB, 45 %, 43, 405 MHz, 7.94 W, 0x0000000000000001
2026/09/24 17:43:51.979, 3242 MiB, 42 %, 43, 435 MHz, 8.42 W, 0x0000000000000001
2026/09/24 17:43:53.987, 3242 MiB, 50 %, 43, 270 MHz, 7.11 W, 0x0000000000000001
2026/09/24 17:43:55.989, 3242 MiB, 54 %, 43, 345 MHz, 9.21 W, 0x0000000000000001
2026/09/24 17:43:57.999, 3242 MiB, 45 %, 43, 450 MHz, 7.62 W, 0x0000000000000001
2026/09/24 17:44:00.010, 3242 MiB, 63 %, 43, 375 MHz, 8.61 W, 0x0000000000000001
2026/09/24 17:44:02.021, 3242 MiB, 44 %, 43, 510 MHz, 9.09 W, 0x0000000000000001
2026/09/24 17:44:04.035, 3242 MiB, 56 %, 43, 405 MHz, 8.81 W, 0x0000000000000001
2026/09/24 17:44:06.036, 3242 MiB, 55 %, 42, 360 MHz, 8.88 W, 0x0000000000000001
2026/09/24 17:44:08.044, 3242 MiB, 41 %, 42, 375 MHz, 8.59 W, 0x0000000000000001
2026/09/24 17:44:10.051, 3242 MiB, 43 %, 42, 540 MHz, 8.71 W, 0x0000000000000001
2026/09/24 17:44:12.066, 3242 MiB, 51 %, 42, 255 MHz, 7.22 W, 0x0000000000000001
2026/09/24 17:44:14.068, 3242 MiB, 49 %, 42, 525 MHz, 9.34 W, 0x0000000000000001
2026/09/24 17:44:16.077, 3242 MiB, 39 %, 42, 540 MHz, 10.39 W, 0x0000000000000001
2026/09/24 17:44:18.086, 3242 MiB, 49 %, 42, 375 MHz, 9.01 W, 0x0000000000000001
2026/09/24 17:44:20.087, 3242 MiB, 45 %, 42, 465 MHz, 9.69 W, 0x0000000000000001
2026/09/24 17:44:22.096, 3242 MiB, 53 %, 42, 525 MHz, 9.35 W, 0x0000000000000001
2026/09/24 17:44:24.108, 3242 MiB, 52 %, 42, 405 MHz, 9.62 W, 0x0000000000000001
2026/09/24 17:44:26.111, 3242 MiB, 51 %, 42, 675 MHz, 10.68 W, 0x0000000000000001
2026/09/24 17:44:28.120, 3242 MiB, 50 %, 42, 420 MHz, 9.74 W, 0x0000000000000001
2026/09/24 17:44:30.120, 3242 MiB, 63 %, 42, 480 MHz, 6.58 W, 0x0000000000000001
2026/09/24 17:44:32.129, 3242 MiB, 52 %, 42, 435 MHz, 8.67 W, 0x0000000000000001
2026/09/24 17:44:34.135, 3242 MiB, 42 %, 42, 405 MHz, 9.02 W, 0x0000000000000001
2026/09/24 17:44:36.144, 3242 MiB, 57 %, 42, 420 MHz, 8.05 W, 0x0000000000000001
2026/09/24 17:44:38.150, 3242 MiB, 50 %, 42, 480 MHz, 8.20 W, 0x0000000000000001
2026/09/24 17:44:40.155, 3242 MiB, 47 %, 42, 300 MHz, 8.23 W, 0x0000000000000001
2026/09/24 17:44:42.170, 3242 MiB, 67 %, 41, 525 MHz, 8.25 W, 0x0000000000000001
2026/09/24 17:44:44.173, 3242 MiB, 51 %, 42, 630 MHz, 9.73 W, 0x0000000000000001
2026/09/24 17:44:46.184, 3242 MiB, 65 %, 41, 480 MHz, 8.52 W, 0x0000000000000001
2026/09/24 17:44:48.184, 3242 MiB, 54 %, 41, 360 MHz, 6.88 W, 0x0000000000000001
2026/09/24 17:44:50.198, 3242 MiB, 55 %, 41, 360 MHz, 8.35 W, 0x0000000000000001
2026/09/24 17:44:52.214, 3242 MiB, 48 %, 41, 345 MHz, 6.55 W, 0x0000000000000001
2026/09/24 17:44:54.228, 3242 MiB, 46 %, 41, 390 MHz, 9.63 W, 0x0000000000000001
2026/09/24 17:44:56.236, 3242 MiB, 71 %, 41, 345 MHz, 6.45 W, 0x0000000000000001
2026/09/24 17:44:58.249, 3242 MiB, 57 %, 41, 465 MHz, 9.10 W, 0x0000000000000001
2026/09/24 17:45:00.259, 3242 MiB, 52 %, 41, 480 MHz, 8.12 W, 0x0000000000000001
2026/09/24 17:45:02.266, 3242 MiB, 57 %, 41, 390 MHz, 8.69 W, 0x0000000000000001
2026/09/24 17:45:04.282, 3242 MiB, 43 %, 41, 390 MHz, 9.65 W, 0x0000000000000001
2026/09/24 17:45:06.296, 3242 MiB, 55 %, 41, 450 MHz, 9.07 W, 0x0000000000000001
2026/09/24 17:45:08.304, 3242 MiB, 44 %, 41, 345 MHz, 9.96 W, 0x0000000000000001
2026/09/24 17:45:10.313, 3242 MiB, 56 %, 41, 375 MHz, 9.44 W, 0x0000000000000001
2026/09/24 17:45:12.321, 3242 MiB, 43 %, 41, 330 MHz, 7.52 W, 0x0000000000000001
2026/09/24 17:45:14.327, 3242 MiB, 28 %, 42, 2130 MHz, 17.59 W, 0x0000000000000001
2026/09/24 17:45:16.338, 3242 MiB, 43 %, 42, 1455 MHz, 12.95 W, 0x0000000000000001
2026/09/24 17:45:18.350, 3242 MiB, 29 %, 42, 1200 MHz, 13.56 W, 0x0000000000000001
2026/09/24 17:45:20.360, 3242 MiB, 32 %, 42, 1245 MHz, 14.29 W, 0x0000000000000001
2026/09/24 17:45:22.373, 3242 MiB, 24 %, 42, 1590 MHz, 14.45 W, 0x0000000000000001
2026/09/24 17:45:24.378, 3242 MiB, 42 %, 41, 990 MHz, 11.41 W, 0x0000000000000001
2026/09/24 17:45:26.388, 3274 MiB, 88 %, 45, 2130 MHz, 12.06 W, 0x0000000000000001
2026/09/24 17:45:28.396, 3274 MiB, 54 %, 52, 2475 MHz, 56.33 W, 0x0000000000000000
2026/09/24 17:45:30.402, 3274 MiB, 15 %, 47, 2475 MHz, 24.85 W, 0x0000000000000000
2026/09/24 17:45:32.405, 3274 MiB, 46 %, 51, 2475 MHz, 41.98 W, 0x0000000000000000
2026/09/24 17:45:34.418, 3274 MiB, 29 %, 50, 2475 MHz, 37.65 W, 0x0000000000000000
2026/09/24 17:45:36.431, 3274 MiB, 20 %, 45, 1800 MHz, 19.93 W, 0x0000000000000001
