2026/09/25 10:22:19.790, 230 MiB, 43 %, 36, 210 MHz, 5.76 W, 0x0000000000000001
2026/09/25 10:22:21.804, 230 MiB, 42 %, 36, 210 MHz, 6.08 W, 0x0000000000000001
2026/09/25 10:22:23.819, 437 MiB, 10 %, 37, 2130 MHz, 8.43 W, 0x0000000000000000
2026/09/25 10:22:25.828, 501 MiB, 21 %, 38, 2130 MHz, 16.38 W, 0x0000000000000000
2026/09/25 10:22:27.832, 757 MiB, 48 %, 44, 2475 MHz, 30.78 W, 0x0000000000000000
2026/09/25 10:22:29.845, 757 MiB, 51 %, 45, 2475 MHz, 36.00 W, 0x0000000000000000
2026/09/25 10:22:31.856, 757 MiB, 47 %, 45, 2475 MHz, 35.80 W, 0x0000000000000000
2026/09/25 10:22:33.862, 757 MiB, 36 %, 41, 1665 MHz, 21.61 W, 0x0000000000000001
2026/09/25 10:22:35.872, 757 MiB, 8 %, 39, 1725 MHz, 14.46 W, 0x0000000000000001
2026/09/25 10:22:37.884, 757 MiB, 70 %, 49, 2475 MHz, 60.10 W, 0x0000000000000000
2026/09/25 10:22:39.887, 757 MiB, 68 %, 51, 2475 MHz, 60.67 W, 0x0000000000000000
2026/09/25 10:22:41.890, 757 MiB, 72 %, 52, 2475 MHz, 59.24 W, 0x0000000000000000
2026/09/25 10:22:43.902, 757 MiB, 68 %, 53, 2475 MHz, 61.47 W, 0x0000000000000000
2026/09/25 10:22:45.917, 757 MiB, 70 %, 54, 2475 MHz, 61.34 W, 0x0000000000000000
2026/09/25 10:22:47.921, 757 MiB, 68 %, 55, 2475 MHz, 60.94 W, 0x0000000000000000
2026/09/25 10:22:49.927, 757 MiB, 68 %, 56, 2475 MHz, 61.34 W, 0x0000000000000000
2026/09/25 10:22:51.943, 757 MiB, 68 %, 55, 2475 MHz, 61.65 W, 0x0000000000000000
2026/09/25 10:22:53.958, 757 MiB, 70 %, 57, 2475 MHz, 61.72 W, 0x0000000000000000
2026/09/25 10:22:55.959, 757 MiB, 70 %, 57, 2475 MHz, 60.04 W, 0x0000000000000000
2026/09/25 10:22:57.962, 757 MiB, 69 %, 58, 2460 MHz, 61.62 W, 0x0000000000000000
2026/09/25 10:22:59.964, 757 MiB, 69 %, 58, 2460 MHz, 60.79 W, 0x0000000000000000
2026/09/25 10:23:01.973, 757 MiB, 68 %, 59, 2460 MHz, 62.04 W, 0x0000000000000000
2026/09/25 10:23:03.986, 757 MiB, 66 %, 59, 2460 MHz, 61.20 W, 0x0000000000000000
2026/09/25 10:23:05.994, 757 MiB, 64 %, 60, 2460 MHz, 58.68 W, 0x0000000000000000
2026/09/25 10:23:08.003, 757 MiB, 64 %, 60, 2460 MHz, 59.52 W, 0x0000000000000000
2026/09/25 10:23:10.012, 757 MiB, 66 %, 61, 2460 MHz, 59.40 W, 0x0000000000000000
2026/09/25 10:23:12.028, 757 MiB, 67 %, 62, 2460 MHz, 60.24 W, 0x0000000000000000
2026/09/25 10:23:14.042, 757 MiB, 65 %, 62, 2460 MHz, 60.84 W, 0x0000000000000000
2026/09/25 10:23:16.057, 757 MiB, 64 %, 62, 2460 MHz, 59.29 W, 0x0000000000000000
2026/09/25 10:23:18.058, 757 MiB, 64 %, 63, 2460 MHz, 59.80 W, 0x0000000000000000
2026/09/25 10:23:20.061, 757 MiB, 63 %, 63, 2460 MHz, 59.26 W, 0x0000000000000000
2026/09/25 10:23:22.076, 757 MiB, 65 %, 64, 2460 MHz, 59.70 W, 0x0000000000000000
2026/09/25 10:23:24.080, 757 MiB, 64 %, 63, 2460 MHz, 59.51 W, 0x0000000000000000
2026/09/25 10:23:26.093, 757 MiB, 66 %, 64, 2460 MHz, 60.01 W, 0x0000000000000000
2026/09/25 10:23:28.098, 757 MiB, 70 %, 65, 2460 MHz, 61.78 W, 0x0000000000000000
2026/09/25 10:23:30.106, 757 MiB, 69 %, 66, 2460 MHz, 62.94 W, 0x0000000000000000
2026/09/25 10:23:32.120, 757 MiB, 64 %, 65, 2460 MHz, 60.16 W, 0x0000000000000000
2026/09/25 10:23:34.133, 757 MiB, 64 %, 65, 2460 MHz, 59.48 W, 0x0000000000000000
2026/09/25 10:23:36.136, 757 MiB, 69 %, 67, 2460 MHz, 62.33 W, 0x0000000000000000
2026/09/25 10:23:38.138, 757 MiB, 65 %, 66, 2460 MHz, 60.67 W, 0x0000000000000000
2026/09/25 10:23:40.142, 757 MiB, 69 %, 68, 2460 MHz, 63.20 W, 0x0000000000000000
2026/09/25 10:23:42.152, 757 MiB, 69 %, 68, 2460 MHz, 63.19 W, 0x0000000000000000
2026/09/25 10:23:44.161, 757 MiB, 70 %, 68, 2460 MHz, 61.36 W, 0x0000000000000000
2026/09/25 10:23:46.170, 757 MiB, 69 %, 68, 2445 MHz, 64.26 W, 0x0000000000000000
2026/09/25 10:23:48.176, 757 MiB, 68 %, 69, 2460 MHz, 63.41 W, 0x0000000000000000
2026/09/25 10:23:50.190, 757 MiB, 70 %, 69, 2460 MHz, 63.56 W, 0x0000000000000000
2026/09/25 10:23:52.201, 757 MiB, 68 %, 69, 2460 MHz, 63.41 W, 0x0000000000000000
2026/09/25 10:23:54.218, 757 MiB, 64 %, 69, 2460 MHz, 63.47 W, 0x0000000000000000
2026/09/25 10:23:56.222, 757 MiB, 69 %, 70, 2460 MHz, 63.23 W, 0x0000000000000000
2026/09/25 10:23:58.230, 757 MiB, 63 %, 69, 2460 MHz, 60.75 W, 0x0000000000000000
2026/09/25 10:24:00.238, 757 MiB, 70 %, 71, 2460 MHz, 64.21 W, 0x0000000000000000
2026/09/25 10:24:02.249, 757 MiB, 65 %, 70, 2460 MHz, 61.40 W, 0x0000000000000000
2026/09/25 10:24:04.259, 757 MiB, 65 %, 71, 2460 MHz, 61.05 W, 0x0000000000000000
2026/09/25 10:24:06.260, 757 MiB, 71 %, 71, 2460 MHz, 63.98 W, 0x0000000000000000
2026/09/25 10:24:08.270, 757 MiB, 69 %, 71, 2460 MHz, 64.04 W, 0x0000000000000000
2026/09/25 10:24:10.285, 757 MiB, 69 %, 71, 2460 MHz, 64.29 W, 0x0000000000000000
2026/09/25 10:24:12.295, 757 MiB, 69 %, 72, 2460 MHz, 63.25 W, 0x0000000000000000
2026/09/25 10:24:14.297, 757 MiB, 70 %, 72, 2460 MHz, 64.63 W, 0x0000000000000000
2026/09/25 10:24:16.306, 757 MiB, 65 %, 71, 2460 MHz, 62.98 W, 0x0000000000000000
2026/09/25 10:24:18.312, 757 MiB, 70 %, 73, 2460 MHz, 64.40 W, 0x0000000000000000
2026/09/25 10:24:20.320, 757 MiB, 68 %, 72, 2460 MHz, 64.34 W, 0x0000000000000004
2026/09/25 10:24:22.330, 757 MiB, 69 %, 73, 2460 MHz, 63.21 W, 0x0000000000000000
2026/09/25 10:24:24.340, 757 MiB, 71 %, 73, 2460 MHz, 64.41 W, 0x0000000000000000
2026/09/25 10:24:26.352, 757 MiB, 65 %, 73, 2460 MHz, 62.55 W, 0x0000000000000000
2026/09/25 10:24:28.358, 757 MiB, 71 %, 73, 2460 MHz, 63.99 W, 0x0000000000000004
2026/09/25 10:24:30.364, 757 MiB, 66 %, 73, 2460 MHz, 62.53 W, 0x0000000000000004
2026/09/25 10:24:32.379, 757 MiB, 65 %, 73, 2460 MHz, 62.08 W, 0x0000000000000000
2026/09/25 10:24:34.393, 757 MiB, 68 %, 73, 2460 MHz, 64.00 W, 0x0000000000000000
2026/09/25 10:24:36.396, 757 MiB, 67 %, 74, 2460 MHz, 61.58 W, 0x0000000000000000
2026/09/25 10:24:38.401, 757 MiB, 70 %, 74, 2460 MHz, 64.36 W, 0x0000000000000004
2026/09/25 10:24:40.415, 757 MiB, 66 %, 74, 2460 MHz, 63.73 W, 0x0000000000000000
2026/09/25 10:24:42.419, 757 MiB, 70 %, 74, 2460 MHz, 64.89 W, 0x0000000000000000
2026/09/25 10:24:44.423, 757 MiB, 64 %, 74, 2460 MHz, 63.39 W, 0x0000000000000000
2026/09/25 10:24:46.438, 757 MiB, 70 %, 74, 2460 MHz, 63.58 W, 0x0000000000000000
2026/09/25 10:24:48.453, 757 MiB, 70 %, 75, 2460 MHz, 64.80 W, 0x0000000000000000
2026/09/25 10:24:50.456, 757 MiB, 67 %, 75, 2460 MHz, 62.93 W, 0x0000000000000000
2026/09/25 10:24:52.471, 757 MiB, 70 %, 75, 2460 MHz, 64.74 W, 0x0000000000000000
2026/09/25 10:24:54.481, 757 MiB, 67 %, 74, 2460 MHz, 62.01 W, 0x0000000000000000
2026/09/25 10:24:56.489, 757 MiB, 70 %, 74, 2460 MHz, 65.51 W, 0x0000000000000000
2026/09/25 10:24:58.497, 757 MiB, 66 %, 74, 2460 MHz, 62.84 W, 0x0000000000000000
2026/09/25 10:25:00.512, 757 MiB, 70 %, 75, 2460 MHz, 65.07 W, 0x0000000000000000
2026/09/25 10:25:02.524, 757 MiB, 68 %, 75, 2460 MHz, 62.61 W, 0x0000000000000000
2026/09/25 10:25:04.529, 757 MiB, 64 %, 74, 2460 MHz, 62.62 W, 0x0000000000000000
2026/09/25 10:25:06.536, 757 MiB, 65 %, 75, 2460 MHz, 63.06 W, 0x0000000000000000
2026/09/25 10:25:08.538, 757 MiB, 49 %, 75, 2460 MHz, 61.85 W, 0x0000000000000000
2026/09/25 10:25:10.540, 757 MiB, 70 %, 75, 2460 MHz, 65.12 W, 0x0000000000000000
2026/09/25 10:25:12.547, 757 MiB, 69 %, 76, 2460 MHz, 64.96 W, 0x0000000000000000
2026/09/25 10:25:14.552, 757 MiB, 69 %, 76, 2460 MHz, 64.73 W, 0x0000000000000000
2026/09/25 10:25:16.566, 757 MiB, 69 %, 75, 2460 MHz, 64.80 W, 0x0000000000000000
2026/09/25 10:25:18.576, 757 MiB, 69 %, 76, 2460 MHz, 63.23 W, 0x0000000000000000
2026/09/25 10:25:20.584, 757 MiB, 70 %, 76, 2460 MHz, 65.39 W, 0x0000000000000000
2026/09/25 10:25:22.591, 757 MiB, 69 %, 76, 2430 MHz, 64.91 W, 0x0000000000000004
2026/09/25 10:25:24.593, 757 MiB, 69 %, 75, 2460 MHz, 64.73 W, 0x0000000000000000
2026/09/25 10:25:26.597, 757 MiB, 71 %, 76, 2460 MHz, 64.93 W, 0x0000000000000000
2026/09/25 10:25:28.600, 757 MiB, 70 %, 77, 2460 MHz, 65.07 W, 0x0000000000000004
2026/09/25 10:25:30.612, 757 MiB, 65 %, 76, 2460 MHz, 63.97 W, 0x0000000000000000
2026/09/25 10:25:32.614, 757 MiB, 65 %, 76, 2460 MHz, 62.13 W, 0x0000000000000000
2026/09/25 10:25:34.615, 757 MiB, 50 %, 71, 2460 MHz, 61.80 W, 0x0000000000000000
2026/09/25 10:25:36.630, 757 MiB, 68 %, 77, 2460 MHz, 64.18 W, 0x0000000000000000
2026/09/25 10:25:38.633, 757 MiB, 68 %, 77, 2460 MHz, 64.22 W, 0x0000000000000000
2026/09/25 10:25:40.649, 757 MiB, 65 %, 76, 2460 MHz, 61.10 W, 0x0000000000000004
2026/09/25 10:25:42.651, 757 MiB, 61 %, 75, 2460 MHz, 61.63 W, 0x0000000000000000
2026/09/25 10:25:44.659, 757 MiB, 68 %, 76, 2460 MHz, 64.11 W, 0x0000000000000000
2026/09/25 10:25:46.671, 757 MiB, 67 %, 76, 2460 MHz, 63.71 W, 0x0000000000000000
2026/09/25 10:25:48.676, 757 MiB, 69 %, 76, 2460 MHz, 63.55 W, 0x0000000000000004
2026/09/25 10:25:50.686, 757 MiB, 63 %, 77, 2460 MHz, 62.49 W, 0x0000000000000000
2026/09/25 10:25:52.688, 757 MiB, 69 %, 76, 2460 MHz, 64.18 W, 0x0000000000000000
2026/09/25 10:25:54.699, 757 MiB, 61 %, 75, 2400 MHz, 62.49 W, 0x0000000000000000
2026/09/25 10:25:56.708, 757 MiB, 69 %, 77, 2460 MHz, 64.69 W, 0x0000000000000000
2026/09/25 10:25:58.713, 757 MiB, 68 %, 76, 2460 MHz, 65.19 W, 0x0000000000000000
2026/09/25 10:26:00.716, 757 MiB, 69 %, 77, 2460 MHz, 65.43 W, 0x0000000000000000
2026/09/25 10:26:02.719, 757 MiB, 67 %, 77, 2460 MHz, 63.34 W, 0x0000000000000004
2026/09/25 10:26:04.722, 757 MiB, 68 %, 77, 2460 MHz, 62.32 W, 0x0000000000000000
2026/09/25 10:26:06.725, 757 MiB, 66 %, 77, 2460 MHz, 63.01 W, 0x0000000000000000
2026/09/25 10:26:08.738, 757 MiB, 63 %, 76, 2460 MHz, 63.10 W, 0x0000000000000000
2026/09/25 10:26:10.745, 757 MiB, 66 %, 77, 2460 MHz, 65.39 W, 0x0000000000000000
2026/09/25 10:26:12.758, 757 MiB, 68 %, 77, 2460 MHz, 65.22 W, 0x0000000000000000
2026/09/25 10:26:14.769, 757 MiB, 66 %, 78, 2445 MHz, 64.76 W, 0x0000000000000000
2026/09/25 10:26:16.772, 757 MiB, 67 %, 77, 2460 MHz, 64.23 W, 0x0000000000000000
2026/09/25 10:26:18.773, 757 MiB, 67 %, 77, 2460 MHz, 62.53 W, 0x0000000000000004
2026/09/25 10:26:20.781, 757 MiB, 65 %, 77, 2460 MHz, 61.40 W, 0x0000000000000000
2026/09/25 10:26:22.787, 757 MiB, 69 %, 78, 2460 MHz, 63.25 W, 0x0000000000000000
2026/09/25 10:26:24.794, 757 MiB, 65 %, 77, 2460 MHz, 63.39 W, 0x0000000000000000
2026/09/25 10:26:26.796, 757 MiB, 67 %, 77, 2430 MHz, 63.46 W, 0x0000000000000000
2026/09/25 10:26:28.798, 757 MiB, 68 %, 77, 2460 MHz, 64.88 W, 0x0000000000000000
2026/09/25 10:26:30.806, 757 MiB, 70 %, 78, 2460 MHz, 64.86 W, 0x0000000000000000
2026/09/25 10:26:32.813, 757 MiB, 68 %, 77, 2460 MHz, 64.38 W, 0x0000000000000000
2026/09/25 10:26:34.820, 757 MiB, 67 %, 78, 2460 MHz, 63.76 W, 0x0000000000000000
2026/09/25 10:26:36.831, 757 MiB, 67 %, 78, 2460 MHz, 64.41 W, 0x0000000000000000
2026/09/25 10:26:38.841, 757 MiB, 65 %, 77, 2460 MHz, 63.39 W, 0x0000000000000000
2026/09/25 10:26:40.844, 757 MiB, 68 %, 78, 2460 MHz, 64.17 W, 0x0000000000000000
2026/09/25 10:26:42.849, 757 MiB, 64 %, 77, 2460 MHz, 61.80 W, 0x0000000000000000
2026/09/25 10:26:44.859, 757 MiB, 63 %, 77, 2460 MHz, 61.74 W, 0x0000000000000000
2026/09/25 10:26:46.862, 757 MiB, 64 %, 77, 2460 MHz, 60.61 W, 0x0000000000000000
2026/09/25 10:26:48.876, 757 MiB, 57 %, 76, 2460 MHz, 61.44 W, 0x0000000000000000
2026/09/25 10:26:50.890, 757 MiB, 64 %, 77, 2460 MHz, 61.65 W, 0x0000000000000000
2026/09/25 10:26:52.894, 757 MiB, 63 %, 77, 2460 MHz, 62.00 W, 0x0000000000000000
2026/09/25 10:26:54.904, 757 MiB, 68 %, 78, 2460 MHz, 64.79 W, 0x0000000000000000
2026/09/25 10:26:56.907, 757 MiB, 65 %, 78, 2460 MHz, 63.06 W, 0x0000000000000000
2026/09/25 10:26:58.921, 757 MiB, 70 %, 78, 2460 MHz, 64.80 W, 0x0000000000000000
2026/09/25 10:27:00.927, 757 MiB, 67 %, 78, 2460 MHz, 64.58 W, 0x0000000000000000
2026/09/25 10:27:02.940, 757 MiB, 67 %, 77, 2445 MHz, 61.43 W, 0x0000000000000000
2026/09/25 10:27:04.941, 757 MiB, 63 %, 77, 2445 MHz, 61.72 W, 0x0000000000000000
2026/09/25 10:27:06.946, 757 MiB, 61 %, 78, 2445 MHz, 62.10 W, 0x0000000000000000
2026/09/25 10:27:08.948, 757 MiB, 64 %, 77, 2445 MHz, 61.69 W, 0x0000000000000000
2026/09/25 10:27:10.949, 757 MiB, 69 %, 78, 2445 MHz, 64.06 W, 0x0000000000000000
2026/09/25 10:27:12.954, 757 MiB, 70 %, 78, 2445 MHz, 64.75 W, 0x0000000000000000
2026/09/25 10:27:14.963, 757 MiB, 66 %, 79, 2430 MHz, 66.98 W, 0x0000000000000004
2026/09/25 10:27:16.973, 757 MiB, 67 %, 79, 2445 MHz, 64.67 W, 0x0000000000000000
2026/09/25 10:27:18.976, 757 MiB, 68 %, 79, 2445 MHz, 64.76 W, 0x0000000000000004
2026/09/25 10:27:20.992, 757 MiB, 63 %, 77, 2445 MHz, 62.58 W, 0x0000000000000000
2026/09/25 10:27:22.996, 757 MiB, 65 %, 78, 2445 MHz, 61.89 W, 0x0000000000000000
2026/09/25 10:27:25.011, 757 MiB, 68 %, 78, 2445 MHz, 64.06 W, 0x0000000000000000
2026/09/25 10:27:27.012, 757 MiB, 68 %, 79, 2430 MHz, 65.37 W, 0x0000000000000004
2026/09/25 10:27:29.015, 757 MiB, 70 %, 78, 2445 MHz, 64.52 W, 0x0000000000000000
2026/09/25 10:27:31.024, 757 MiB, 70 %, 78, 2445 MHz, 64.48 W, 0x0000000000000004
2026/09/25 10:27:33.034, 757 MiB, 67 %, 79, 2445 MHz, 64.04 W, 0x0000000000000000
2026/09/25 10:27:35.049, 757 MiB, 68 %, 78, 2445 MHz, 63.88 W, 0x0000000000000000
2026/09/25 10:27:37.051, 757 MiB, 69 %, 78, 2445 MHz, 64.86 W, 0x0000000000000004
2026/09/25 10:27:39.064, 757 MiB, 64 %, 79, 2445 MHz, 64.40 W, 0x0000000000000000
2026/09/25 10:27:41.065, 757 MiB, 67 %, 79, 2445 MHz, 65.14 W, 0x0000000000000000
2026/09/25 10:27:43.068, 757 MiB, 70 %, 78, 2445 MHz, 65.06 W, 0x0000000000000000
2026/09/25 10:27:45.071, 757 MiB, 65 %, 78, 2445 MHz, 64.84 W, 0x0000000000000000
2026/09/25 10:27:47.074, 757 MiB, 63 %, 77, 2445 MHz, 62.67 W, 0x0000000000000000
2026/09/25 10:27:49.078, 757 MiB, 65 %, 78, 2445 MHz, 62.05 W, 0x0000000000000004
2026/09/25 10:27:51.079, 757 MiB, 64 %, 78, 2445 MHz, 61.74 W, 0x0000000000000000
2026/09/25 10:27:53.091, 757 MiB, 64 %, 78, 2445 MHz, 62.58 W, 0x0000000000000000
2026/09/25 10:27:55.092, 757 MiB, 64 %, 78, 2445 MHz, 62.41 W, 0x0000000000000000
2026/09/25 10:27:57.095, 757 MiB, 68 %, 78, 2445 MHz, 64.12 W, 0x0000000000000000
2026/09/25 10:27:59.108, 757 MiB, 69 %, 78, 2445 MHz, 63.32 W, 0x0000000000000000
2026/09/25 10:28:01.116, 757 MiB, 67 %, 78, 2430 MHz, 64.45 W, 0x0000000000000000
2026/09/25 10:28:03.117, 757 MiB, 68 %, 78, 2445 MHz, 64.48 W, 0x0000000000000000
2026/09/25 10:28:05.120, 757 MiB, 66 %, 79, 2445 MHz, 64.67 W, 0x0000000000000000
2026/09/25 10:28:07.126, 757 MiB, 69 %, 79, 2445 MHz, 64.03 W, 0x0000000000000004
2026/09/25 10:28:09.128, 757 MiB, 67 %, 79, 2445 MHz, 64.75 W, 0x0000000000000000
2026/09/25 10:28:11.133, 757 MiB, 69 %, 78, 2445 MHz, 63.96 W, 0x0000000000000000
2026/09/25 10:28:13.147, 757 MiB, 68 %, 78, 2445 MHz, 64.52 W, 0x0000000000000000
2026/09/25 10:28:15.154, 757 MiB, 70 %, 78, 2445 MHz, 64.86 W, 0x0000000000000000
2026/09/25 10:28:17.168, 757 MiB, 69 %, 78, 2445 MHz, 64.53 W, 0x0000000000000004
2026/09/25 10:28:19.174, 757 MiB, 66 %, 78, 2445 MHz, 63.97 W, 0x0000000000000000
2026/09/25 10:28:21.176, 757 MiB, 62 %, 78, 2445 MHz, 61.24 W, 0x0000000000000000
2026/09/25 10:28:23.190, 757 MiB, 65 %, 78, 2445 MHz, 62.91 W, 0x0000000000000000
2026/09/25 10:28:25.195, 757 MiB, 67 %, 79, 2445 MHz, 64.81 W, 0x0000000000000000
2026/09/25 10:28:27.205, 757 MiB, 65 %, 77, 2415 MHz, 58.62 W, 0x0000000000000004
2026/09/25 10:28:29.210, 757 MiB, 61 %, 78, 2445 MHz, 63.13 W, 0x0000000000000004
2026/09/25 10:28:31.225, 757 MiB, 60 %, 78, 2445 MHz, 63.04 W, 0x0000000000000000
2026/09/25 10:28:33.229, 757 MiB, 68 %, 78, 2445 MHz, 63.88 W, 0x0000000000000000
2026/09/25 10:28:35.243, 757 MiB, 67 %, 78, 2445 MHz, 61.12 W, 0x0000000000000000
2026/09/25 10:28:37.250, 757 MiB, 68 %, 78, 2445 MHz, 61.38 W, 0x0000000000000004
2026/09/25 10:28:39.265, 757 MiB, 53 %, 77, 2445 MHz, 61.64 W, 0x0000000000000000
2026/09/25 10:28:41.268, 757 MiB, 46 %, 74, 2445 MHz, 50.06 W, 0x0000000000000000
2026/09/25 10:28:43.269, 757 MiB, 41 %, 76, 2460 MHz, 49.26 W, 0x0000000000000000
2026/09/25 10:28:45.270, 757 MiB, 55 %, 73, 2460 MHz, 49.46 W, 0x0000000000000000
2026/09/25 10:28:47.279, 757 MiB, 48 %, 74, 2460 MHz, 48.21 W, 0x0000000000000000
2026/09/25 10:28:49.280, 757 MiB, 54 %, 73, 2460 MHz, 49.67 W, 0x0000000000000000
2026/09/25 10:28:51.283, 757 MiB, 42 %, 73, 2460 MHz, 46.16 W, 0x0000000000000000
2026/09/25 10:28:53.288, 757 MiB, 46 %, 73, 2460 MHz, 46.83 W, 0x0000000000000000
2026/09/25 10:28:55.290, 757 MiB, 47 %, 74, 2460 MHz, 45.95 W, 0x0000000000000000
2026/09/25 10:28:57.305, 757 MiB, 41 %, 73, 2460 MHz, 44.71 W, 0x0000000000000000
2026/09/25 10:28:59.317, 757 MiB, 46 %, 73, 2460 MHz, 44.20 W, 0x0000000000000000
2026/09/25 10:29:01.324, 757 MiB, 44 %, 72, 2460 MHz, 44.25 W, 0x0000000000000000
2026/09/25 10:29:03.330, 757 MiB, 38 %, 70, 2460 MHz, 44.13 W, 0x0000000000000000
2026/09/25 10:29:05.343, 757 MiB, 51 %, 72, 2460 MHz, 44.09 W, 0x0000000000000000
2026/09/25 10:29:07.358, 757 MiB, 41 %, 71, 2460 MHz, 43.65 W, 0x0000000000000000
2026/09/25 10:29:09.366, 757 MiB, 50 %, 71, 2460 MHz, 45.26 W, 0x0000000000000000
2026/09/25 10:29:11.379, 757 MiB, 47 %, 71, 2460 MHz, 45.46 W, 0x0000000000000000
2026/09/25 10:29:13.393, 757 MiB, 38 %, 71, 2460 MHz, 44.30 W, 0x0000000000000000
2026/09/25 10:29:15.394, 757 MiB, 40 %, 71, 2460 MHz, 44.91 W, 0x0000000000000000
2026/09/25 10:29:17.396, 757 MiB, 34 %, 71, 2460 MHz, 43.38 W, 0x0000000000000000
2026/09/25 10:29:19.405, 757 MiB, 40 %, 70, 2460 MHz, 43.94 W, 0x0000000000000000
2026/09/25 10:29:21.407, 757 MiB, 46 %, 69, 2460 MHz, 43.98 W, 0x0000000000000000
2026/09/25 10:29:23.410, 757 MiB, 40 %, 70, 2460 MHz, 43.60 W, 0x0000000000000000
2026/09/25 10:29:25.421, 757 MiB, 40 %, 70, 2460 MHz, 43.90 W, 0x0000000000000000
2026/09/25 10:29:27.423, 757 MiB, 42 %, 69, 2460 MHz, 43.12 W, 0x0000000000000000
2026/09/25 10:29:29.429, 757 MiB, 34 %, 69, 2460 MHz, 44.12 W, 0x0000000000000000
2026/09/25 10:29:31.432, 757 MiB, 39 %, 68, 2460 MHz, 43.38 W, 0x0000000000000000
2026/09/25 10:29:33.434, 757 MiB, 46 %, 69, 2460 MHz, 43.64 W, 0x0000000000000000
2026/09/25 10:29:35.439, 757 MiB, 40 %, 69, 2460 MHz, 43.60 W, 0x0000000000000000
2026/09/25 10:29:37.442, 757 MiB, 37 %, 69, 2460 MHz, 42.80 W, 0x0000000000000000
2026/09/25 10:29:39.445, 757 MiB, 40 %, 68, 2460 MHz, 41.22 W, 0x0000000000000000
2026/09/25 10:29:41.449, 757 MiB, 40 %, 67, 2340 MHz, 38.37 W, 0x0000000000000001
2026/09/25 10:29:43.452, 757 MiB, 42 %, 67, 2385 MHz, 37.38 W, 0x0000000000000001
2026/09/25 10:29:45.456, 757 MiB, 42 %, 67, 2340 MHz, 37.71 W, 0x0000000000000001
2026/09/25 10:29:47.459, 757 MiB, 40 %, 68, 2430 MHz, 40.58 W, 0x0000000000000001
2026/09/25 10:29:49.462, 757 MiB, 36 %, 67, 2445 MHz, 39.51 W, 0x0000000000000001
2026/09/25 10:29:51.476, 757 MiB, 42 %, 65, 2280 MHz, 35.65 W, 0x0000000000000001
2026/09/25 10:29:53.490, 757 MiB, 41 %, 65, 2310 MHz, 34.74 W, 0x0000000000000001
2026/09/25 10:29:55.495, 757 MiB, 33 %, 65, 2175 MHz, 36.59 W, 0x0000000000000001
2026/09/25 10:29:57.496, 757 MiB, 36 %, 65, 2250 MHz, 32.51 W, 0x0000000000000001
2026/09/25 10:29:59.501, 757 MiB, 36 %, 64, 2085 MHz, 29.61 W, 0x0000000000000001
2026/09/25 10:30:01.504, 757 MiB, 42 %, 64, 2220 MHz, 30.77 W, 0x0000000000000001
2026/09/25 10:30:03.509, 757 MiB, 39 %, 64, 2265 MHz, 33.02 W, 0x0000000000000001
2026/09/25 10:30:05.520, 757 MiB, 38 %, 64, 2160 MHz, 30.12 W, 0x0000000000000001
2026/09/25 10:30:07.528, 757 MiB, 42 %, 63, 2175 MHz, 30.90 W, 0x0000000000000001
2026/09/25 10:30:09.537, 757 MiB, 39 %, 63, 2040 MHz, 29.48 W, 0x0000000000000001
2026/09/25 10:30:11.552, 757 MiB, 39 %, 62, 2160 MHz, 29.50 W, 0x0000000000000001
2026/09/25 10:30:13.556, 757 MiB, 31 %, 63, 2220 MHz, 30.95 W, 0x0000000000000001
2026/09/25 10:30:15.561, 757 MiB, 37 %, 63, 2250 MHz, 32.18 W, 0x0000000000000001
2026/09/25 10:30:17.562, 757 MiB, 40 %, 62, 2070 MHz, 29.20 W, 0x0000000000000001
2026/09/25 10:30:19.569, 757 MiB, 39 %, 62, 1995 MHz, 27.75 W, 0x0000000000000001
2026/09/25 10:30:21.577, 757 MiB, 39 %, 61, 1905 MHz, 24.69 W, 0x0000000000000001
2026/09/25 10:30:23.588, 757 MiB, 37 %, 60, 1890 MHz, 24.24 W, 0x0000000000000001
2026/09/25 10:30:25.592, 757 MiB, 34 %, 60, 1860 MHz, 23.27 W, 0x0000000000000001
2026/09/25 10:30:27.608, 757 MiB, 35 %, 59, 1620 MHz, 20.24 W, 0x0000000000000001
2026/09/25 10:30:29.611, 757 MiB, 38 %, 59, 1470 MHz, 18.62 W, 0x0000000000000001
2026/09/25 10:30:31.613, 757 MiB, 37 %, 58, 1500 MHz, 18.51 W, 0x0000000000000001
2026/09/25 10:30:33.619, 757 MiB, 35 %, 58, 1440 MHz, 17.69 W, 0x0000000000000001
2026/09/25 10:30:35.621, 757 MiB, 39 %, 57, 1350 MHz, 13.63 W, 0x0000000000000001
2026/09/25 10:30:37.637, 757 MiB, 43 %, 56, 870 MHz, 12.05 W, 0x0000000000000001
2026/09/25 10:30:39.642, 757 MiB, 34 %, 55, 660 MHz, 10.85 W, 0x0000000000000001
2026/09/25 10:30:41.645, 757 MiB, 45 %, 55, 345 MHz, 9.45 W, 0x0000000000000001
2026/09/25 10:30:43.648, 757 MiB, 44 %, 54, 315 MHz, 7.49 W, 0x0000000000000001
2026/09/25 10:30:45.653, 757 MiB, 46 %, 54, 315 MHz, 7.43 W, 0x0000000000000001
2026/09/25 10:30:47.656, 757 MiB, 43 %, 54, 375 MHz, 7.56 W, 0x0000000000000001
2026/09/25 10:30:49.671, 757 MiB, 45 %, 53, 345 MHz, 7.50 W, 0x0000000000000001
2026/09/25 10:30:51.680, 757 MiB, 53 %, 53, 300 MHz, 7.42 W, 0x0000000000000001
2026/09/25 10:30:53.688, 757 MiB, 45 %, 53, 315 MHz, 7.53 W, 0x0000000000000001
2026/09/25 10:30:55.702, 757 MiB, 50 %, 53, 285 MHz, 7.48 W, 0x0000000000000001
2026/09/25 10:30:57.708, 757 MiB, 52 %, 53, 300 MHz, 7.37 W, 0x0000000000000001
2026/09/25 10:30:59.722, 757 MiB, 44 %, 52, 330 MHz, 7.09 W, 0x0000000000000001
2026/09/25 10:31:01.734, 757 MiB, 45 %, 52, 330 MHz, 7.43 W, 0x0000000000000001
2026/09/25 10:31:03.750, 757 MiB, 51 %, 52, 330 MHz, 7.46 W, 0x0000000000000001
2026/09/25 10:31:05.761, 757 MiB, 51 %, 52, 285 MHz, 7.28 W, 0x0000000000000001
2026/09/25 10:31:07.764, 757 MiB, 47 %, 52, 345 MHz, 7.53 W, 0x0000000000000001
2026/09/25 10:31:09.770, 757 MiB, 42 %, 51, 360 MHz, 7.51 W, 0x0000000000000001
2026/09/25 10:31:11.775, 757 MiB, 46 %, 51, 330 MHz, 7.50 W, 0x0000000000000001
2026/09/25 10:31:13.781, 757 MiB, 49 %, 51, 315 MHz, 7.41 W, 0x0000000000000001
2026/09/25 10:31:15.794, 757 MiB, 52 %, 51, 270 MHz, 7.34 W, 0x0000000000000001
2026/09/25 10:31:17.797, 757 MiB, 52 %, 51, 345 MHz, 7.41 W, 0x0000000000000001
2026/09/25 10:31:19.802, 757 MiB, 50 %, 51, 330 MHz, 7.36 W, 0x0000000000000001
2026/09/25 10:31:21.805, 757 MiB, 43 %, 50, 345 MHz, 7.38 W, 0x0000000000000001
2026/09/25 10:31:23.811, 757 MiB, 42 %, 50, 390 MHz, 7.42 W, 0x0000000000000001
2026/09/25 10:31:25.826, 757 MiB, 53 %, 50, 300 MHz, 7.39 W, 0x0000000000000001
2026/09/25 10:31:27.831, 757 MiB, 53 %, 50, 300 MHz, 7.35 W, 0x0000000000000001
2026/09/25 10:31:29.834, 757 MiB, 46 %, 50, 390 MHz, 7.59 W, 0x0000000000000001
2026/09/25 10:31:31.837, 757 MiB, 53 %, 50, 315 MHz, 7.44 W, 0x0000000000000001
2026/09/25 10:31:33.840, 757 MiB, 49 %, 50, 345 MHz, 7.44 W, 0x0000000000000001
2026/09/25 10:31:35.843, 757 MiB, 54 %, 49, 300 MHz, 7.31 W, 0x0000000000000001
2026/09/25 10:31:37.846, 757 MiB, 47 %, 49, 360 MHz, 7.45 W, 0x0000000000000001
2026/09/25 10:31:39.854, 757 MiB, 52 %, 49, 300 MHz, 7.36 W, 0x0000000000000001
2026/09/25 10:31:41.855, 757 MiB, 51 %, 49, 300 MHz, 7.37 W, 0x0000000000000001
2026/09/25 10:31:43.858, 757 MiB, 46 %, 49, 330 MHz, 7.35 W, 0x0000000000000001
2026/09/25 10:31:45.863, 757 MiB, 46 %, 49, 315 MHz, 7.37 W, 0x0000000000000001
2026/09/25 10:31:47.866, 757 MiB, 48 %, 49, 300 MHz, 7.30 W, 0x0000000000000001
2026/09/25 10:31:49.868, 1493 MiB, 0 %, 49, 2130 MHz, 10.79 W, 0x0000000000000001
2026/09/25 10:31:51.873, 2807 MiB, 0 %, 49, 420 MHz, 13.52 W, 0x0000000000000001
2026/09/25 10:31:53.888, 2903 MiB, 0 %, 51, 2475 MHz, 22.38 W, 0x0000000000000000
2026/09/25 10:31:55.892, 2935 MiB, 52 %, 56, 2460 MHz, 60.05 W, 0x0000000000000000
2026/09/25 10:31:57.896, 2935 MiB, 80 %, 61, 2460 MHz, 60.73 W, 0x0000000000000000
2026/09/25 10:31:59.898, 2935 MiB, 82 %, 60, 2460 MHz, 53.21 W, 0x0000000000000000
2026/09/25 10:32:01.906, 2935 MiB, 78 %, 61, 2460 MHz, 61.44 W, 0x0000000000000000
2026/09/25 10:32:03.921, 2935 MiB, 81 %, 62, 2430 MHz, 61.29 W, 0x0000000000000004
2026/09/25 10:32:05.925, 2935 MiB, 53 %, 61, 2460 MHz, 61.45 W, 0x0000000000000000
2026/09/25 10:32:07.927, 2935 MiB, 80 %, 63, 2430 MHz, 61.70 W, 0x0000000000000004
2026/09/25 10:32:09.930, 2935 MiB, 54 %, 62, 2460 MHz, 61.84 W, 0x0000000000000004
2026/09/25 10:32:11.934, 2935 MiB, 80 %, 65, 2400 MHz, 61.64 W, 0x0000000000000004
2026/09/25 10:32:13.937, 2935 MiB, 58 %, 64, 2295 MHz, 62.53 W, 0x0000000000000000
2026/09/25 10:32:15.943, 2935 MiB, 81 %, 66, 2460 MHz, 62.08 W, 0x0000000000000004
2026/09/25 10:32:17.953, 2935 MiB, 59 %, 66, 2460 MHz, 62.39 W, 0x0000000000000000
2026/09/25 10:32:19.965, 2935 MiB, 83 %, 66, 2460 MHz, 62.06 W, 0x0000000000000004
2026/09/25 10:32:21.978, 2935 MiB, 69 %, 67, 2460 MHz, 63.13 W, 0x0000000000000000
2026/09/25 10:32:23.990, 2935 MiB, 81 %, 67, 2460 MHz, 61.96 W, 0x0000000000000004
2026/09/25 10:32:26.001, 2935 MiB, 81 %, 68, 2460 MHz, 63.98 W, 0x0000000000000004
2026/09/25 10:32:28.002, 2935 MiB, 80 %, 68, 2460 MHz, 62.35 W, 0x0000000000000000
2026/09/25 10:32:30.010, 2935 MiB, 81 %, 69, 2445 MHz, 63.60 W, 0x0000000000000004
2026/09/25 10:32:32.015, 2935 MiB, 81 %, 70, 2430 MHz, 62.80 W, 0x0000000000000004
2026/09/25 10:32:34.030, 2935 MiB, 81 %, 69, 2460 MHz, 63.51 W, 0x0000000000000004
2026/09/25 10:32:36.032, 2935 MiB, 80 %, 69, 2460 MHz, 63.00 W, 0x0000000000000004
2026/09/25 10:32:38.040, 2935 MiB, 80 %, 69, 2400 MHz, 62.50 W, 0x0000000000000004
2026/09/25 10:32:40.047, 2935 MiB, 83 %, 70, 2460 MHz, 63.20 W, 0x0000000000000000
2026/09/25 10:32:42.061, 2935 MiB, 79 %, 70, 2400 MHz, 62.82 W, 0x0000000000000004
2026/09/25 10:32:44.062, 2935 MiB, 71 %, 71, 2460 MHz, 61.81 W, 0x0000000000000004
2026/09/25 10:32:46.069, 2935 MiB, 81 %, 71, 2445 MHz, 63.09 W, 0x0000000000000004
2026/09/25 10:32:48.074, 3095 MiB, 65 %, 71, 2460 MHz, 39.05 W, 0x0000000000000000
2026/09/25 10:32:50.089, 3095 MiB, 56 %, 73, 2460 MHz, 64.16 W, 0x0000000000000004
2026/09/25 10:32:52.092, 3095 MiB, 67 %, 72, 2445 MHz, 62.15 W, 0x0000000000000004
2026/09/25 10:32:54.095, 3095 MiB, 64 %, 73, 2460 MHz, 60.92 W, 0x0000000000000000
2026/09/25 10:32:56.109, 3095 MiB, 57 %, 73, 2460 MHz, 62.65 W, 0x0000000000000000
2026/09/25 10:32:58.118, 3095 MiB, 52 %, 73, 2235 MHz, 60.82 W, 0x0000000000000000
2026/09/25 10:33:00.125, 3095 MiB, 67 %, 74, 2445 MHz, 60.81 W, 0x0000000000000000
2026/09/25 10:33:02.126, 3095 MiB, 61 %, 73, 2460 MHz, 60.10 W, 0x0000000000000000
2026/09/25 10:33:04.129, 3095 MiB, 55 %, 73, 2460 MHz, 60.72 W, 0x0000000000000004
2026/09/25 10:33:06.140, 3095 MiB, 49 %, 73, 2460 MHz, 60.20 W, 0x0000000000000000
2026/09/25 10:33:08.148, 3095 MiB, 58 %, 74, 2445 MHz, 61.62 W, 0x0000000000000000
2026/09/25 10:33:10.157, 3095 MiB, 67 %, 75, 2460 MHz, 60.72 W, 0x0000000000000000
2026/09/25 10:33:12.162, 3351 MiB, 72 %, 75, 2460 MHz, 62.24 W, 0x0000000000000004
2026/09/25 10:33:14.165, 3351 MiB, 55 %, 74, 2370 MHz, 60.49 W, 0x0000000000000000
2026/09/25 10:33:16.176, 3351 MiB, 56 %, 75, 2460 MHz, 60.32 W, 0x0000000000000004
2026/09/25 10:33:18.182, 3351 MiB, 61 %, 73, 2460 MHz, 60.72 W, 0x0000000000000000
2026/09/25 10:33:20.186, 3351 MiB, 54 %, 75, 2460 MHz, 59.48 W, 0x0000000000000004
2026/09/25 10:33:22.188, 3351 MiB, 62 %, 75, 2460 MHz, 60.03 W, 0x0000000000000000
2026/09/25 10:33:24.191, 3351 MiB, 61 %, 75, 2460 MHz, 60.67 W, 0x0000000000000000
2026/09/25 10:33:26.196, 3351 MiB, 66 %, 76, 2460 MHz, 61.74 W, 0x0000000000000000
2026/09/25 10:33:28.199, 3351 MiB, 58 %, 74, 2460 MHz, 60.08 W, 0x0000000000000000
2026/09/25 10:33:30.202, 3351 MiB, 53 %, 74, 2460 MHz, 58.25 W, 0x0000000000000000
2026/09/25 10:33:32.217, 3351 MiB, 61 %, 74, 2460 MHz, 59.32 W, 0x0000000000000000
2026/09/25 10:33:34.222, 3351 MiB, 63 %, 75, 2460 MHz, 59.84 W, 0x0000000000000000
2026/09/25 10:33:36.234, 3351 MiB, 45 %, 75, 2460 MHz, 59.60 W, 0x0000000000000000
2026/09/25 10:33:38.247, 3351 MiB, 64 %, 75, 2415 MHz, 58.99 W, 0x0000000000000000
2026/09/25 10:33:40.249, 3351 MiB, 50 %, 74, 2460 MHz, 57.16 W, 0x0000000000000000
2026/09/25 10:33:42.252, 3351 MiB, 52 %, 74, 2460 MHz, 56.67 W, 0x0000000000000000
2026/09/25 10:33:44.257, 3351 MiB, 45 %, 72, 2460 MHz, 54.05 W, 0x0000000000000000
2026/09/25 10:33:46.261, 3351 MiB, 57 %, 74, 2460 MHz, 55.40 W, 0x0000000000000000
2026/09/25 10:33:48.262, 3351 MiB, 60 %, 74, 2460 MHz, 54.89 W, 0x0000000000000000
2026/09/25 10:33:50.268, 3351 MiB, 49 %, 73, 2460 MHz, 52.65 W, 0x0000000000000000
2026/09/25 10:33:52.272, 3351 MiB, 56 %, 73, 2460 MHz, 54.56 W, 0x0000000000000000
2026/09/25 10:33:54.286, 3351 MiB, 54 %, 74, 2460 MHz, 54.72 W, 0x0000000000000000
2026/09/25 10:33:56.290, 3351 MiB, 54 %, 74, 2460 MHz, 54.81 W, 0x0000000000000000
2026/09/25 10:33:58.294, 3351 MiB, 46 %, 73, 2460 MHz, 53.65 W, 0x0000000000000000
2026/09/25 10:34:00.295, 3351 MiB, 49 %, 73, 2460 MHz, 51.98 W, 0x0000000000000000
2026/09/25 10:34:02.299, 3351 MiB, 51 %, 73, 2460 MHz, 53.56 W, 0x0000000000000000
2026/09/25 10:34:04.304, 3351 MiB, 60 %, 75, 2460 MHz, 54.55 W, 0x0000000000000000
2026/09/25 10:34:06.312, 3351 MiB, 38 %, 74, 2460 MHz, 54.13 W, 0x0000000000000000
2026/09/25 10:34:08.325, 3351 MiB, 59 %, 73, 2460 MHz, 52.38 W, 0x0000000000000000
2026/09/25 10:34:10.328, 3351 MiB, 58 %, 73, 2460 MHz, 52.64 W, 0x0000000000000000
2026/09/25 10:34:12.332, 3351 MiB, 38 %, 73, 2460 MHz, 52.66 W, 0x0000000000000000
2026/09/25 10:34:14.340, 3351 MiB, 41 %, 73, 2460 MHz, 53.61 W, 0x0000000000000000
2026/09/25 10:34:16.341, 3351 MiB, 59 %, 73, 2460 MHz, 53.04 W, 0x0000000000000000
2026/09/25 10:34:18.342, 3351 MiB, 55 %, 73, 2460 MHz, 52.81 W, 0x0000000000000000
2026/09/25 10:34:20.350, 3351 MiB, 52 %, 73, 2460 MHz, 51.43 W, 0x0000000000000000
2026/09/25 10:34:22.357, 3351 MiB, 59 %, 73, 2460 MHz, 52.72 W, 0x0000000000000000
2026/09/25 10:34:24.360, 3351 MiB, 51 %, 73, 2460 MHz, 53.51 W, 0x0000000000000000
2026/09/25 10:34:26.375, 3351 MiB, 51 %, 72, 2460 MHz, 51.41 W, 0x0000000000000000
2026/09/25 10:34:28.390, 3351 MiB, 52 %, 72, 2460 MHz, 51.89 W, 0x0000000000000000
2026/09/25 10:34:30.396, 3351 MiB, 60 %, 74, 2460 MHz, 53.32 W, 0x0000000000000000
2026/09/25 10:34:32.401, 3351 MiB, 58 %, 73, 2460 MHz, 51.12 W, 0x0000000000000000
2026/09/25 10:34:34.409, 3351 MiB, 53 %, 73, 2460 MHz, 52.29 W, 0x0000000000000000
2026/09/25 10:34:36.416, 3351 MiB, 46 %, 72, 2460 MHz, 51.32 W, 0x0000000000000000
2026/09/25 10:34:38.429, 3351 MiB, 55 %, 72, 2460 MHz, 50.10 W, 0x0000000000000000
2026/09/25 10:34:40.432, 3351 MiB, 57 %, 73, 2460 MHz, 49.83 W, 0x0000000000000000
2026/09/25 10:34:42.437, 3351 MiB, 47 %, 72, 2460 MHz, 50.58 W, 0x0000000000000000
2026/09/25 10:34:44.440, 3351 MiB, 43 %, 72, 2460 MHz, 51.08 W, 0x0000000000000000
2026/09/25 10:34:46.443, 3351 MiB, 54 %, 72, 2460 MHz, 50.28 W, 0x0000000000000000
2026/09/25 10:34:48.449, 3351 MiB, 57 %, 72, 2460 MHz, 50.06 W, 0x0000000000000000
2026/09/25 10:34:50.464, 3351 MiB, 57 %, 71, 2460 MHz, 48.52 W, 0x0000000000000000
2026/09/25 10:34:52.476, 3351 MiB, 52 %, 71, 2460 MHz, 47.60 W, 0x0000000000000000
2026/09/25 10:34:54.480, 3351 MiB, 52 %, 70, 2460 MHz, 46.29 W, 0x0000000000000000
2026/09/25 10:34:56.484, 3351 MiB, 44 %, 71, 2460 MHz, 46.83 W, 0x0000000000000000
2026/09/25 10:34:58.492, 3351 MiB, 48 %, 69, 2460 MHz, 46.74 W, 0x0000000000000000
2026/09/25 10:35:00.504, 3351 MiB, 48 %, 70, 2460 MHz, 47.01 W, 0x0000000000000000
2026/09/25 10:35:02.508, 3351 MiB, 43 %, 71, 2460 MHz, 46.60 W, 0x0000000000000000
2026/09/25 10:35:04.515, 3351 MiB, 49 %, 71, 2460 MHz, 45.13 W, 0x0000000000000000
2026/09/25 10:35:06.516, 3351 MiB, 43 %, 69, 2460 MHz, 41.76 W, 0x0000000000000000
2026/09/25 10:35:08.518, 3351 MiB, 41 %, 69, 2460 MHz, 43.50 W, 0x0000000000000000
2026/09/25 10:35:10.521, 3351 MiB, 50 %, 69, 2460 MHz, 42.30 W, 0x0000000000000000
2026/09/25 10:35:12.524, 3351 MiB, 40 %, 70, 2460 MHz, 42.16 W, 0x0000000000000000
2026/09/25 10:35:14.528, 3351 MiB, 46 %, 68, 2460 MHz, 42.12 W, 0x0000000000000000
2026/09/25 10:35:16.531, 3351 MiB, 48 %, 68, 2460 MHz, 42.68 W, 0x0000000000000000
2026/09/25 10:35:18.532, 3351 MiB, 42 %, 68, 2460 MHz, 42.05 W, 0x0000000000000000
2026/09/25 10:35:20.552, 3351 MiB, 47 %, 68, 2460 MHz, 41.56 W, 0x0000000000000000
2026/09/25 10:35:22.563, 3351 MiB, 48 %, 68, 2460 MHz, 41.61 W, 0x0000000000000000
2026/09/25 10:35:24.563, 3351 MiB, 40 %, 67, 2460 MHz, 39.24 W, 0x0000000000000000
2026/09/25 10:35:26.579, 3351 MiB, 48 %, 68, 2460 MHz, 39.34 W, 0x0000000000000000
2026/09/25 10:35:28.581, 3351 MiB, 41 %, 67, 2460 MHz, 38.68 W, 0x0000000000000000
2026/09/25 10:35:30.593, 3351 MiB, 40 %, 67, 2460 MHz, 38.27 W, 0x0000000000000000
2026/09/25 10:35:32.601, 3351 MiB, 41 %, 66, 2460 MHz, 39.38 W, 0x0000000000000000
2026/09/25 10:35:34.607, 3351 MiB, 30 %, 66, 2460 MHz, 37.03 W, 0x0000000000000000
2026/09/25 10:35:36.610, 3351 MiB, 33 %, 65, 2460 MHz, 34.83 W, 0x0000000000000000
2026/09/25 10:35:38.624, 3351 MiB, 40 %, 66, 2460 MHz, 36.84 W, 0x0000000000000000
2026/09/25 10:35:40.632, 3351 MiB, 39 %, 66, 2460 MHz, 36.69 W, 0x0000000000000000
2026/09/25 10:35:42.647, 3351 MiB, 44 %, 66, 2460 MHz, 37.36 W, 0x0000000000000000
2026/09/25 10:35:44.652, 3351 MiB, 36 %, 66, 2460 MHz, 36.55 W, 0x0000000000000000
2026/09/25 10:35:46.656, 3351 MiB, 30 %, 63, 2130 MHz, 30.60 W, 0x0000000000000001
2026/09/25 10:35:48.664, 3351 MiB, 37 %, 62, 1830 MHz, 21.73 W, 0x0000000000000001
2026/09/25 10:35:50.677, 3351 MiB, 35 %, 61, 1665 MHz, 19.52 W, 0x0000000000000001
2026/09/25 10:35:52.691, 3351 MiB, 29 %, 61, 1800 MHz, 20.46 W, 0x0000000000000001
2026/09/25 10:35:54.698, 3351 MiB, 30 %, 60, 1815 MHz, 20.81 W, 0x0000000000000001
2026/09/25 10:35:56.699, 3351 MiB, 36 %, 60, 1695 MHz, 19.05 W, 0x0000000000000001
2026/09/25 10:35:58.707, 3351 MiB, 39 %, 60, 1605 MHz, 19.11 W, 0x0000000000000001
2026/09/25 10:36:00.719, 3351 MiB, 35 %, 59, 1650 MHz, 18.97 W, 0x0000000000000001
2026/09/25 10:36:02.725, 3351 MiB, 35 %, 59, 1680 MHz, 18.55 W, 0x0000000000000001
2026/09/25 10:36:04.734, 3351 MiB, 41 %, 59, 1710 MHz, 20.12 W, 0x0000000000000001
2026/09/25 10:36:06.746, 3351 MiB, 33 %, 59, 1785 MHz, 20.36 W, 0x0000000000000001
2026/09/25 10:36:08.750, 3351 MiB, 36 %, 58, 1500 MHz, 17.39 W, 0x0000000000000001
2026/09/25 10:36:10.751, 3351 MiB, 38 %, 57, 1380 MHz, 15.56 W, 0x0000000000000001
2026/09/25 10:36:12.757, 3351 MiB, 39 %, 56, 1260 MHz, 13.07 W, 0x0000000000000001
2026/09/25 10:36:14.759, 3351 MiB, 39 %, 56, 570 MHz, 12.03 W, 0x0000000000000001
2026/09/25 10:36:16.762, 3351 MiB, 55 %, 55, 720 MHz, 12.24 W, 0x0000000000000001
2026/09/25 10:36:18.765, 3351 MiB, 56 %, 55, 435 MHz, 11.98 W, 0x0000000000000001
2026/09/25 10:36:20.768, 3351 MiB, 44 %, 55, 450 MHz, 11.72 W, 0x0000000000000001
2026/09/25 10:36:22.779, 3351 MiB, 58 %, 54, 435 MHz, 11.93 W, 0x0000000000000001
2026/09/25 10:36:24.782, 3351 MiB, 45 %, 54, 555 MHz, 12.05 W, 0x0000000000000001
2026/09/25 10:36:26.794, 3351 MiB, 47 %, 54, 555 MHz, 12.22 W, 0x0000000000000001
2026/09/25 10:36:28.803, 3351 MiB, 55 %, 54, 465 MHz, 11.82 W, 0x0000000000000001
2026/09/25 10:36:30.803, 3351 MiB, 39 %, 53, 435 MHz, 11.74 W, 0x0000000000000001
2026/09/25 10:36:32.813, 3351 MiB, 59 %, 53, 540 MHz, 10.49 W, 0x0000000000000001
2026/09/25 10:36:34.828, 3351 MiB, 51 %, 53, 435 MHz, 11.11 W, 0x0000000000000001
2026/09/25 10:36:36.830, 3351 MiB, 54 %, 53, 540 MHz, 11.32 W, 0x0000000000000001
2026/09/25 10:36:38.845, 3351 MiB, 45 %, 53, 615 MHz, 12.04 W, 0x0000000000000001
2026/09/25 10:36:40.857, 3351 MiB, 46 %, 52, 480 MHz, 11.93 W, 0x0000000000000001
2026/09/25 10:36:42.858, 3351 MiB, 52 %, 52, 510 MHz, 11.79 W, 0x0000000000000001
2026/09/25 10:36:44.864, 3351 MiB, 48 %, 52, 420 MHz, 11.55 W, 0x0000000000000001
2026/09/25 10:36:46.874, 3351 MiB, 50 %, 52, 420 MHz, 11.20 W, 0x0000000000000001
2026/09/25 10:36:48.886, 3351 MiB, 52 %, 52, 480 MHz, 11.77 W, 0x0000000000000001
2026/09/25 10:36:50.889, 3351 MiB, 55 %, 52, 750 MHz, 12.11 W, 0x0000000000000001
2026/09/25 10:36:52.902, 3351 MiB, 48 %, 52, 735 MHz, 12.11 W, 0x0000000000000001
2026/09/25 10:36:54.907, 3351 MiB, 52 %, 51, 450 MHz, 11.34 W, 0x0000000000000001
2026/09/25 10:36:56.912, 3351 MiB, 48 %, 51, 540 MHz, 12.16 W, 0x0000000000000001
2026/09/25 10:36:58.915, 3351 MiB, 48 %, 51, 450 MHz, 11.78 W, 0x0000000000000001
2026/09/25 10:37:00.918, 3351 MiB, 45 %, 51, 765 MHz, 12.10 W, 0x0000000000000001
2026/09/25 10:37:02.922, 3351 MiB, 45 %, 51, 570 MHz, 11.24 W, 0x0000000000000001
2026/09/25 10:37:04.925, 3351 MiB, 44 %, 51, 480 MHz, 10.97 W, 0x0000000000000001
2026/09/25 10:37:06.937, 3351 MiB, 41 %, 50, 405 MHz, 11.70 W, 0x0000000000000001
2026/09/25 10:37:08.953, 3351 MiB, 42 %, 50, 495 MHz, 11.86 W, 0x0000000000000001
2026/09/25 10:37:10.964, 3351 MiB, 47 %, 50, 465 MHz, 11.59 W, 0x0000000000000001
2026/09/25 10:37:12.972, 3351 MiB, 47 %, 50, 510 MHz, 10.77 W, 0x0000000000000001
2026/09/25 10:37:14.986, 3351 MiB, 46 %, 50, 435 MHz, 11.87 W, 0x0000000000000001
2026/09/25 10:37:16.992, 3351 MiB, 36 %, 50, 465 MHz, 12.07 W, 0x0000000000000001
2026/09/25 10:37:18.994, 3351 MiB, 33 %, 50, 645 MHz, 12.08 W, 0x0000000000000001
2026/09/25 10:37:20.995, 3351 MiB, 41 %, 49, 435 MHz, 11.42 W, 0x0000000000000001
2026/09/25 10:37:22.998, 3351 MiB, 42 %, 49, 465 MHz, 11.69 W, 0x0000000000000001
2026/09/25 10:37:25.000, 3351 MiB, 42 %, 49, 420 MHz, 11.02 W, 0x0000000000000001
2026/09/25 10:37:27.006, 3351 MiB, 55 %, 49, 600 MHz, 11.24 W, 0x0000000000000001
2026/09/25 10:37:29.009, 3351 MiB, 48 %, 49, 420 MHz, 10.33 W, 0x0000000000000001
2026/09/25 10:37:31.013, 3351 MiB, 49 %, 49, 435 MHz, 10.10 W, 0x0000000000000001
2026/09/25 10:37:33.030, 3351 MiB, 44 %, 49, 465 MHz, 9.55 W, 0x0000000000000001
2026/09/25 10:37:35.033, 3351 MiB, 37 %, 49, 495 MHz, 10.09 W, 0x0000000000000001
2026/09/25 10:37:37.038, 3351 MiB, 43 %, 48, 345 MHz, 9.66 W, 0x0000000000000001
2026/09/25 10:37:39.039, 3351 MiB, 44 %, 48, 585 MHz, 9.96 W, 0x0000000000000001
2026/09/25 10:37:41.050, 3366 MiB, 48 %, 48, 405 MHz, 9.92 W, 0x0000000000000001
2026/09/25 10:37:43.060, 3366 MiB, 41 %, 48, 465 MHz, 10.49 W, 0x0000000000000001
2026/09/25 10:37:45.076, 3366 MiB, 55 %, 48, 465 MHz, 9.45 W, 0x0000000000000001
2026/09/25 10:37:47.076, 3366 MiB, 55 %, 48, 435 MHz, 8.79 W, 0x0000000000000001
2026/09/25 10:37:49.091, 3366 MiB, 54 %, 48, 435 MHz, 9.13 W, 0x0000000000000001
2026/09/25 10:37:51.094, 3366 MiB, 37 %, 48, 330 MHz, 10.26 W, 0x0000000000000001
2026/09/25 10:37:53.109, 3366 MiB, 47 %, 48, 420 MHz, 10.15 W, 0x0000000000000001
2026/09/25 10:37:55.122, 3366 MiB, 56 %, 47, 405 MHz, 8.84 W, 0x0000000000000001
2026/09/25 10:37:57.137, 3366 MiB, 56 %, 47, 465 MHz, 9.16 W, 0x0000000000000001
2026/09/25 10:37:59.139, 3366 MiB, 69 %, 47, 465 MHz, 9.57 W, 0x0000000000000001
2026/09/25 10:38:01.141, 3366 MiB, 57 %, 47, 525 MHz, 9.98 W, 0x0000000000000001
2026/09/25 10:38:03.155, 3366 MiB, 52 %, 47, 390 MHz, 9.12 W, 0x0000000000000001
2026/09/25 10:38:05.162, 3366 MiB, 41 %, 47, 390 MHz, 9.35 W, 0x0000000000000001
2026/09/25 10:38:07.175, 3366 MiB, 50 %, 47, 405 MHz, 8.30 W, 0x0000000000000001
2026/09/25 10:38:09.178, 3366 MiB, 39 %, 47, 360 MHz, 8.34 W, 0x0000000000000001
2026/09/25 10:38:11.192, 3366 MiB, 47 %, 46, 240 MHz, 6.43 W, 0x0000000000000001
2026/09/25 10:38:13.201, 3366 MiB, 54 %, 46, 240 MHz, 6.25 W, 0x0000000000000001
2026/09/25 10:38:15.210, 3366 MiB, 56 %, 46, 270 MHz, 6.28 W, 0x0000000000000001
2026/09/25 10:38:17.224, 3366 MiB, 47 %, 46, 240 MHz, 6.30 W, 0x0000000000000001
2026/09/25 10:38:19.226, 3366 MiB, 53 %, 46, 210 MHz, 6.21 W, 0x0000000000000001
2026/09/25 10:38:21.237, 3366 MiB, 54 %, 46, 240 MHz, 6.25 W, 0x0000000000000001
2026/09/25 10:38:23.240, 3366 MiB, 46 %, 46, 210 MHz, 6.22 W, 0x0000000000000001
2026/09/25 10:38:25.252, 3366 MiB, 46 %, 45, 225 MHz, 6.30 W, 0x0000000000000001
2026/09/25 10:38:27.255, 3366 MiB, 57 %, 45, 240 MHz, 6.25 W, 0x0000000000000001
2026/09/25 10:38:29.271, 3366 MiB, 47 %, 45, 225 MHz, 6.30 W, 0x0000000000000001
2026/09/25 10:38:31.280, 3366 MiB, 46 %, 45, 240 MHz, 6.39 W, 0x0000000000000001
2026/09/25 10:38:33.291, 3366 MiB, 46 %, 45, 210 MHz, 6.22 W, 0x0000000000000001
2026/09/25 10:38:35.304, 3366 MiB, 51 %, 45, 240 MHz, 6.36 W, 0x0000000000000001
2026/09/25 10:38:37.309, 3366 MiB, 57 %, 45, 225 MHz, 6.21 W, 0x0000000000000001
2026/09/25 10:38:39.315, 3366 MiB, 51 %, 45, 210 MHz, 6.21 W, 0x0000000000000001
2026/09/25 10:38:41.326, 3366 MiB, 50 %, 45, 225 MHz, 6.23 W, 0x0000000000000001
2026/09/25 10:38:43.336, 3366 MiB, 52 %, 45, 225 MHz, 6.25 W, 0x0000000000000001
2026/09/25 10:38:45.349, 3366 MiB, 60 %, 45, 255 MHz, 6.32 W, 0x0000000000000001
2026/09/25 10:38:47.360, 3366 MiB, 54 %, 44, 255 MHz, 6.28 W, 0x0000000000000001
2026/09/25 10:38:49.372, 3366 MiB, 50 %, 44, 225 MHz, 6.28 W, 0x0000000000000001
2026/09/25 10:38:51.378, 3366 MiB, 51 %, 44, 225 MHz, 6.19 W, 0x0000000000000001
2026/09/25 10:38:53.387, 3366 MiB, 57 %, 44, 240 MHz, 6.26 W, 0x0000000000000001
2026/09/25 10:38:55.393, 3366 MiB, 60 %, 44, 240 MHz, 6.26 W, 0x0000000000000001
2026/09/25 10:38:57.393, 3366 MiB, 55 %, 44, 240 MHz, 6.28 W, 0x0000000000000001
2026/09/25 10:38:59.406, 3366 MiB, 54 %, 44, 255 MHz, 6.41 W, 0x0000000000000001
2026/09/25 10:39:01.411, 3366 MiB, 48 %, 44, 240 MHz, 6.31 W, 0x0000000000000001
2026/09/25 10:39:03.421, 3366 MiB, 50 %, 44, 240 MHz, 6.24 W, 0x0000000000000001
2026/09/25 10:39:05.426, 3366 MiB, 51 %, 44, 225 MHz, 6.27 W, 0x0000000000000001
2026/09/25 10:39:07.431, 3366 MiB, 51 %, 44, 225 MHz, 6.24 W, 0x0000000000000001
2026/09/25 10:39:09.439, 3366 MiB, 55 %, 43, 225 MHz, 6.27 W, 0x0000000000000001
2026/09/25 10:39:11.447, 3366 MiB, 49 %, 43, 240 MHz, 6.20 W, 0x0000000000000001
2026/09/25 10:39:13.452, 3366 MiB, 52 %, 43, 255 MHz, 6.40 W, 0x0000000000000001
2026/09/25 10:39:15.463, 3366 MiB, 48 %, 52, 2475 MHz, 39.71 W, 0x0000000000000000
2026/09/25 10:39:17.478, 3366 MiB, 30 %, 50, 2475 MHz, 44.76 W, 0x0000000000000000
2026/09/25 10:39:19.488, 3366 MiB, 37 %, 52, 2445 MHz, 35.08 W, 0x0000000000000001
2026/09/25 10:39:21.499, 3366 MiB, 55 %, 52, 2190 MHz, 31.75 W, 0x0000000000000001
2026/09/25 10:39:23.512, 3335 MiB, 44 %, 51, 2475 MHz, 37.76 W, 0x0000000000000000
2026/09/25 10:39:25.513, 3207 MiB, 4 %, 48, 2130 MHz, 19.50 W, 0x0000000000000001
2026/09/25 10:39:27.516, 3207 MiB, 66 %, 57, 2475 MHz, 60.92 W, 0x0000000000000000
2026/09/25 10:39:29.529, 3207 MiB, 65 %, 59, 2475 MHz, 61.74 W, 0x0000000000000000
2026/09/25 10:39:31.531, 3207 MiB, 65 %, 60, 2475 MHz, 62.20 W, 0x0000000000000000
2026/09/25 10:39:33.545, 3207 MiB, 67 %, 60, 2460 MHz, 63.35 W, 0x0000000000000000
2026/09/25 10:39:35.561, 3207 MiB, 64 %, 61, 2460 MHz, 62.07 W, 0x0000000000000000
2026/09/25 10:39:37.563, 3207 MiB, 60 %, 62, 2460 MHz, 62.06 W, 0x0000000000000000
2026/09/25 10:39:39.575, 3207 MiB, 66 %, 63, 2460 MHz, 64.06 W, 0x0000000000000000
2026/09/25 10:39:41.578, 3207 MiB, 68 %, 64, 2460 MHz, 63.59 W, 0x0000000000000000
2026/09/25 10:39:43.594, 3207 MiB, 59 %, 64, 2460 MHz, 61.43 W, 0x0000000000000000
2026/09/25 10:39:45.603, 3207 MiB, 62 %, 64, 2460 MHz, 61.79 W, 0x0000000000000000
2026/09/25 10:39:47.607, 3207 MiB, 61 %, 65, 2460 MHz, 61.45 W, 0x0000000000000000
2026/09/25 10:39:49.608, 3207 MiB, 60 %, 65, 2460 MHz, 60.83 W, 0x0000000000000000
2026/09/25 10:39:51.621, 3207 MiB, 66 %, 65, 2460 MHz, 57.49 W, 0x0000000000000000
2026/09/25 10:39:53.635, 3207 MiB, 67 %, 66, 2460 MHz, 65.59 W, 0x0000000000000000
2026/09/25 10:39:55.647, 3207 MiB, 64 %, 68, 2460 MHz, 65.59 W, 0x0000000000000000
2026/09/25 10:39:57.651, 3207 MiB, 68 %, 68, 2460 MHz, 66.52 W, 0x0000000000000004
2026/09/25 10:39:59.656, 3207 MiB, 66 %, 68, 2460 MHz, 66.73 W, 0x0000000000000000
2026/09/25 10:40:01.664, 3207 MiB, 67 %, 69, 2460 MHz, 66.98 W, 0x0000000000000000
2026/09/25 10:40:03.668, 3207 MiB, 70 %, 69, 2445 MHz, 67.29 W, 0x0000000000000004
2026/09/25 10:40:05.671, 3207 MiB, 68 %, 70, 2460 MHz, 67.24 W, 0x0000000000000004
2026/09/25 10:40:07.677, 3207 MiB, 67 %, 71, 2460 MHz, 67.14 W, 0x0000000000000000
2026/09/25 10:40:09.691, 3207 MiB, 67 %, 71, 2460 MHz, 66.07 W, 0x0000000000000004
2026/09/25 10:40:11.700, 3207 MiB, 69 %, 71, 2460 MHz, 66.94 W, 0x0000000000000004
2026/09/25 10:40:13.710, 3207 MiB, 70 %, 70, 2430 MHz, 67.29 W, 0x0000000000000004
2026/09/25 10:40:15.717, 3207 MiB, 69 %, 71, 2430 MHz, 67.50 W, 0x0000000000000004
2026/09/25 10:40:17.718, 3207 MiB, 69 %, 72, 2430 MHz, 67.53 W, 0x0000000000000004
2026/09/25 10:40:19.720, 3207 MiB, 69 %, 72, 2445 MHz, 67.32 W, 0x0000000000000004
2026/09/25 10:40:21.723, 3207 MiB, 69 %, 72, 2445 MHz, 67.56 W, 0x0000000000000004
2026/09/25 10:40:23.737, 3207 MiB, 67 %, 73, 2415 MHz, 67.48 W, 0x0000000000000000
2026/09/25 10:40:25.741, 3207 MiB, 67 %, 73, 2460 MHz, 67.56 W, 0x0000000000000004
2026/09/25 10:40:27.751, 3207 MiB, 69 %, 73, 2415 MHz, 67.54 W, 0x0000000000000004
2026/09/25 10:40:29.759, 3207 MiB, 69 %, 73, 2415 MHz, 67.82 W, 0x0000000000000004
2026/09/25 10:40:31.772, 3207 MiB, 73 %, 74, 2340 MHz, 68.27 W, 0x0000000000000004
2026/09/25 10:40:33.775, 3207 MiB, 69 %, 74, 2430 MHz, 67.78 W, 0x0000000000000004
2026/09/25 10:40:35.789, 3207 MiB, 68 %, 74, 2445 MHz, 67.25 W, 0x0000000000000004
2026/09/25 10:40:37.795, 3207 MiB, 67 %, 75, 2460 MHz, 68.02 W, 0x0000000000000004
2026/09/25 10:40:39.803, 3207 MiB, 69 %, 74, 2415 MHz, 68.03 W, 0x0000000000000004
2026/09/25 10:40:41.816, 3207 MiB, 69 %, 75, 2430 MHz, 67.77 W, 0x0000000000000004
2026/09/25 10:40:43.824, 3207 MiB, 69 %, 75, 2400 MHz, 67.63 W, 0x0000000000000004
2026/09/25 10:40:45.838, 3207 MiB, 70 %, 75, 2430 MHz, 67.18 W, 0x0000000000000004
2026/09/25 10:40:47.853, 3207 MiB, 70 %, 75, 2415 MHz, 67.79 W, 0x0000000000000004
2026/09/25 10:40:49.867, 3207 MiB, 67 %, 76, 2430 MHz, 67.44 W, 0x0000000000000000
2026/09/25 10:40:51.869, 3207 MiB, 69 %, 75, 2400 MHz, 67.67 W, 0x0000000000000004
2026/09/25 10:40:53.879, 3207 MiB, 69 %, 75, 2430 MHz, 67.46 W, 0x0000000000000004
2026/09/25 10:40:55.890, 3207 MiB, 67 %, 76, 2430 MHz, 67.28 W, 0x0000000000000004
2026/09/25 10:40:57.892, 3207 MiB, 68 %, 76, 2460 MHz, 67.58 W, 0x0000000000000004
2026/09/25 10:40:59.905, 3207 MiB, 69 %, 76, 2400 MHz, 67.61 W, 0x0000000000000004
2026/09/25 10:41:01.906, 3207 MiB, 69 %, 76, 2400 MHz, 67.64 W, 0x0000000000000004
2026/09/25 10:41:03.908, 3207 MiB, 68 %, 76, 2460 MHz, 67.94 W, 0x0000000000000004
2026/09/25 10:41:05.921, 3207 MiB, 68 %, 75, 2415 MHz, 67.78 W, 0x0000000000000004
2026/09/25 10:41:07.928, 3207 MiB, 69 %, 77, 2460 MHz, 67.80 W, 0x0000000000000004
2026/09/25 10:41:09.938, 3207 MiB, 71 %, 76, 2400 MHz, 67.98 W, 0x0000000000000004
2026/09/25 10:41:11.950, 3207 MiB, 68 %, 77, 2430 MHz, 67.72 W, 0x0000000000000004
2026/09/25 10:41:13.956, 3207 MiB, 67 %, 77, 2430 MHz, 67.51 W, 0x0000000000000004
2026/09/25 10:41:15.972, 3207 MiB, 68 %, 77, 2400 MHz, 67.53 W, 0x0000000000000004
2026/09/25 10:41:17.984, 3207 MiB, 68 %, 77, 2400 MHz, 67.78 W, 0x0000000000000004
2026/09/25 10:41:19.995, 3207 MiB, 68 %, 77, 2400 MHz, 67.81 W, 0x0000000000000004
2026/09/25 10:41:22.010, 3207 MiB, 71 %, 77, 2445 MHz, 67.79 W, 0x0000000000000004
2026/09/25 10:41:24.020, 3207 MiB, 69 %, 77, 2415 MHz, 67.63 W, 0x0000000000000004
2026/09/25 10:41:26.027, 3207 MiB, 67 %, 77, 2400 MHz, 67.37 W, 0x0000000000000004
2026/09/25 10:41:28.039, 3207 MiB, 68 %, 77, 2385 MHz, 67.61 W, 0x0000000000000004
2026/09/25 10:41:30.052, 3207 MiB, 70 %, 77, 2460 MHz, 67.82 W, 0x0000000000000004
2026/09/25 10:41:32.065, 3207 MiB, 69 %, 78, 2400 MHz, 67.78 W, 0x0000000000000004
2026/09/25 10:41:34.077, 3207 MiB, 68 %, 78, 2400 MHz, 67.90 W, 0x0000000000000004
2026/09/25 10:41:36.078, 3207 MiB, 67 %, 78, 2430 MHz, 67.68 W, 0x0000000000000004
2026/09/25 10:41:38.083, 3207 MiB, 69 %, 78, 2385 MHz, 67.77 W, 0x0000000000000004
2026/09/25 10:41:40.086, 3207 MiB, 67 %, 78, 2370 MHz, 67.92 W, 0x0000000000000004
2026/09/25 10:41:42.091, 3207 MiB, 69 %, 78, 2400 MHz, 67.82 W, 0x0000000000000004
2026/09/25 10:41:44.096, 3207 MiB, 68 %, 77, 2445 MHz, 68.15 W, 0x0000000000000004
2026/09/25 10:41:46.099, 3207 MiB, 67 %, 78, 2385 MHz, 67.84 W, 0x0000000000000004
2026/09/25 10:41:48.101, 3207 MiB, 69 %, 78, 2400 MHz, 67.82 W, 0x0000000000000004
2026/09/25 10:41:50.112, 3207 MiB, 68 %, 78, 2400 MHz, 67.75 W, 0x0000000000000004
2026/09/25 10:41:52.123, 3207 MiB, 68 %, 78, 2400 MHz, 67.62 W, 0x0000000000000004
2026/09/25 10:41:54.130, 3207 MiB, 67 %, 78, 2445 MHz, 67.06 W, 0x0000000000000004
2026/09/25 10:41:56.134, 3207 MiB, 67 %, 78, 2460 MHz, 67.13 W, 0x0000000000000004
2026/09/25 10:41:58.146, 3207 MiB, 68 %, 79, 2400 MHz, 67.81 W, 0x0000000000000004
2026/09/25 10:42:00.161, 3207 MiB, 67 %, 78, 2460 MHz, 67.64 W, 0x0000000000000004
2026/09/25 10:42:02.163, 3207 MiB, 66 %, 77, 2460 MHz, 67.66 W, 0x0000000000000004
2026/09/25 10:42:04.166, 3207 MiB, 67 %, 79, 2400 MHz, 66.84 W, 0x0000000000000004
2026/09/25 10:42:06.171, 3207 MiB, 70 %, 78, 2415 MHz, 68.04 W, 0x0000000000000004
2026/09/25 10:42:08.183, 3207 MiB, 67 %, 78, 2430 MHz, 67.37 W, 0x0000000000000004
2026/09/25 10:42:10.195, 3207 MiB, 68 %, 78, 2385 MHz, 67.69 W, 0x0000000000000004
2026/09/25 10:42:12.209, 3207 MiB, 69 %, 79, 2400 MHz, 67.95 W, 0x0000000000000004
2026/09/25 10:42:14.216, 3207 MiB, 68 %, 79, 2385 MHz, 67.35 W, 0x0000000000000004
2026/09/25 10:42:16.223, 3207 MiB, 68 %, 79, 2415 MHz, 67.46 W, 0x0000000000000004
2026/09/25 10:42:18.236, 3207 MiB, 70 %, 78, 2415 MHz, 67.02 W, 0x0000000000000004
2026/09/25 10:42:20.252, 3207 MiB, 69 %, 78, 2400 MHz, 67.98 W, 0x0000000000000004
2026/09/25 10:42:22.253, 3207 MiB, 69 %, 79, 2460 MHz, 67.77 W, 0x0000000000000004
2026/09/25 10:42:24.260, 3207 MiB, 66 %, 79, 2430 MHz, 67.52 W, 0x0000000000000004
2026/09/25 10:42:26.268, 3207 MiB, 69 %, 79, 2400 MHz, 67.88 W, 0x0000000000000004
2026/09/25 10:42:28.282, 3207 MiB, 69 %, 79, 2415 MHz, 67.91 W, 0x0000000000000004
2026/09/25 10:42:30.292, 3207 MiB, 69 %, 79, 2400 MHz, 67.99 W, 0x0000000000000004
2026/09/25 10:42:32.300, 3207 MiB, 69 %, 79, 2430 MHz, 67.91 W, 0x0000000000000004
2026/09/25 10:42:34.301, 3207 MiB, 69 %, 78, 2385 MHz, 67.95 W, 0x0000000000000004
2026/09/25 10:42:36.314, 3207 MiB, 69 %, 78, 2400 MHz, 67.78 W, 0x0000000000000004
2026/09/25 10:42:38.316, 3207 MiB, 69 %, 78, 2460 MHz, 67.86 W, 0x0000000000000004
2026/09/25 10:42:40.318, 3207 MiB, 69 %, 78, 2385 MHz, 67.88 W, 0x0000000000000004
2026/09/25 10:42:42.319, 3207 MiB, 69 %, 79, 2400 MHz, 67.87 W, 0x0000000000000004
2026/09/25 10:42:44.332, 3207 MiB, 69 %, 79, 2385 MHz, 67.71 W, 0x0000000000000004
2026/09/25 10:42:46.342, 3207 MiB, 70 %, 79, 2430 MHz, 67.99 W, 0x0000000000000004
2026/09/25 10:42:48.351, 3207 MiB, 68 %, 79, 2385 MHz, 67.96 W, 0x0000000000000004
2026/09/25 10:42:50.354, 3207 MiB, 69 %, 79, 2400 MHz, 68.17 W, 0x0000000000000004
2026/09/25 10:42:52.370, 3207 MiB, 68 %, 79, 2385 MHz, 67.98 W, 0x0000000000000004
2026/09/25 10:42:54.372, 3207 MiB, 69 %, 78, 2445 MHz, 67.78 W, 0x0000000000000004
2026/09/25 10:42:56.377, 3207 MiB, 68 %, 79, 2385 MHz, 68.05 W, 0x0000000000000004
2026/09/25 10:42:58.377, 3207 MiB, 68 %, 79, 2430 MHz, 67.77 W, 0x0000000000000004
2026/09/25 10:43:00.386, 3207 MiB, 67 %, 79, 2415 MHz, 67.87 W, 0x0000000000000004
2026/09/25 10:43:02.397, 3207 MiB, 69 %, 79, 2385 MHz, 67.89 W, 0x0000000000000004
2026/09/25 10:43:04.411, 3207 MiB, 65 %, 79, 2430 MHz, 67.19 W, 0x0000000000000004
2026/09/25 10:43:06.414, 3207 MiB, 69 %, 79, 2400 MHz, 67.71 W, 0x0000000000000004
2026/09/25 10:43:08.420, 3207 MiB, 69 %, 80, 2460 MHz, 67.61 W, 0x0000000000000004
2026/09/25 10:43:10.423, 3207 MiB, 69 %, 80, 2445 MHz, 68.01 W, 0x0000000000000004
2026/09/25 10:43:12.434, 3207 MiB, 68 %, 79, 2415 MHz, 67.79 W, 0x0000000000000004
2026/09/25 10:43:14.446, 3207 MiB, 70 %, 80, 2415 MHz, 67.34 W, 0x0000000000000004
2026/09/25 10:43:16.457, 3207 MiB, 69 %, 79, 2430 MHz, 67.67 W, 0x0000000000000004
2026/09/25 10:43:18.472, 3207 MiB, 68 %, 79, 2400 MHz, 67.70 W, 0x0000000000000004
2026/09/25 10:43:20.484, 3207 MiB, 68 %, 79, 2385 MHz, 67.89 W, 0x0000000000000004
2026/09/25 10:43:22.493, 3207 MiB, 70 %, 79, 2385 MHz, 67.71 W, 0x0000000000000004
2026/09/25 10:43:24.502, 3207 MiB, 67 %, 79, 2460 MHz, 67.53 W, 0x0000000000000004
2026/09/25 10:43:26.511, 3207 MiB, 69 %, 79, 2400 MHz, 67.59 W, 0x0000000000000004
2026/09/25 10:43:28.513, 3207 MiB, 66 %, 79, 2460 MHz, 67.46 W, 0x0000000000000000
2026/09/25 10:43:30.527, 3207 MiB, 68 %, 79, 2385 MHz, 67.96 W, 0x0000000000000004
2026/09/25 10:43:32.531, 3207 MiB, 67 %, 80, 2460 MHz, 67.35 W, 0x0000000000000000
2026/09/25 10:43:34.546, 3207 MiB, 61 %, 79, 2460 MHz, 66.51 W, 0x0000000000000000
2026/09/25 10:43:36.546, 3207 MiB, 70 %, 79, 2415 MHz, 67.74 W, 0x0000000000000004
2026/09/25 10:43:38.550, 3207 MiB, 68 %, 79, 2460 MHz, 67.94 W, 0x0000000000000000
2026/09/25 10:43:40.566, 3207 MiB, 60 %, 76, 2400 MHz, 67.05 W, 0x0000000000000004
2026/09/25 10:43:42.578, 3207 MiB, 70 %, 80, 2385 MHz, 66.56 W, 0x0000000000000004
2026/09/25 10:43:44.580, 3207 MiB, 68 %, 79, 2445 MHz, 67.56 W, 0x0000000000000004
2026/09/25 10:43:46.586, 3207 MiB, 69 %, 79, 2445 MHz, 66.44 W, 0x0000000000000004
2026/09/25 10:43:48.588, 3207 MiB, 63 %, 79, 2385 MHz, 66.86 W, 0x0000000000000004
2026/09/25 10:43:50.593, 3207 MiB, 66 %, 79, 2415 MHz, 64.95 W, 0x0000000000000004
2026/09/25 10:43:52.600, 3207 MiB, 66 %, 78, 2400 MHz, 65.04 W, 0x0000000000000004
2026/09/25 10:43:54.604, 3207 MiB, 68 %, 79, 2445 MHz, 66.47 W, 0x0000000000000004
2026/09/25 10:43:56.605, 3207 MiB, 65 %, 78, 2400 MHz, 61.71 W, 0x0000000000000000
2026/09/25 10:43:58.614, 3207 MiB, 58 %, 77, 2400 MHz, 60.24 W, 0x0000000000000004
2026/09/25 10:44:00.629, 3207 MiB, 45 %, 78, 2460 MHz, 59.41 W, 0x0000000000000000
2026/09/25 10:44:02.631, 3207 MiB, 55 %, 76, 2460 MHz, 56.26 W, 0x0000000000000000
2026/09/25 10:44:04.645, 3207 MiB, 59 %, 78, 2430 MHz, 58.62 W, 0x0000000000000000
2026/09/25 10:44:06.653, 3207 MiB, 41 %, 76, 2460 MHz, 52.02 W, 0x0000000000000000
2026/09/25 10:44:08.669, 3207 MiB, 39 %, 75, 2460 MHz, 52.89 W, 0x0000000000000000
2026/09/25 10:44:10.684, 3207 MiB, 51 %, 75, 2460 MHz, 51.54 W, 0x0000000000000000
2026/09/25 10:44:12.685, 3207 MiB, 41 %, 75, 2460 MHz, 50.65 W, 0x0000000000000000
2026/09/25 10:44:14.699, 3207 MiB, 46 %, 74, 2460 MHz, 52.96 W, 0x0000000000000000
2026/09/25 10:44:16.708, 3207 MiB, 46 %, 72, 2460 MHz, 50.99 W, 0x0000000000000000
2026/09/25 10:44:18.723, 3207 MiB, 48 %, 74, 2460 MHz, 52.44 W, 0x0000000000000000
2026/09/25 10:44:20.727, 3207 MiB, 43 %, 74, 2460 MHz, 51.15 W, 0x0000000000000000
2026/09/25 10:44:22.733, 3207 MiB, 61 %, 74, 2460 MHz, 51.63 W, 0x0000000000000000
2026/09/25 10:44:24.743, 3207 MiB, 56 %, 75, 2460 MHz, 53.07 W, 0x0000000000000000
2026/09/25 10:44:26.747, 3207 MiB, 54 %, 73, 2460 MHz, 51.16 W, 0x0000000000000000
2026/09/25 10:44:28.755, 3207 MiB, 45 %, 74, 2460 MHz, 55.77 W, 0x0000000000000000
2026/09/25 10:44:30.765, 3207 MiB, 59 %, 74, 2460 MHz, 50.50 W, 0x0000000000000000
2026/09/25 10:44:32.775, 3207 MiB, 52 %, 74, 2460 MHz, 49.05 W, 0x0000000000000000
2026/09/25 10:44:34.783, 3207 MiB, 42 %, 72, 2460 MHz, 48.76 W, 0x0000000000000000
2026/09/25 10:44:36.792, 3207 MiB, 43 %, 72, 2460 MHz, 47.95 W, 0x0000000000000000
2026/09/25 10:44:38.798, 3207 MiB, 46 %, 72, 2460 MHz, 48.70 W, 0x0000000000000000
2026/09/25 10:44:40.806, 3207 MiB, 42 %, 71, 2460 MHz, 46.55 W, 0x0000000000000000
2026/09/25 10:44:42.816, 3207 MiB, 44 %, 71, 2460 MHz, 45.09 W, 0x0000000000000000
2026/09/25 10:44:44.823, 3207 MiB, 38 %, 69, 2460 MHz, 43.82 W, 0x0000000000000000
2026/09/25 10:44:46.835, 3207 MiB, 41 %, 70, 2460 MHz, 44.23 W, 0x0000000000000000
2026/09/25 10:44:48.838, 3207 MiB, 49 %, 70, 2460 MHz, 43.34 W, 0x0000000000000000
2026/09/25 10:44:50.841, 3207 MiB, 42 %, 70, 2460 MHz, 43.75 W, 0x0000000000000000
2026/09/25 10:44:52.847, 3207 MiB, 46 %, 70, 2460 MHz, 43.37 W, 0x0000000000000000
2026/09/25 10:44:54.853, 3207 MiB, 41 %, 69, 2460 MHz, 44.08 W, 0x0000000000000000
2026/09/25 10:44:56.869, 3207 MiB, 43 %, 70, 2460 MHz, 43.45 W, 0x0000000000000000
2026/09/25 10:44:58.874, 3207 MiB, 37 %, 69, 2460 MHz, 43.18 W, 0x0000000000000000
2026/09/25 10:45:00.881, 3207 MiB, 36 %, 68, 2460 MHz, 42.26 W, 0x0000000000000000
2026/09/25 10:45:02.896, 3207 MiB, 40 %, 69, 2460 MHz, 42.91 W, 0x0000000000000000
2026/09/25 10:45:04.902, 3207 MiB, 44 %, 69, 2460 MHz, 43.23 W, 0x0000000000000000
2026/09/25 10:45:06.905, 3207 MiB, 49 %, 68, 2460 MHz, 43.84 W, 0x0000000000000000
2026/09/25 10:45:08.912, 3207 MiB, 45 %, 68, 2460 MHz, 43.33 W, 0x0000000000000000
2026/09/25 10:45:10.915, 3207 MiB, 36 %, 68, 2460 MHz, 40.30 W, 0x0000000000000000
2026/09/25 10:45:12.917, 3207 MiB, 35 %, 68, 2460 MHz, 39.86 W, 0x0000000000000000
2026/09/25 10:45:14.926, 3207 MiB, 39 %, 67, 2460 MHz, 40.69 W, 0x0000000000000000
2026/09/25 10:45:16.927, 3207 MiB, 33 %, 66, 2340 MHz, 37.19 W, 0x0000000000000001
2026/09/25 10:45:18.930, 3207 MiB, 40 %, 64, 2115 MHz, 29.02 W, 0x0000000000000001
2026/09/25 10:45:20.946, 3207 MiB, 36 %, 64, 2025 MHz, 27.09 W, 0x0000000000000001
2026/09/25 10:45:22.950, 3207 MiB, 38 %, 63, 1965 MHz, 26.05 W, 0x0000000000000001
2026/09/25 10:45:24.960, 3207 MiB, 39 %, 63, 1965 MHz, 26.00 W, 0x0000000000000001
2026/09/25 10:45:26.965, 3207 MiB, 40 %, 62, 2040 MHz, 26.69 W, 0x0000000000000001
2026/09/25 10:45:28.978, 3207 MiB, 40 %, 62, 1980 MHz, 26.60 W, 0x0000000000000001
2026/09/25 10:45:30.993, 3207 MiB, 41 %, 62, 1995 MHz, 25.75 W, 0x0000000000000001
2026/09/25 10:45:32.994, 3207 MiB, 38 %, 61, 1815 MHz, 23.56 W, 0x0000000000000001
2026/09/25 10:45:34.997, 3207 MiB, 37 %, 61, 1710 MHz, 21.40 W, 0x0000000000000001
2026/09/25 10:45:37.003, 3207 MiB, 35 %, 60, 1710 MHz, 21.12 W, 0x0000000000000001
2026/09/25 10:45:39.016, 3207 MiB, 40 %, 60, 1695 MHz, 20.89 W, 0x0000000000000001
2026/09/25 10:45:41.018, 3207 MiB, 41 %, 59, 1695 MHz, 20.77 W, 0x0000000000000001
2026/09/25 10:45:43.022, 3207 MiB, 40 %, 59, 1710 MHz, 21.13 W, 0x0000000000000001
2026/09/25 10:45:45.023, 3207 MiB, 40 %, 59, 1695 MHz, 20.78 W, 0x0000000000000001
2026/09/25 10:45:47.035, 3207 MiB, 39 %, 59, 1710 MHz, 21.01 W, 0x0000000000000001
2026/09/25 10:45:49.042, 3207 MiB, 39 %, 59, 1710 MHz, 20.87 W, 0x0000000000000001
2026/09/25 10:45:51.049, 3207 MiB, 41 %, 58, 1740 MHz, 20.91 W, 0x0000000000000001
2026/09/25 10:45:53.060, 3207 MiB, 42 %, 58, 1725 MHz, 21.16 W, 0x0000000000000001
2026/09/25 10:45:55.067, 3207 MiB, 37 %, 58, 1710 MHz, 20.62 W, 0x0000000000000001
2026/09/25 10:45:57.070, 3207 MiB, 36 %, 58, 1725 MHz, 20.49 W, 0x0000000000000001
2026/09/25 10:45:59.072, 3207 MiB, 41 %, 58, 1695 MHz, 20.75 W, 0x0000000000000001
2026/09/25 10:46:01.074, 3207 MiB, 34 %, 57, 1545 MHz, 19.09 W, 0x0000000000000001
2026/09/25 10:46:03.077, 3207 MiB, 39 %, 57, 1500 MHz, 18.22 W, 0x0000000000000001
2026/09/25 10:46:05.090, 3207 MiB, 35 %, 56, 1425 MHz, 16.11 W, 0x0000000000000001
2026/09/25 10:46:07.099, 3207 MiB, 39 %, 56, 1380 MHz, 15.32 W, 0x0000000000000001
2026/09/25 10:46:09.100, 3207 MiB, 47 %, 55, 1110 MHz, 13.55 W, 0x0000000000000001
2026/09/25 10:46:11.104, 3207 MiB, 44 %, 55, 1125 MHz, 13.43 W, 0x0000000000000001
2026/09/25 10:46:13.112, 3207 MiB, 47 %, 55, 1110 MHz, 13.31 W, 0x0000000000000001
2026/09/25 10:46:15.118, 3207 MiB, 48 %, 54, 1125 MHz, 13.31 W, 0x0000000000000001
2026/09/25 10:46:17.134, 3207 MiB, 50 %, 54, 1125 MHz, 13.39 W, 0x0000000000000001
2026/09/25 10:46:19.149, 3207 MiB, 49 %, 54, 1170 MHz, 13.33 W, 0x0000000000000001
2026/09/25 10:46:21.158, 3207 MiB, 45 %, 54, 1125 MHz, 13.34 W, 0x0000000000000001
2026/09/25 10:46:23.166, 3207 MiB, 47 %, 54, 1020 MHz, 13.26 W, 0x0000000000000001
2026/09/25 10:46:25.172, 3207 MiB, 49 %, 53, 1095 MHz, 13.30 W, 0x0000000000000001
2026/09/25 10:46:27.178, 3207 MiB, 46 %, 53, 1095 MHz, 13.18 W, 0x0000000000000001
2026/09/25 10:46:29.188, 3207 MiB, 47 %, 53, 1110 MHz, 13.37 W, 0x0000000000000001
2026/09/25 10:46:31.191, 3207 MiB, 46 %, 53, 1080 MHz, 13.29 W, 0x0000000000000001
2026/09/25 10:46:33.204, 3207 MiB, 48 %, 52, 900 MHz, 11.95 W, 0x0000000000000001
2026/09/25 10:46:35.217, 3207 MiB, 45 %, 52, 795 MHz, 11.96 W, 0x0000000000000001
2026/09/25 10:46:37.220, 3207 MiB, 47 %, 52, 960 MHz, 12.16 W, 0x0000000000000001
2026/09/25 10:46:39.221, 3207 MiB, 49 %, 52, 870 MHz, 12.06 W, 0x0000000000000001
2026/09/25 10:46:41.224, 3207 MiB, 46 %, 52, 930 MHz, 12.12 W, 0x0000000000000001
2026/09/25 10:46:43.231, 3207 MiB, 45 %, 52, 885 MHz, 11.97 W, 0x0000000000000001
2026/09/25 10:46:45.236, 3207 MiB, 49 %, 52, 915 MHz, 12.05 W, 0x0000000000000001
2026/09/25 10:46:47.249, 3207 MiB, 48 %, 51, 960 MHz, 12.18 W, 0x0000000000000001
2026/09/25 10:46:49.260, 3207 MiB, 49 %, 51, 960 MHz, 12.14 W, 0x0000000000000001
2026/09/25 10:46:51.272, 3207 MiB, 47 %, 51, 705 MHz, 11.01 W, 0x0000000000000001
2026/09/25 10:46:53.278, 3207 MiB, 49 %, 51, 705 MHz, 11.06 W, 0x0000000000000001
2026/09/25 10:46:55.289, 3207 MiB, 49 %, 50, 660 MHz, 11.02 W, 0x0000000000000001
2026/09/25 10:46:57.303, 3207 MiB, 49 %, 50, 705 MHz, 11.05 W, 0x0000000000000001
2026/09/25 10:46:59.313, 3207 MiB, 49 %, 50, 675 MHz, 11.00 W, 0x0000000000000001
2026/09/25 10:47:01.316, 3207 MiB, 44 %, 50, 615 MHz, 10.97 W, 0x0000000000000001
2026/09/25 10:47:03.325, 3207 MiB, 83 %, 60, 2475 MHz, 62.67 W, 0x0000000000000004
2026/09/25 10:47:05.334, 3207 MiB, 84 %, 61, 2460 MHz, 62.83 W, 0x0000000000000004
2026/09/25 10:47:07.335, 3207 MiB, 60 %, 61, 2430 MHz, 63.19 W, 0x0000000000000000
2026/09/25 10:47:09.340, 3207 MiB, 87 %, 63, 2430 MHz, 62.61 W, 0x0000000000000004
2026/09/25 10:47:11.346, 3207 MiB, 85 %, 64, 2460 MHz, 63.52 W, 0x0000000000000004
2026/09/25 10:47:13.354, 3207 MiB, 64 %, 64, 2460 MHz, 63.71 W, 0x0000000000000000
2026/09/25 10:47:15.363, 3207 MiB, 85 %, 65, 2460 MHz, 63.96 W, 0x0000000000000000
2026/09/25 10:47:17.374, 3207 MiB, 87 %, 66, 2445 MHz, 63.43 W, 0x0000000000000004
2026/09/25 10:47:19.379, 3207 MiB, 83 %, 67, 2460 MHz, 64.05 W, 0x0000000000000004
2026/09/25 10:47:21.384, 3207 MiB, 85 %, 64, 2460 MHz, 63.95 W, 0x0000000000000004
2026/09/25 10:47:23.388, 3207 MiB, 85 %, 67, 2460 MHz, 63.93 W, 0x0000000000000000
2026/09/25 10:47:25.402, 3207 MiB, 85 %, 67, 2415 MHz, 63.04 W, 0x0000000000000004
2026/09/25 10:47:27.410, 3207 MiB, 85 %, 66, 2460 MHz, 63.82 W, 0x0000000000000000
2026/09/25 10:47:29.422, 3207 MiB, 83 %, 68, 2445 MHz, 64.35 W, 0x0000000000000004
2026/09/25 10:47:31.425, 3207 MiB, 84 %, 68, 2460 MHz, 62.47 W, 0x0000000000000004
2026/09/25 10:47:33.439, 3207 MiB, 69 %, 69, 2460 MHz, 63.45 W, 0x0000000000000000
2026/09/25 10:47:35.440, 3207 MiB, 83 %, 70, 2445 MHz, 63.37 W, 0x0000000000000004
2026/09/25 10:47:37.448, 3207 MiB, 84 %, 68, 2400 MHz, 63.09 W, 0x0000000000000004
2026/09/25 10:47:39.464, 3207 MiB, 84 %, 69, 2385 MHz, 64.08 W, 0x0000000000000004
2026/09/25 10:47:41.470, 3207 MiB, 84 %, 71, 2430 MHz, 64.07 W, 0x0000000000000004
2026/09/25 10:47:43.473, 3207 MiB, 85 %, 70, 2415 MHz, 64.57 W, 0x0000000000000004
2026/09/25 10:47:45.482, 3207 MiB, 70 %, 71, 2460 MHz, 63.58 W, 0x0000000000000000
2026/09/25 10:47:47.485, 3207 MiB, 85 %, 72, 2355 MHz, 64.23 W, 0x0000000000000004
2026/09/25 10:47:49.494, 3207 MiB, 56 %, 72, 2370 MHz, 64.28 W, 0x0000000000000004
2026/09/25 10:47:51.509, 3207 MiB, 45 %, 71, 2460 MHz, 61.87 W, 0x0000000000000000
2026/09/25 10:47:53.516, 3207 MiB, 67 %, 73, 2460 MHz, 62.23 W, 0x0000000000000000
2026/09/25 10:47:55.519, 3207 MiB, 71 %, 74, 2430 MHz, 62.89 W, 0x0000000000000004
2026/09/25 10:47:57.531, 3207 MiB, 59 %, 74, 2355 MHz, 60.47 W, 0x0000000000000004
2026/09/25 10:47:59.541, 3207 MiB, 56 %, 72, 2460 MHz, 60.28 W, 0x0000000000000000
2026/09/25 10:48:01.549, 3207 MiB, 68 %, 74, 2460 MHz, 60.90 W, 0x0000000000000004
2026/09/25 10:48:03.564, 3207 MiB, 64 %, 74, 2460 MHz, 62.15 W, 0x0000000000000004
2026/09/25 10:48:05.567, 3207 MiB, 67 %, 74, 2385 MHz, 62.99 W, 0x0000000000000000
2026/09/25 10:48:07.578, 3207 MiB, 65 %, 75, 2415 MHz, 61.06 W, 0x0000000000000004
2026/09/25 10:48:09.580, 3207 MiB, 55 %, 74, 2460 MHz, 60.84 W, 0x0000000000000000
2026/09/25 10:48:11.589, 3207 MiB, 68 %, 74, 2460 MHz, 60.44 W, 0x0000000000000000
2026/09/25 10:48:13.597, 3207 MiB, 59 %, 74, 2460 MHz, 60.07 W, 0x0000000000000000
2026/09/25 10:48:15.610, 3207 MiB, 55 %, 75, 2460 MHz, 58.98 W, 0x0000000000000000
2026/09/25 10:48:17.620, 3239 MiB, 67 %, 75, 2460 MHz, 59.36 W, 0x0000000000000000
2026/09/25 10:48:19.635, 3239 MiB, 58 %, 75, 2460 MHz, 57.51 W, 0x0000000000000000
2026/09/25 10:48:21.646, 3239 MiB, 52 %, 75, 2460 MHz, 58.58 W, 0x0000000000000000
2026/09/25 10:48:23.654, 3239 MiB, 59 %, 74, 2460 MHz, 58.60 W, 0x0000000000000000
2026/09/25 10:48:25.665, 3239 MiB, 50 %, 74, 2460 MHz, 55.71 W, 0x0000000000000000
2026/09/25 10:48:27.668, 3239 MiB, 56 %, 74, 2460 MHz, 54.96 W, 0x0000000000000000
2026/09/25 10:48:29.683, 3239 MiB, 56 %, 75, 2460 MHz, 57.34 W, 0x0000000000000000
2026/09/25 10:48:31.687, 3239 MiB, 61 %, 73, 2460 MHz, 55.01 W, 0x0000000000000000
2026/09/25 10:48:33.692, 3201 MiB, 43 %, 74, 2460 MHz, 54.85 W, 0x0000000000000004
2026/09/25 10:48:35.704, 3239 MiB, 62 %, 74, 2460 MHz, 58.34 W, 0x0000000000000000
2026/09/25 10:48:37.718, 3239 MiB, 46 %, 73, 2460 MHz, 57.72 W, 0x0000000000000000
2026/09/25 10:48:39.734, 3239 MiB, 56 %, 75, 2460 MHz, 57.68 W, 0x0000000000000004
2026/09/25 10:48:41.750, 3239 MiB, 61 %, 75, 2460 MHz, 57.92 W, 0x0000000000000000
2026/09/25 10:48:43.757, 3239 MiB, 63 %, 74, 2460 MHz, 56.51 W, 0x0000000000000000
2026/09/25 10:48:45.763, 3239 MiB, 58 %, 74, 2460 MHz, 57.94 W, 0x0000000000000000
2026/09/25 10:48:47.766, 3239 MiB, 54 %, 73, 2460 MHz, 56.04 W, 0x0000000000000000
2026/09/25 10:48:49.775, 3239 MiB, 62 %, 75, 2460 MHz, 56.39 W, 0x0000000000000000
2026/09/25 10:48:51.780, 3239 MiB, 58 %, 74, 2370 MHz, 56.99 W, 0x0000000000000000
2026/09/25 10:48:53.787, 3239 MiB, 61 %, 74, 2460 MHz, 56.76 W, 0x0000000000000000
2026/09/25 10:48:55.802, 3239 MiB, 66 %, 75, 2460 MHz, 59.61 W, 0x0000000000000000
2026/09/25 10:48:57.811, 3239 MiB, 53 %, 74, 2460 MHz, 55.63 W, 0x0000000000000000
2026/09/25 10:48:59.825, 3239 MiB, 52 %, 75, 2460 MHz, 59.15 W, 0x0000000000000000
2026/09/25 10:49:01.839, 3239 MiB, 52 %, 74, 2460 MHz, 54.10 W, 0x0000000000000004
2026/09/25 10:49:03.853, 3239 MiB, 46 %, 75, 2460 MHz, 57.54 W, 0x0000000000000000
2026/09/25 10:49:05.868, 3239 MiB, 56 %, 73, 2460 MHz, 56.23 W, 0x0000000000000000
2026/09/25 10:49:07.883, 3239 MiB, 65 %, 75, 2460 MHz, 56.82 W, 0x0000000000000000
2026/09/25 10:49:09.894, 3239 MiB, 48 %, 75, 2460 MHz, 56.80 W, 0x0000000000000000
2026/09/25 10:49:11.898, 3239 MiB, 40 %, 75, 2460 MHz, 57.50 W, 0x0000000000000000
2026/09/25 10:49:13.901, 3239 MiB, 65 %, 74, 2460 MHz, 56.68 W, 0x0000000000000000
2026/09/25 10:49:15.904, 3239 MiB, 47 %, 74, 2460 MHz, 57.45 W, 0x0000000000000004
2026/09/25 10:49:17.912, 3239 MiB, 56 %, 75, 2460 MHz, 57.75 W, 0x0000000000000000
2026/09/25 10:49:19.925, 3239 MiB, 56 %, 75, 2460 MHz, 57.40 W, 0x0000000000000000
2026/09/25 10:49:21.938, 3239 MiB, 68 %, 76, 2385 MHz, 59.66 W, 0x0000000000000000
2026/09/25 10:49:23.948, 3239 MiB, 67 %, 74, 2460 MHz, 57.70 W, 0x0000000000000000
2026/09/25 10:49:25.962, 3239 MiB, 65 %, 75, 2460 MHz, 59.81 W, 0x0000000000000000
2026/09/25 10:49:27.973, 3239 MiB, 58 %, 75, 2460 MHz, 56.00 W, 0x0000000000000004
2026/09/25 10:49:29.987, 3239 MiB, 65 %, 75, 2460 MHz, 56.44 W, 0x0000000000000000
2026/09/25 10:49:31.991, 3239 MiB, 50 %, 73, 2460 MHz, 57.21 W, 0x0000000000000000
2026/09/25 10:49:33.994, 3239 MiB, 65 %, 76, 2460 MHz, 61.16 W, 0x0000000000000000
2026/09/25 10:49:36.002, 3239 MiB, 48 %, 75, 2460 MHz, 56.22 W, 0x0000000000000000
2026/09/25 10:49:38.009, 3239 MiB, 59 %, 75, 2460 MHz, 58.13 W, 0x0000000000000000
2026/09/25 10:49:40.012, 3239 MiB, 67 %, 76, 2460 MHz, 57.31 W, 0x0000000000000004
2026/09/25 10:49:42.021, 3239 MiB, 59 %, 75, 2460 MHz, 56.86 W, 0x0000000000000000
2026/09/25 10:49:44.025, 3239 MiB, 52 %, 75, 2460 MHz, 57.73 W, 0x0000000000000000
2026/09/25 10:49:46.028, 3239 MiB, 48 %, 74, 2460 MHz, 57.62 W, 0x0000000000000000
2026/09/25 10:49:48.030, 3239 MiB, 65 %, 73, 2460 MHz, 56.03 W, 0x0000000000000000
2026/09/25 10:49:50.043, 3239 MiB, 63 %, 75, 2460 MHz, 55.23 W, 0x0000000000000000
2026/09/25 10:49:52.053, 3239 MiB, 60 %, 75, 2460 MHz, 57.49 W, 0x0000000000000000
2026/09/25 10:49:54.065, 3239 MiB, 52 %, 72, 2460 MHz, 52.46 W, 0x0000000000000000
2026/09/25 10:49:56.068, 3239 MiB, 46 %, 74, 2460 MHz, 54.22 W, 0x0000000000000000
2026/09/25 10:49:58.083, 3239 MiB, 61 %, 75, 2460 MHz, 56.04 W, 0x0000000000000000
2026/09/25 10:50:00.094, 3239 MiB, 47 %, 72, 2460 MHz, 55.66 W, 0x0000000000000000
2026/09/25 10:50:02.106, 3239 MiB, 56 %, 74, 2460 MHz, 54.07 W, 0x0000000000000000
2026/09/25 10:50:04.117, 3239 MiB, 58 %, 74, 2460 MHz, 54.22 W, 0x0000000000000000
2026/09/25 10:50:06.123, 3239 MiB, 44 %, 74, 2460 MHz, 54.63 W, 0x0000000000000000
2026/09/25 10:50:08.126, 3239 MiB, 61 %, 74, 2460 MHz, 54.21 W, 0x0000000000000000
2026/09/25 10:50:10.132, 3239 MiB, 48 %, 74, 2460 MHz, 49.88 W, 0x0000000000000000
2026/09/25 10:50:12.148, 3239 MiB, 61 %, 73, 2460 MHz, 52.87 W, 0x0000000000000000
2026/09/25 10:50:14.150, 3239 MiB, 60 %, 73, 2460 MHz, 52.08 W, 0x0000000000000000
2026/09/25 10:50:16.156, 3239 MiB, 56 %, 73, 2460 MHz, 49.34 W, 0x0000000000000000
2026/09/25 10:50:18.157, 3239 MiB, 62 %, 74, 2460 MHz, 52.39 W, 0x0000000000000000
2026/09/25 10:50:20.168, 3239 MiB, 61 %, 73, 2460 MHz, 52.50 W, 0x0000000000000000
2026/09/25 10:50:22.179, 3239 MiB, 59 %, 73, 2460 MHz, 52.71 W, 0x0000000000000000
2026/09/25 10:50:24.195, 3239 MiB, 51 %, 71, 2460 MHz, 53.42 W, 0x0000000000000000
2026/09/25 10:50:26.201, 3239 MiB, 53 %, 73, 2460 MHz, 52.64 W, 0x0000000000000000
2026/09/25 10:50:28.202, 3239 MiB, 41 %, 73, 2460 MHz, 50.65 W, 0x0000000000000000
2026/09/25 10:50:30.214, 3239 MiB, 59 %, 73, 2460 MHz, 52.35 W, 0x0000000000000000
2026/09/25 10:50:32.219, 3239 MiB, 58 %, 74, 2460 MHz, 52.64 W, 0x0000000000000000
2026/09/25 10:50:34.220, 3239 MiB, 52 %, 73, 2460 MHz, 51.83 W, 0x0000000000000000
2026/09/25 10:50:36.231, 3239 MiB, 58 %, 73, 2460 MHz, 51.26 W, 0x0000000000000000
2026/09/25 10:50:38.241, 3239 MiB, 61 %, 73, 2460 MHz, 51.26 W, 0x0000000000000000
2026/09/25 10:50:40.244, 3239 MiB, 60 %, 73, 2460 MHz, 52.23 W, 0x0000000000000000
2026/09/25 10:50:42.258, 3239 MiB, 63 %, 73, 2460 MHz, 51.81 W, 0x0000000000000000
2026/09/25 10:50:44.271, 3239 MiB, 55 %, 73, 2460 MHz, 51.69 W, 0x0000000000000000
2026/09/25 10:50:46.277, 3239 MiB, 59 %, 71, 2460 MHz, 51.36 W, 0x0000000000000000
2026/09/25 10:50:48.279, 3239 MiB, 59 %, 72, 2460 MHz, 49.65 W, 0x0000000000000000
2026/09/25 10:50:50.282, 3239 MiB, 62 %, 72, 2460 MHz, 52.37 W, 0x0000000000000000
2026/09/25 10:50:52.297, 3239 MiB, 51 %, 72, 2460 MHz, 49.69 W, 0x0000000000000000
2026/09/25 10:50:54.311, 3239 MiB, 57 %, 72, 2460 MHz, 49.66 W, 0x0000000000000000
2026/09/25 10:50:56.320, 3239 MiB, 60 %, 72, 2460 MHz, 49.99 W, 0x0000000000000000
2026/09/25 10:50:58.325, 3239 MiB, 61 %, 71, 2460 MHz, 49.26 W, 0x0000000000000000
2026/09/25 10:51:00.339, 3239 MiB, 55 %, 71, 2460 MHz, 49.14 W, 0x0000000000000000
2026/09/25 10:51:02.354, 3239 MiB, 54 %, 72, 2460 MHz, 48.91 W, 0x0000000000000000
2026/09/25 10:51:04.361, 3239 MiB, 51 %, 71, 2460 MHz, 50.11 W, 0x0000000000000000
2026/09/25 10:51:06.367, 3239 MiB, 60 %, 71, 2460 MHz, 48.55 W, 0x0000000000000000
2026/09/25 10:51:08.369, 3239 MiB, 50 %, 71, 2460 MHz, 49.09 W, 0x0000000000000000
2026/09/25 10:51:10.375, 3239 MiB, 49 %, 71, 2460 MHz, 47.68 W, 0x0000000000000000
2026/09/25 10:51:12.377, 3239 MiB, 47 %, 71, 2460 MHz, 47.20 W, 0x0000000000000000
2026/09/25 10:51:14.390, 3239 MiB, 52 %, 71, 2460 MHz, 47.35 W, 0x0000000000000000
2026/09/25 10:51:16.402, 3239 MiB, 51 %, 70, 2460 MHz, 46.96 W, 0x0000000000000000
2026/09/25 10:51:18.411, 3239 MiB, 54 %, 71, 2460 MHz, 47.49 W, 0x0000000000000000
2026/09/25 10:51:20.418, 3239 MiB, 55 %, 71, 2460 MHz, 48.15 W, 0x0000000000000000
2026/09/25 10:51:22.425, 3239 MiB, 49 %, 70, 2460 MHz, 45.91 W, 0x0000000000000000
2026/09/25 10:51:24.428, 3239 MiB, 57 %, 71, 2460 MHz, 47.09 W, 0x0000000000000000
2026/09/25 10:51:26.436, 3239 MiB, 53 %, 70, 2460 MHz, 46.49 W, 0x0000000000000000
2026/09/25 10:51:28.450, 3239 MiB, 51 %, 70, 2460 MHz, 46.48 W, 0x0000000000000000
2026/09/25 10:51:30.453, 3239 MiB, 47 %, 69, 2460 MHz, 44.73 W, 0x0000000000000000
2026/09/25 10:51:32.468, 3239 MiB, 55 %, 69, 2460 MHz, 45.47 W, 0x0000000000000000
2026/09/25 10:51:34.478, 3239 MiB, 53 %, 69, 2460 MHz, 45.10 W, 0x0000000000000000
2026/09/25 10:51:36.479, 3239 MiB, 46 %, 69, 2460 MHz, 45.37 W, 0x0000000000000000
2026/09/25 10:51:38.479, 3239 MiB, 54 %, 69, 2460 MHz, 44.20 W, 0x0000000000000000
2026/09/25 10:51:40.491, 3239 MiB, 53 %, 69, 2460 MHz, 45.00 W, 0x0000000000000000
2026/09/25 10:51:42.499, 3239 MiB, 52 %, 69, 2460 MHz, 44.53 W, 0x0000000000000000
2026/09/25 10:51:44.511, 3239 MiB, 43 %, 69, 2460 MHz, 44.49 W, 0x0000000000000000
2026/09/25 10:51:46.513, 3239 MiB, 52 %, 68, 2460 MHz, 43.77 W, 0x0000000000000000
2026/09/25 10:51:48.516, 3239 MiB, 50 %, 69, 2460 MHz, 43.74 W, 0x0000000000000000
2026/09/25 10:51:50.523, 3239 MiB, 51 %, 68, 2460 MHz, 43.86 W, 0x0000000000000000
2026/09/25 10:51:52.534, 3239 MiB, 56 %, 69, 2460 MHz, 43.38 W, 0x0000000000000000
2026/09/25 10:51:54.545, 3239 MiB, 43 %, 68, 2460 MHz, 42.49 W, 0x0000000000000000
2026/09/25 10:51:56.558, 3239 MiB, 50 %, 68, 2460 MHz, 43.04 W, 0x0000000000000000
2026/09/25 10:51:58.573, 3239 MiB, 39 %, 68, 2460 MHz, 42.24 W, 0x0000000000000000
2026/09/25 10:52:00.578, 3239 MiB, 40 %, 68, 2460 MHz, 42.83 W, 0x0000000000000000
2026/09/25 10:52:02.590, 3239 MiB, 52 %, 68, 2460 MHz, 43.22 W, 0x0000000000000000
2026/09/25 10:52:04.594, 3239 MiB, 47 %, 68, 2460 MHz, 41.41 W, 0x0000000000000000
2026/09/25 10:52:06.606, 3239 MiB, 47 %, 67, 2460 MHz, 40.87 W, 0x0000000000000000
2026/09/25 10:52:08.614, 3239 MiB, 47 %, 67, 2460 MHz, 42.14 W, 0x0000000000000000
2026/09/25 10:52:10.628, 3239 MiB, 47 %, 67, 2460 MHz, 41.08 W, 0x0000000000000000
2026/09/25 10:52:12.639, 3239 MiB, 40 %, 67, 2460 MHz, 40.91 W, 0x0000000000000000
2026/09/25 10:52:14.649, 3239 MiB, 49 %, 67, 2460 MHz, 42.08 W, 0x0000000000000000
2026/09/25 10:52:16.652, 3239 MiB, 38 %, 67, 2460 MHz, 40.53 W, 0x0000000000000000
2026/09/25 10:52:18.659, 3239 MiB, 40 %, 66, 2460 MHz, 38.65 W, 0x0000000000000000
2026/09/25 10:52:20.668, 3239 MiB, 45 %, 67, 2460 MHz, 40.33 W, 0x0000000000000000
2026/09/25 10:52:22.683, 3239 MiB, 41 %, 66, 2460 MHz, 39.85 W, 0x0000000000000000
2026/09/25 10:52:24.685, 3239 MiB, 45 %, 67, 2460 MHz, 40.44 W, 0x0000000000000000
2026/09/25 10:52:26.689, 3239 MiB, 40 %, 66, 2460 MHz, 40.18 W, 0x0000000000000000
2026/09/25 10:52:28.700, 3239 MiB, 50 %, 66, 2460 MHz, 39.31 W, 0x0000000000000000
2026/09/25 10:52:30.709, 3239 MiB, 45 %, 66, 2460 MHz, 38.46 W, 0x0000000000000000
2026/09/25 10:52:32.713, 3239 MiB, 44 %, 65, 2460 MHz, 38.57 W, 0x0000000000000000
2026/09/25 10:52:34.717, 3239 MiB, 46 %, 66, 2460 MHz, 38.53 W, 0x0000000000000000
2026/09/25 10:52:36.723, 3239 MiB, 41 %, 65, 2460 MHz, 37.86 W, 0x0000000000000000
2026/09/25 10:52:38.727, 3239 MiB, 42 %, 65, 2460 MHz, 38.92 W, 0x0000000000000000
2026/09/25 10:52:40.728, 3239 MiB, 43 %, 65, 2460 MHz, 39.10 W, 0x0000000000000000
2026/09/25 10:52:42.731, 3239 MiB, 47 %, 65, 2460 MHz, 37.96 W, 0x0000000000000000
2026/09/25 10:52:44.733, 3239 MiB, 40 %, 64, 2460 MHz, 38.21 W, 0x0000000000000000
2026/09/25 10:52:46.742, 3239 MiB, 33 %, 64, 2460 MHz, 38.02 W, 0x0000000000000000
2026/09/25 10:52:48.748, 3239 MiB, 37 %, 65, 2460 MHz, 38.10 W, 0x0000000000000000
2026/09/25 10:52:50.759, 3239 MiB, 40 %, 65, 2460 MHz, 38.83 W, 0x0000000000000000
2026/09/25 10:52:52.769, 3239 MiB, 42 %, 64, 2460 MHz, 37.58 W, 0x0000000000000000
2026/09/25 10:52:54.771, 3239 MiB, 44 %, 65, 2460 MHz, 38.07 W, 0x0000000000000000
2026/09/25 10:52:56.773, 3239 MiB, 44 %, 64, 2460 MHz, 35.71 W, 0x0000000000000000
2026/09/25 10:52:58.780, 3239 MiB, 41 %, 65, 2460 MHz, 35.96 W, 0x0000000000000000
2026/09/25 10:53:00.789, 3239 MiB, 45 %, 64, 2460 MHz, 36.33 W, 0x0000000000000000
2026/09/25 10:53:02.803, 3239 MiB, 29 %, 63, 2460 MHz, 35.67 W, 0x0000000000000000
2026/09/25 10:53:04.806, 3239 MiB, 25 %, 63, 2460 MHz, 34.20 W, 0x0000000000000000
2026/09/25 10:53:06.811, 3239 MiB, 30 %, 63, 2370 MHz, 32.69 W, 0x0000000000000001
2026/09/25 10:53:08.825, 3239 MiB, 36 %, 62, 2280 MHz, 29.13 W, 0x0000000000000001
2026/09/25 10:53:10.831, 3239 MiB, 33 %, 63, 2460 MHz, 33.07 W, 0x0000000000000000
2026/09/25 10:53:12.844, 3239 MiB, 34 %, 62, 2460 MHz, 30.83 W, 0x0000000000000000
2026/09/25 10:53:14.854, 3239 MiB, 31 %, 61, 2355 MHz, 29.24 W, 0x0000000000000001
2026/09/25 10:53:16.861, 3239 MiB, 38 %, 61, 2385 MHz, 29.93 W, 0x0000000000000001
2026/09/25 10:53:18.863, 3239 MiB, 43 %, 60, 1995 MHz, 23.69 W, 0x0000000000000001
2026/09/25 10:53:20.875, 3239 MiB, 40 %, 60, 2265 MHz, 26.05 W, 0x0000000000000001
2026/09/25 10:53:22.882, 3239 MiB, 27 %, 60, 2010 MHz, 25.02 W, 0x0000000000000001
2026/09/25 10:53:24.894, 3239 MiB, 40 %, 59, 2220 MHz, 26.10 W, 0x0000000000000001
2026/09/25 10:53:26.895, 3239 MiB, 44 %, 60, 2235 MHz, 26.44 W, 0x0000000000000001
2026/09/25 10:53:28.910, 3239 MiB, 36 %, 59, 1980 MHz, 24.60 W, 0x0000000000000001
2026/09/25 10:53:30.918, 3239 MiB, 37 %, 58, 1755 MHz, 19.82 W, 0x0000000000000001
2026/09/25 10:53:32.919, 3239 MiB, 30 %, 57, 1770 MHz, 18.94 W, 0x0000000000000001
2026/09/25 10:53:34.924, 3239 MiB, 34 %, 57, 1485 MHz, 17.11 W, 0x0000000000000001
2026/09/25 10:53:36.925, 3239 MiB, 39 %, 56, 1665 MHz, 17.47 W, 0x0000000000000001
2026/09/25 10:53:38.935, 3239 MiB, 36 %, 56, 1485 MHz, 15.49 W, 0x0000000000000001
2026/09/25 10:53:40.936, 3239 MiB, 34 %, 55, 1395 MHz, 13.63 W, 0x0000000000000001
2026/09/25 10:53:42.943, 3239 MiB, 49 %, 55, 765 MHz, 11.99 W, 0x0000000000000001
2026/09/25 10:53:44.952, 3239 MiB, 53 %, 54, 315 MHz, 7.98 W, 0x0000000000000001
2026/09/25 10:53:46.963, 3239 MiB, 51 %, 54, 345 MHz, 6.89 W, 0x0000000000000001
2026/09/25 10:53:48.976, 3239 MiB, 46 %, 53, 360 MHz, 7.03 W, 0x0000000000000001
2026/09/25 10:53:50.985, 3239 MiB, 48 %, 53, 330 MHz, 6.83 W, 0x0000000000000001
2026/09/25 10:53:52.989, 3239 MiB, 67 %, 53, 390 MHz, 8.90 W, 0x0000000000000001
2026/09/25 10:53:54.994, 3239 MiB, 45 %, 52, 450 MHz, 7.95 W, 0x0000000000000001
2026/09/25 10:53:57.004, 3239 MiB, 63 %, 52, 330 MHz, 8.10 W, 0x0000000000000001
2026/09/25 10:53:59.006, 3239 MiB, 55 %, 52, 330 MHz, 6.79 W, 0x0000000000000001
2026/09/25 10:54:01.014, 3239 MiB, 52 %, 52, 345 MHz, 6.84 W, 0x0000000000000001
2026/09/25 10:54:03.022, 3239 MiB, 58 %, 51, 435 MHz, 8.52 W, 0x0000000000000001
2026/09/25 10:54:05.025, 3239 MiB, 44 %, 51, 450 MHz, 8.36 W, 0x0000000000000001
2026/09/25 10:54:07.033, 3239 MiB, 24 %, 53, 2130 MHz, 18.98 W, 0x0000000000000001
2026/09/25 10:54:09.044, 3239 MiB, 38 %, 52, 1440 MHz, 14.11 W, 0x0000000000000001
2026/09/25 10:54:11.058, 3239 MiB, 39 %, 52, 1215 MHz, 14.16 W, 0x0000000000000001
2026/09/25 10:54:13.069, 3239 MiB, 47 %, 51, 795 MHz, 11.56 W, 0x0000000000000001
2026/09/25 10:54:15.076, 3239 MiB, 38 %, 51, 495 MHz, 9.31 W, 0x0000000000000001
2026/09/25 10:54:17.088, 3239 MiB, 53 %, 51, 345 MHz, 7.47 W, 0x0000000000000001
2026/09/25 10:54:19.098, 3239 MiB, 54 %, 50, 390 MHz, 8.28 W, 0x0000000000000001
2026/09/25 10:54:21.106, 3239 MiB, 52 %, 50, 330 MHz, 6.83 W, 0x0000000000000001
2026/09/25 10:54:23.108, 3239 MiB, 60 %, 50, 375 MHz, 6.84 W, 0x0000000000000001
2026/09/25 10:54:25.117, 3239 MiB, 58 %, 50, 330 MHz, 6.67 W, 0x0000000000000001
2026/09/25 10:54:27.124, 3239 MiB, 63 %, 50, 435 MHz, 9.19 W, 0x0000000000000001
2026/09/25 10:54:29.126, 3239 MiB, 43 %, 49, 375 MHz, 8.27 W, 0x0000000000000001
2026/09/25 10:54:31.139, 3239 MiB, 50 %, 49, 390 MHz, 7.26 W, 0x0000000000000001
2026/09/25 10:54:33.146, 3239 MiB, 64 %, 49, 345 MHz, 7.99 W, 0x0000000000000001
2026/09/25 10:54:35.161, 3239 MiB, 52 %, 49, 345 MHz, 8.90 W, 0x0000000000000001
2026/09/25 10:54:37.167, 3239 MiB, 43 %, 49, 390 MHz, 8.71 W, 0x0000000000000001
2026/09/25 10:54:39.182, 3239 MiB, 66 %, 49, 570 MHz, 7.99 W, 0x0000000000000001
2026/09/25 10:54:41.185, 3239 MiB, 51 %, 49, 315 MHz, 7.03 W, 0x0000000000000001
2026/09/25 10:54:43.193, 3239 MiB, 41 %, 48, 285 MHz, 7.60 W, 0x0000000000000001
2026/09/25 10:54:45.208, 3239 MiB, 48 %, 48, 480 MHz, 7.79 W, 0x0000000000000001
2026/09/25 10:54:47.222, 3239 MiB, 49 %, 48, 300 MHz, 7.49 W, 0x0000000000000001
2026/09/25 10:54:49.224, 3239 MiB, 34 %, 48, 480 MHz, 8.15 W, 0x0000000000000001
2026/09/25 10:54:51.236, 3239 MiB, 33 %, 48, 510 MHz, 7.62 W, 0x0000000000000001
2026/09/25 10:54:53.246, 3239 MiB, 46 %, 48, 345 MHz, 6.85 W, 0x0000000000000001
2026/09/25 10:54:55.247, 3239 MiB, 61 %, 48, 435 MHz, 6.85 W, 0x0000000000000001
2026/09/25 10:54:57.260, 3239 MiB, 49 %, 48, 330 MHz, 6.71 W, 0x0000000000000001
2026/09/25 10:54:59.268, 3239 MiB, 51 %, 48, 450 MHz, 7.33 W, 0x0000000000000001
2026/09/25 10:55:01.275, 3239 MiB, 43 %, 47, 345 MHz, 8.93 W, 0x0000000000000001
2026/09/25 10:55:03.276, 3239 MiB, 58 %, 47, 390 MHz, 8.93 W, 0x0000000000000001
2026/09/25 10:55:05.277, 3239 MiB, 49 %, 47, 465 MHz, 8.87 W, 0x0000000000000001
2026/09/25 10:55:07.284, 3239 MiB, 42 %, 47, 345 MHz, 7.65 W, 0x0000000000000001
2026/09/25 10:55:09.292, 3239 MiB, 60 %, 47, 375 MHz, 7.95 W, 0x0000000000000001
2026/09/25 10:55:11.298, 3239 MiB, 43 %, 47, 210 MHz, 6.42 W, 0x0000000000000001
2026/09/25 10:55:13.305, 3239 MiB, 43 %, 51, 2220 MHz, 21.41 W, 0x0000000000000001
2026/09/25 10:55:15.312, 3239 MiB, 40 %, 52, 2100 MHz, 32.03 W, 0x0000000000000001
2026/09/25 10:55:17.318, 3239 MiB, 16 %, 51, 2475 MHz, 29.27 W, 0x0000000000000000
2026/09/25 10:55:19.328, 3239 MiB, 42 %, 54, 2475 MHz, 39.79 W, 0x0000000000000000
2026/09/25 10:55:21.343, 3239 MiB, 25 %, 53, 2235 MHz, 31.25 W, 0x0000000000000001
2026/09/25 10:55:23.350, 3239 MiB, 26 %, 50, 1680 MHz, 17.49 W, 0x0000000000000001
2026/09/25 10:55:25.351, 3239 MiB, 71 %, 60, 2475 MHz, 52.06 W, 0x0000000000000000
2026/09/25 10:55:27.362, 3239 MiB, 69 %, 62, 2460 MHz, 65.22 W, 0x0000000000000000
2026/09/25 10:55:29.364, 3239 MiB, 70 %, 63, 2460 MHz, 66.07 W, 0x0000000000000004
2026/09/25 10:55:31.376, 3239 MiB, 70 %, 63, 2460 MHz, 66.48 W, 0x0000000000000004
2026/09/25 10:55:33.382, 3239 MiB, 70 %, 65, 2460 MHz, 66.93 W, 0x0000000000000004
2026/09/25 10:55:35.383, 3239 MiB, 70 %, 66, 2460 MHz, 66.15 W, 0x0000000000000004
2026/09/25 10:55:37.390, 3239 MiB, 70 %, 66, 2460 MHz, 67.04 W, 0x0000000000000000
2026/09/25 10:55:39.393, 3239 MiB, 69 %, 66, 2415 MHz, 67.08 W, 0x0000000000000004
2026/09/25 10:55:41.403, 3239 MiB, 71 %, 67, 2460 MHz, 67.38 W, 0x0000000000000004
2026/09/25 10:55:43.405, 3239 MiB, 70 %, 67, 2445 MHz, 67.78 W, 0x0000000000000004
2026/09/25 10:55:45.414, 3239 MiB, 71 %, 69, 2400 MHz, 67.21 W, 0x0000000000000004
2026/09/25 10:55:47.426, 3239 MiB, 70 %, 69, 2460 MHz, 67.55 W, 0x0000000000000004
2026/09/25 10:55:49.430, 3239 MiB, 67 %, 69, 2460 MHz, 66.63 W, 0x0000000000000004
2026/09/25 10:55:51.441, 3239 MiB, 66 %, 68, 2460 MHz, 65.65 W, 0x0000000000000004
2026/09/25 10:55:53.448, 3239 MiB, 67 %, 70, 2460 MHz, 65.51 W, 0x0000000000000000
2026/09/25 10:55:55.459, 3239 MiB, 68 %, 69, 2460 MHz, 67.63 W, 0x0000000000000004
2026/09/25 10:55:57.469, 3239 MiB, 69 %, 71, 2445 MHz, 67.50 W, 0x0000000000000004
2026/09/25 10:55:59.472, 3239 MiB, 68 %, 71, 2445 MHz, 66.98 W, 0x0000000000000004
2026/09/25 10:56:01.476, 3239 MiB, 71 %, 71, 2430 MHz, 67.52 W, 0x0000000000000004
2026/09/25 10:56:03.484, 3239 MiB, 70 %, 72, 2430 MHz, 68.05 W, 0x0000000000000004
2026/09/25 10:56:05.490, 3239 MiB, 70 %, 72, 2445 MHz, 67.64 W, 0x0000000000000004
2026/09/25 10:56:07.499, 3239 MiB, 73 %, 72, 2355 MHz, 68.04 W, 0x0000000000000004
2026/09/25 10:56:09.504, 3239 MiB, 69 %, 73, 2445 MHz, 68.69 W, 0x0000000000000004
2026/09/25 10:56:11.517, 3239 MiB, 70 %, 73, 2400 MHz, 68.15 W, 0x0000000000000004
2026/09/25 10:56:13.522, 3239 MiB, 69 %, 73, 2460 MHz, 67.63 W, 0x0000000000000004
2026/09/25 10:56:15.525, 3239 MiB, 67 %, 74, 2460 MHz, 68.35 W, 0x0000000000000004
2026/09/25 10:56:17.525, 3239 MiB, 70 %, 74, 2430 MHz, 68.33 W, 0x0000000000000004
2026/09/25 10:56:19.540, 3239 MiB, 69 %, 74, 2430 MHz, 68.32 W, 0x0000000000000004
2026/09/25 10:56:21.550, 3239 MiB, 67 %, 75, 2445 MHz, 67.83 W, 0x0000000000000004
2026/09/25 10:56:23.555, 3239 MiB, 67 %, 75, 2460 MHz, 66.81 W, 0x0000000000000004
2026/09/25 10:56:25.560, 3239 MiB, 69 %, 75, 2430 MHz, 67.31 W, 0x0000000000000004
2026/09/25 10:56:27.567, 3239 MiB, 69 %, 75, 2430 MHz, 68.60 W, 0x0000000000000004
2026/09/25 10:56:29.578, 3239 MiB, 71 %, 75, 2385 MHz, 68.48 W, 0x0000000000000004
2026/09/25 10:56:31.581, 3239 MiB, 68 %, 75, 2400 MHz, 68.53 W, 0x0000000000000004
2026/09/25 10:56:33.585, 3239 MiB, 70 %, 76, 2400 MHz, 67.79 W, 0x0000000000000004
2026/09/25 10:56:35.586, 3239 MiB, 65 %, 76, 2460 MHz, 68.27 W, 0x0000000000000000
2026/09/25 10:56:37.594, 3239 MiB, 71 %, 76, 2385 MHz, 68.42 W, 0x0000000000000004
2026/09/25 10:56:39.610, 3239 MiB, 69 %, 76, 2415 MHz, 68.42 W, 0x0000000000000004
2026/09/25 10:56:41.613, 3239 MiB, 72 %, 76, 2400 MHz, 68.47 W, 0x0000000000000004
2026/09/25 10:56:43.621, 3239 MiB, 67 %, 77, 2460 MHz, 68.19 W, 0x0000000000000004
2026/09/25 10:56:45.630, 3239 MiB, 69 %, 76, 2430 MHz, 68.31 W, 0x0000000000000004
2026/09/25 10:56:47.637, 3239 MiB, 71 %, 76, 2400 MHz, 68.35 W, 0x0000000000000004
2026/09/25 10:56:49.651, 3239 MiB, 70 %, 77, 2385 MHz, 67.85 W, 0x0000000000000004
2026/09/25 10:56:51.657, 3239 MiB, 67 %, 77, 2445 MHz, 67.83 W, 0x0000000000000004
2026/09/25 10:56:53.669, 3239 MiB, 70 %, 77, 2400 MHz, 68.37 W, 0x0000000000000004
2026/09/25 10:56:55.671, 3239 MiB, 71 %, 77, 2370 MHz, 68.10 W, 0x0000000000000004
2026/09/25 10:56:57.680, 3239 MiB, 69 %, 77, 2385 MHz, 67.76 W, 0x0000000000000004
2026/09/25 10:56:59.687, 3239 MiB, 71 %, 77, 2385 MHz, 67.93 W, 0x0000000000000004
2026/09/25 10:57:01.697, 3239 MiB, 67 %, 78, 2415 MHz, 67.65 W, 0x0000000000000000
2026/09/25 10:57:03.713, 3239 MiB, 70 %, 77, 2385 MHz, 67.08 W, 0x0000000000000004
2026/09/25 10:57:05.714, 3239 MiB, 68 %, 77, 2445 MHz, 67.22 W, 0x0000000000000004
2026/09/25 10:57:07.725, 3239 MiB, 68 %, 76, 2385 MHz, 67.37 W, 0x0000000000000004
2026/09/25 10:57:09.735, 3239 MiB, 69 %, 78, 2400 MHz, 67.73 W, 0x0000000000000004
2026/09/25 10:57:11.746, 3239 MiB, 68 %, 78, 2445 MHz, 67.86 W, 0x0000000000000004
2026/09/25 10:57:13.750, 3239 MiB, 70 %, 77, 2385 MHz, 67.75 W, 0x0000000000000004
2026/09/25 10:57:15.764, 3239 MiB, 67 %, 77, 2430 MHz, 66.45 W, 0x0000000000000004
2026/09/25 10:57:17.772, 3239 MiB, 68 %, 78, 2400 MHz, 67.08 W, 0x0000000000000004
2026/09/25 10:57:19.777, 3239 MiB, 68 %, 78, 2415 MHz, 67.27 W, 0x0000000000000004
2026/09/25 10:57:21.783, 3239 MiB, 69 %, 78, 2400 MHz, 67.46 W, 0x0000000000000004
2026/09/25 10:57:23.786, 3239 MiB, 67 %, 78, 2430 MHz, 67.16 W, 0x0000000000000004
2026/09/25 10:57:25.798, 3239 MiB, 71 %, 77, 2445 MHz, 65.98 W, 0x0000000000000004
2026/09/25 10:57:27.802, 3239 MiB, 66 %, 77, 2445 MHz, 66.81 W, 0x0000000000000000
2026/09/25 10:57:29.814, 3239 MiB, 68 %, 79, 2415 MHz, 67.56 W, 0x0000000000000004
2026/09/25 10:57:31.830, 3239 MiB, 63 %, 78, 2445 MHz, 66.31 W, 0x0000000000000000
2026/09/25 10:57:33.842, 3239 MiB, 65 %, 79, 2400 MHz, 66.64 W, 0x0000000000000000
2026/09/25 10:57:35.853, 3239 MiB, 68 %, 79, 2415 MHz, 67.05 W, 0x0000000000000004
2026/09/25 10:57:37.866, 3239 MiB, 66 %, 78, 2400 MHz, 67.15 W, 0x0000000000000004
2026/09/25 10:57:39.868, 3239 MiB, 68 %, 79, 2445 MHz, 67.79 W, 0x0000000000000004
2026/09/25 10:57:41.879, 3239 MiB, 69 %, 79, 2415 MHz, 67.10 W, 0x0000000000000004
2026/09/25 10:57:43.891, 3239 MiB, 69 %, 78, 2385 MHz, 66.88 W, 0x0000000000000004
2026/09/25 10:57:45.900, 3239 MiB, 72 %, 79, 2370 MHz, 67.24 W, 0x0000000000000004
2026/09/25 10:57:47.915, 3239 MiB, 70 %, 78, 2445 MHz, 66.41 W, 0x0000000000000004
2026/09/25 10:57:49.928, 3239 MiB, 62 %, 79, 2385 MHz, 66.78 W, 0x0000000000000004
2026/09/25 10:57:51.933, 3239 MiB, 70 %, 79, 2400 MHz, 66.81 W, 0x0000000000000004
2026/09/25 10:57:53.934, 3239 MiB, 65 %, 77, 2445 MHz, 66.29 W, 0x0000000000000004
2026/09/25 10:57:55.939, 3239 MiB, 67 %, 79, 2430 MHz, 66.12 W, 0x0000000000000004
2026/09/25 10:57:57.944, 3239 MiB, 69 %, 79, 2400 MHz, 66.01 W, 0x0000000000000004
2026/09/25 10:57:59.957, 3239 MiB, 67 %, 79, 2400 MHz, 66.41 W, 0x0000000000000004
2026/09/25 10:58:01.961, 3239 MiB, 67 %, 78, 2415 MHz, 66.55 W, 0x0000000000000004
2026/09/25 10:58:03.973, 3239 MiB, 63 %, 79, 2385 MHz, 65.05 W, 0x0000000000000004
2026/09/25 10:58:05.974, 3239 MiB, 59 %, 79, 2400 MHz, 64.86 W, 0x0000000000000004
2026/09/25 10:58:07.982, 3239 MiB, 55 %, 77, 2445 MHz, 63.00 W, 0x0000000000000000
2026/09/25 10:58:09.995, 3239 MiB, 63 %, 78, 2430 MHz, 63.63 W, 0x0000000000000004
2026/09/25 10:58:12.007, 3239 MiB, 59 %, 76, 2445 MHz, 61.24 W, 0x0000000000000000
2026/09/25 10:58:14.008, 3239 MiB, 62 %, 76, 2445 MHz, 62.79 W, 0x0000000000000004
2026/09/25 10:58:16.011, 3239 MiB, 65 %, 78, 2445 MHz, 62.79 W, 0x0000000000000004
2026/09/25 10:58:18.027, 3239 MiB, 64 %, 78, 2445 MHz, 63.44 W, 0x0000000000000000
2026/09/25 10:58:20.030, 3239 MiB, 62 %, 77, 2430 MHz, 63.75 W, 0x0000000000000004
2026/09/25 10:58:22.042, 3239 MiB, 64 %, 77, 2445 MHz, 62.26 W, 0x0000000000000004
2026/09/25 10:58:24.054, 3239 MiB, 69 %, 78, 2445 MHz, 63.95 W, 0x0000000000000000
2026/09/25 10:58:26.065, 3239 MiB, 62 %, 78, 2385 MHz, 61.53 W, 0x0000000000000004
2026/09/25 10:58:28.077, 3239 MiB, 64 %, 78, 2430 MHz, 62.41 W, 0x0000000000000000
2026/09/25 10:58:30.087, 3239 MiB, 67 %, 77, 2445 MHz, 63.81 W, 0x0000000000000004
2026/09/25 10:58:32.102, 3239 MiB, 64 %, 78, 2445 MHz, 62.33 W, 0x0000000000000004
2026/09/25 10:58:34.106, 3239 MiB, 66 %, 78, 2445 MHz, 63.53 W, 0x0000000000000000
2026/09/25 10:58:36.121, 3239 MiB, 65 %, 78, 2400 MHz, 64.53 W, 0x0000000000000004
2026/09/25 10:58:38.131, 3239 MiB, 59 %, 77, 2445 MHz, 62.70 W, 0x0000000000000000
2026/09/25 10:58:40.137, 3239 MiB, 64 %, 78, 2445 MHz, 63.11 W, 0x0000000000000004
2026/09/25 10:58:42.152, 3239 MiB, 66 %, 78, 2385 MHz, 63.52 W, 0x0000000000000004
2026/09/25 10:58:44.162, 3239 MiB, 64 %, 78, 2445 MHz, 64.45 W, 0x0000000000000000
2026/09/25 10:58:46.164, 3239 MiB, 61 %, 78, 2415 MHz, 62.77 W, 0x0000000000000000
2026/09/25 10:58:48.179, 3239 MiB, 64 %, 77, 2445 MHz, 63.19 W, 0x0000000000000000
2026/09/25 10:58:50.194, 3239 MiB, 65 %, 78, 2445 MHz, 64.27 W, 0x0000000000000000
2026/09/25 10:58:52.207, 3239 MiB, 63 %, 77, 2445 MHz, 62.51 W, 0x0000000000000004
2026/09/25 10:58:54.216, 3239 MiB, 63 %, 77, 2430 MHz, 62.05 W, 0x0000000000000000
2026/09/25 10:58:56.224, 3239 MiB, 60 %, 77, 2445 MHz, 63.13 W, 0x0000000000000000
2026/09/25 10:58:58.233, 3239 MiB, 63 %, 77, 2445 MHz, 63.78 W, 0x0000000000000000
2026/09/25 10:59:00.237, 3239 MiB, 60 %, 77, 2415 MHz, 63.35 W, 0x0000000000000000
2026/09/25 10:59:02.250, 3239 MiB, 59 %, 76, 2445 MHz, 61.78 W, 0x0000000000000000
2026/09/25 10:59:04.264, 3239 MiB, 64 %, 77, 2445 MHz, 61.85 W, 0x0000000000000000
2026/09/25 10:59:06.269, 3239 MiB, 61 %, 78, 2445 MHz, 61.37 W, 0x0000000000000004
2026/09/25 10:59:08.284, 3239 MiB, 59 %, 77, 2445 MHz, 61.63 W, 0x0000000000000000
2026/09/25 10:59:10.293, 3239 MiB, 64 %, 77, 2430 MHz, 61.98 W, 0x0000000000000004
2026/09/25 10:59:12.294, 3239 MiB, 60 %, 77, 2445 MHz, 61.70 W, 0x0000000000000000
2026/09/25 10:59:14.304, 3239 MiB, 64 %, 77, 2445 MHz, 62.10 W, 0x0000000000000000
2026/09/25 10:59:16.311, 3239 MiB, 63 %, 77, 2445 MHz, 62.72 W, 0x0000000000000000
2026/09/25 10:59:18.318, 3239 MiB, 61 %, 77, 2445 MHz, 62.73 W, 0x0000000000000000
2026/09/25 10:59:20.331, 3239 MiB, 62 %, 77, 2445 MHz, 62.45 W, 0x0000000000000004
2026/09/25 10:59:22.341, 3239 MiB, 64 %, 78, 2445 MHz, 62.62 W, 0x0000000000000000
2026/09/25 10:59:24.353, 3239 MiB, 60 %, 78, 2445 MHz, 59.46 W, 0x0000000000000000
2026/09/25 10:59:26.364, 3239 MiB, 61 %, 78, 2445 MHz, 61.97 W, 0x0000000000000000
2026/09/25 10:59:28.380, 3239 MiB, 65 %, 78, 2445 MHz, 61.91 W, 0x0000000000000004
2026/09/25 10:59:30.385, 3239 MiB, 62 %, 77, 2445 MHz, 61.08 W, 0x0000000000000000
2026/09/25 10:59:32.396, 3239 MiB, 63 %, 77, 2445 MHz, 63.46 W, 0x0000000000000000
2026/09/25 10:59:34.411, 3239 MiB, 61 %, 78, 2445 MHz, 62.79 W, 0x0000000000000000
2026/09/25 10:59:36.422, 3239 MiB, 63 %, 78, 2430 MHz, 63.79 W, 0x0000000000000004
2026/09/25 10:59:38.427, 3239 MiB, 65 %, 78, 2445 MHz, 63.04 W, 0x0000000000000000
2026/09/25 10:59:40.434, 3239 MiB, 60 %, 78, 2430 MHz, 61.54 W, 0x0000000000000004
2026/09/25 10:59:42.446, 3239 MiB, 61 %, 77, 2400 MHz, 64.45 W, 0x0000000000000004
2026/09/25 10:59:44.458, 3239 MiB, 62 %, 78, 2445 MHz, 63.85 W, 0x0000000000000004
2026/09/25 10:59:46.468, 3239 MiB, 67 %, 78, 2445 MHz, 65.25 W, 0x0000000000000000
2026/09/25 10:59:48.482, 3239 MiB, 66 %, 77, 2445 MHz, 63.72 W, 0x0000000000000000
2026/09/25 10:59:50.491, 3239 MiB, 61 %, 77, 2445 MHz, 63.25 W, 0x0000000000000000
2026/09/25 10:59:52.497, 3239 MiB, 62 %, 77, 2445 MHz, 65.06 W, 0x0000000000000000
2026/09/25 10:59:54.510, 3239 MiB, 65 %, 77, 2460 MHz, 60.39 W, 0x0000000000000004
2026/09/25 10:59:56.516, 3223 MiB, 30 %, 71, 2445 MHz, 54.76 W, 0x0000000000000000
2026/09/25 10:59:58.522, 3239 MiB, 58 %, 76, 2445 MHz, 58.27 W, 0x0000000000000000
2026/09/25 11:00:00.539, 3291 MiB, 48 %, 75, 2445 MHz, 60.80 W, 0x0000000000000000
2026/09/25 11:00:02.545, 3298 MiB, 56 %, 76, 2445 MHz, 58.92 W, 0x0000000000000000
2026/09/25 11:00:04.551, 3298 MiB, 58 %, 76, 2445 MHz, 56.39 W, 0x0000000000000004
2026/09/25 11:00:06.561, 3298 MiB, 54 %, 75, 2445 MHz, 58.79 W, 0x0000000000000000
2026/09/25 11:00:08.566, 3298 MiB, 53 %, 76, 2445 MHz, 59.49 W, 0x0000000000000000
2026/09/25 11:00:10.578, 3298 MiB, 59 %, 76, 2445 MHz, 59.44 W, 0x0000000000000004
2026/09/25 11:00:12.589, 3298 MiB, 59 %, 76, 2445 MHz, 60.28 W, 0x0000000000000004
2026/09/25 11:00:14.593, 3298 MiB, 58 %, 76, 2445 MHz, 58.68 W, 0x0000000000000000
2026/09/25 11:00:16.602, 3298 MiB, 58 %, 77, 2445 MHz, 59.56 W, 0x0000000000000000
2026/09/25 11:00:18.615, 3298 MiB, 60 %, 76, 2445 MHz, 60.55 W, 0x0000000000000004
2026/09/25 11:00:20.623, 3298 MiB, 55 %, 77, 2445 MHz, 62.07 W, 0x0000000000000000
2026/09/25 11:00:22.630, 3298 MiB, 62 %, 76, 2445 MHz, 62.62 W, 0x0000000000000000
2026/09/25 11:00:24.632, 3298 MiB, 55 %, 77, 2445 MHz, 60.25 W, 0x0000000000000000
2026/09/25 11:00:26.640, 3298 MiB, 63 %, 77, 2445 MHz, 62.32 W, 0x0000000000000000
2026/09/25 11:00:28.642, 3298 MiB, 63 %, 76, 2445 MHz, 62.94 W, 0x0000000000000000
2026/09/25 11:00:30.643, 3298 MiB, 62 %, 77, 2445 MHz, 60.80 W, 0x0000000000000004
2026/09/25 11:00:32.647, 3298 MiB, 57 %, 77, 2445 MHz, 60.48 W, 0x0000000000000000
2026/09/25 11:00:34.649, 3298 MiB, 63 %, 77, 2445 MHz, 58.27 W, 0x0000000000000000
2026/09/25 11:00:36.659, 3298 MiB, 60 %, 77, 2445 MHz, 60.72 W, 0x0000000000000000
2026/09/25 11:00:38.672, 3304 MiB, 58 %, 76, 2445 MHz, 59.03 W, 0x0000000000000000
2026/09/25 11:00:40.685, 3347 MiB, 57 %, 77, 2445 MHz, 56.99 W, 0x0000000000000000
2026/09/25 11:00:42.693, 3347 MiB, 62 %, 76, 2445 MHz, 60.54 W, 0x0000000000000000
2026/09/25 11:00:44.701, 3347 MiB, 59 %, 77, 2445 MHz, 61.21 W, 0x0000000000000000
2026/09/25 11:00:46.703, 3347 MiB, 62 %, 76, 2445 MHz, 60.40 W, 0x0000000000000000
2026/09/25 11:00:48.709, 3347 MiB, 60 %, 77, 2445 MHz, 60.71 W, 0x0000000000000000
2026/09/25 11:00:50.722, 3347 MiB, 60 %, 77, 2445 MHz, 62.15 W, 0x0000000000000000
2026/09/25 11:00:52.726, 3347 MiB, 62 %, 77, 2445 MHz, 61.95 W, 0x0000000000000000
2026/09/25 11:00:54.729, 3347 MiB, 61 %, 77, 2445 MHz, 61.90 W, 0x0000000000000000
2026/09/25 11:00:56.736, 3347 MiB, 64 %, 77, 2445 MHz, 62.10 W, 0x0000000000000000
2026/09/25 11:00:58.742, 3347 MiB, 65 %, 76, 2415 MHz, 61.88 W, 0x0000000000000004
2026/09/25 11:01:00.754, 3347 MiB, 61 %, 77, 2415 MHz, 62.18 W, 0x0000000000000000
2026/09/25 11:01:02.769, 3347 MiB, 62 %, 77, 2445 MHz, 61.75 W, 0x0000000000000000
2026/09/25 11:01:04.773, 3347 MiB, 58 %, 76, 2445 MHz, 61.93 W, 0x0000000000000000
2026/09/25 11:01:06.783, 3347 MiB, 63 %, 78, 2430 MHz, 63.96 W, 0x0000000000000000
2026/09/25 11:01:08.793, 3347 MiB, 62 %, 77, 2445 MHz, 64.39 W, 0x0000000000000000
2026/09/25 11:01:10.807, 3347 MiB, 64 %, 78, 2415 MHz, 63.78 W, 0x0000000000000000
2026/09/25 11:01:12.815, 3347 MiB, 64 %, 77, 2430 MHz, 63.66 W, 0x0000000000000004
2026/09/25 11:01:14.817, 3347 MiB, 62 %, 77, 2445 MHz, 64.29 W, 0x0000000000000004
2026/09/25 11:01:16.823, 3347 MiB, 63 %, 78, 2445 MHz, 65.05 W, 0x0000000000000000
2026/09/25 11:01:18.838, 3347 MiB, 61 %, 78, 2445 MHz, 64.64 W, 0x0000000000000004
2026/09/25 11:01:20.850, 3347 MiB, 58 %, 77, 2430 MHz, 64.33 W, 0x0000000000000000
2026/09/25 11:01:22.862, 3347 MiB, 64 %, 77, 2445 MHz, 62.63 W, 0x0000000000000000
2026/09/25 11:01:24.871, 3347 MiB, 65 %, 78, 2445 MHz, 66.07 W, 0x0000000000000004
2026/09/25 11:01:26.883, 3347 MiB, 64 %, 78, 2415 MHz, 64.04 W, 0x0000000000000004
2026/09/25 11:01:28.888, 3347 MiB, 60 %, 77, 2445 MHz, 64.15 W, 0x0000000000000000
2026/09/25 11:01:30.897, 3347 MiB, 65 %, 78, 2445 MHz, 65.91 W, 0x0000000000000004
2026/09/25 11:01:32.909, 3347 MiB, 62 %, 78, 2445 MHz, 65.31 W, 0x0000000000000004
2026/09/25 11:01:34.922, 3347 MiB, 65 %, 79, 2415 MHz, 65.35 W, 0x0000000000000004
2026/09/25 11:01:36.930, 3347 MiB, 63 %, 79, 2430 MHz, 65.65 W, 0x0000000000000000
2026/09/25 11:01:38.932, 3347 MiB, 60 %, 78, 2445 MHz, 65.25 W, 0x0000000000000004
2026/09/25 11:01:40.938, 3347 MiB, 62 %, 78, 2445 MHz, 64.58 W, 0x0000000000000000
2026/09/25 11:01:42.946, 3347 MiB, 68 %, 78, 2430 MHz, 65.78 W, 0x0000000000000004
2026/09/25 11:01:44.947, 3347 MiB, 66 %, 78, 2430 MHz, 65.81 W, 0x0000000000000004
2026/09/25 11:01:46.962, 3347 MiB, 63 %, 79, 2430 MHz, 65.76 W, 0x0000000000000004
2026/09/25 11:01:48.965, 3347 MiB, 66 %, 79, 2445 MHz, 66.67 W, 0x0000000000000004
2026/09/25 11:01:50.977, 3347 MiB, 67 %, 79, 2400 MHz, 66.56 W, 0x0000000000000004
2026/09/25 11:01:52.987, 3347 MiB, 67 %, 79, 2430 MHz, 65.81 W, 0x0000000000000004
2026/09/25 11:01:55.000, 3347 MiB, 65 %, 79, 2430 MHz, 65.37 W, 0x0000000000000004
2026/09/25 11:01:57.004, 3347 MiB, 66 %, 79, 2400 MHz, 66.38 W, 0x0000000000000004
2026/09/25 11:01:59.006, 3347 MiB, 66 %, 79, 2445 MHz, 66.82 W, 0x0000000000000004
2026/09/25 11:02:01.020, 3347 MiB, 62 %, 79, 2445 MHz, 65.81 W, 0x0000000000000000
2026/09/25 11:02:03.032, 3347 MiB, 67 %, 79, 2445 MHz, 66.11 W, 0x0000000000000004
2026/09/25 11:02:05.041, 3347 MiB, 65 %, 79, 2415 MHz, 66.46 W, 0x0000000000000004
2026/09/25 11:02:07.042, 3347 MiB, 67 %, 78, 2445 MHz, 66.65 W, 0x0000000000000004
2026/09/25 11:02:09.050, 3347 MiB, 65 %, 78, 2445 MHz, 62.12 W, 0x0000000000000000
2026/09/25 11:02:11.052, 3347 MiB, 68 %, 77, 2445 MHz, 62.40 W, 0x0000000000000000
2026/09/25 11:02:13.066, 3347 MiB, 59 %, 79, 2445 MHz, 63.83 W, 0x0000000000000000
2026/09/25 11:02:15.067, 3347 MiB, 62 %, 79, 2430 MHz, 66.15 W, 0x0000000000000004
2026/09/25 11:02:17.080, 3347 MiB, 65 %, 79, 2430 MHz, 65.13 W, 0x0000000000000004
2026/09/25 11:02:19.093, 3347 MiB, 63 %, 78, 2445 MHz, 67.00 W, 0x0000000000000004
2026/09/25 11:02:21.095, 3347 MiB, 61 %, 79, 2445 MHz, 66.16 W, 0x0000000000000000
2026/09/25 11:02:23.098, 3347 MiB, 60 %, 78, 2445 MHz, 65.91 W, 0x0000000000000000
2026/09/25 11:02:25.113, 3347 MiB, 70 %, 78, 2445 MHz, 64.80 W, 0x0000000000000004
2026/09/25 11:02:27.118, 3347 MiB, 68 %, 78, 2445 MHz, 62.24 W, 0x0000000000000000
2026/09/25 11:02:29.121, 3347 MiB, 68 %, 79, 2445 MHz, 62.31 W, 0x0000000000000000
2026/09/25 11:02:31.121, 3347 MiB, 68 %, 79, 2445 MHz, 63.24 W, 0x0000000000000000
2026/09/25 11:02:33.123, 3347 MiB, 65 %, 78, 2445 MHz, 64.37 W, 0x0000000000000004
2026/09/25 11:02:35.130, 3347 MiB, 69 %, 79, 2445 MHz, 64.29 W, 0x0000000000000004
2026/09/25 11:02:37.132, 3347 MiB, 70 %, 79, 2445 MHz, 64.64 W, 0x0000000000000000
2026/09/25 11:02:39.133, 3347 MiB, 65 %, 79, 2430 MHz, 62.63 W, 0x0000000000000000
2026/09/25 11:02:41.136, 3347 MiB, 66 %, 78, 2445 MHz, 64.46 W, 0x0000000000000000
2026/09/25 11:02:43.143, 3347 MiB, 69 %, 78, 2445 MHz, 64.11 W, 0x0000000000000000
2026/09/25 11:02:45.156, 3347 MiB, 68 %, 79, 2445 MHz, 65.21 W, 0x0000000000000004
2026/09/25 11:02:47.164, 3347 MiB, 68 %, 79, 2445 MHz, 64.51 W, 0x0000000000000000
2026/09/25 11:02:49.176, 3347 MiB, 67 %, 79, 2445 MHz, 64.40 W, 0x0000000000000000
2026/09/25 11:02:51.178, 3347 MiB, 61 %, 78, 2445 MHz, 62.59 W, 0x0000000000000000
2026/09/25 11:02:53.187, 3347 MiB, 66 %, 79, 2445 MHz, 64.29 W, 0x0000000000000000
2026/09/25 11:02:55.198, 3347 MiB, 69 %, 78, 2445 MHz, 63.12 W, 0x0000000000000004
2026/09/25 11:02:57.212, 3347 MiB, 70 %, 78, 2445 MHz, 63.73 W, 0x0000000000000004
2026/09/25 11:02:59.215, 3347 MiB, 69 %, 79, 2445 MHz, 63.38 W, 0x0000000000000004
2026/09/25 11:03:01.220, 3347 MiB, 64 %, 79, 2445 MHz, 62.74 W, 0x0000000000000004
2026/09/25 11:03:03.229, 3347 MiB, 61 %, 78, 2445 MHz, 59.98 W, 0x0000000000000000
2026/09/25 11:03:05.238, 3347 MiB, 57 %, 77, 2445 MHz, 60.60 W, 0x0000000000000000
2026/09/25 11:03:07.254, 3347 MiB, 67 %, 79, 2445 MHz, 61.94 W, 0x0000000000000000
2026/09/25 11:03:09.255, 3347 MiB, 65 %, 78, 2445 MHz, 60.78 W, 0x0000000000000000
2026/09/25 11:03:11.257, 3347 MiB, 65 %, 78, 2445 MHz, 61.17 W, 0x0000000000000000
2026/09/25 11:03:13.260, 3347 MiB, 66 %, 77, 2445 MHz, 59.87 W, 0x0000000000000000
2026/09/25 11:03:15.265, 3347 MiB, 65 %, 78, 2445 MHz, 59.95 W, 0x0000000000000000
2026/09/25 11:03:17.274, 3347 MiB, 66 %, 78, 2445 MHz, 60.28 W, 0x0000000000000000
2026/09/25 11:03:19.277, 3347 MiB, 65 %, 78, 2445 MHz, 60.20 W, 0x0000000000000004
2026/09/25 11:03:21.286, 3347 MiB, 64 %, 78, 2445 MHz, 61.38 W, 0x0000000000000000
2026/09/25 11:03:23.292, 3347 MiB, 61 %, 77, 2445 MHz, 59.61 W, 0x0000000000000000
2026/09/25 11:03:25.304, 3347 MiB, 63 %, 78, 2445 MHz, 60.46 W, 0x0000000000000000
2026/09/25 11:03:27.317, 3347 MiB, 64 %, 77, 2445 MHz, 59.75 W, 0x0000000000000000
2026/09/25 11:03:29.325, 3347 MiB, 61 %, 77, 2445 MHz, 59.08 W, 0x0000000000000000
2026/09/25 11:03:31.339, 3347 MiB, 55 %, 76, 2445 MHz, 57.88 W, 0x0000000000000000
2026/09/25 11:03:33.346, 3347 MiB, 56 %, 76, 2445 MHz, 56.78 W, 0x0000000000000000
2026/09/25 11:03:35.358, 3347 MiB, 62 %, 76, 2445 MHz, 59.36 W, 0x0000000000000000
2026/09/25 11:03:37.366, 3347 MiB, 64 %, 77, 2445 MHz, 58.45 W, 0x0000000000000000
2026/09/25 11:03:39.367, 3347 MiB, 63 %, 77, 2445 MHz, 58.69 W, 0x0000000000000000
2026/09/25 11:03:41.376, 3347 MiB, 63 %, 76, 2445 MHz, 58.84 W, 0x0000000000000000
2026/09/25 11:03:43.380, 3347 MiB, 65 %, 76, 2445 MHz, 57.63 W, 0x0000000000000000
2026/09/25 11:03:45.395, 3347 MiB, 59 %, 76, 2445 MHz, 55.95 W, 0x0000000000000000
2026/09/25 11:03:47.408, 3347 MiB, 55 %, 77, 2445 MHz, 55.96 W, 0x0000000000000000
2026/09/25 11:03:49.415, 3347 MiB, 59 %, 75, 2445 MHz, 56.17 W, 0x0000000000000000
2026/09/25 11:03:51.429, 3347 MiB, 55 %, 74, 2445 MHz, 55.08 W, 0x0000000000000000
2026/09/25 11:03:53.439, 3347 MiB, 65 %, 76, 2445 MHz, 55.94 W, 0x0000000000000000
2026/09/25 11:03:55.441, 3347 MiB, 60 %, 75, 2445 MHz, 52.15 W, 0x0000000000000000
2026/09/25 11:03:57.443, 3347 MiB, 62 %, 76, 2445 MHz, 54.95 W, 0x0000000000000000
2026/09/25 11:03:59.458, 3347 MiB, 60 %, 75, 2445 MHz, 55.45 W, 0x0000000000000000
2026/09/25 11:04:01.464, 3347 MiB, 53 %, 76, 2445 MHz, 53.99 W, 0x0000000000000000
2026/09/25 11:04:03.474, 3347 MiB, 59 %, 75, 2445 MHz, 54.21 W, 0x0000000000000000
2026/09/25 11:04:05.484, 3347 MiB, 62 %, 74, 2445 MHz, 54.73 W, 0x0000000000000000
2026/09/25 11:04:07.499, 3347 MiB, 56 %, 75, 2445 MHz, 53.61 W, 0x0000000000000000
2026/09/25 11:04:09.514, 3347 MiB, 59 %, 74, 2445 MHz, 53.75 W, 0x0000000000000000
2026/09/25 11:04:11.527, 3347 MiB, 62 %, 74, 2445 MHz, 54.84 W, 0x0000000000000000
2026/09/25 11:04:13.541, 3347 MiB, 48 %, 73, 2460 MHz, 48.70 W, 0x0000000000000000
2026/09/25 11:04:15.543, 3347 MiB, 55 %, 74, 2460 MHz, 48.82 W, 0x0000000000000000
2026/09/25 11:04:17.556, 3347 MiB, 61 %, 74, 2460 MHz, 49.60 W, 0x0000000000000000
2026/09/25 11:04:19.570, 3347 MiB, 54 %, 74, 2460 MHz, 47.49 W, 0x0000000000000000
2026/09/25 11:04:21.575, 3347 MiB, 50 %, 73, 2460 MHz, 46.95 W, 0x0000000000000000
2026/09/25 11:04:23.581, 3347 MiB, 49 %, 71, 2460 MHz, 46.80 W, 0x0000000000000000
2026/09/25 11:04:25.583, 3347 MiB, 55 %, 72, 2460 MHz, 45.35 W, 0x0000000000000000
2026/09/25 11:04:27.583, 3347 MiB, 45 %, 73, 2460 MHz, 47.39 W, 0x0000000000000000
2026/09/25 11:04:29.595, 3347 MiB, 47 %, 73, 2460 MHz, 47.31 W, 0x0000000000000000
2026/09/25 11:04:31.609, 3347 MiB, 50 %, 70, 2460 MHz, 47.14 W, 0x0000000000000000
2026/09/25 11:04:33.620, 3347 MiB, 50 %, 70, 2460 MHz, 47.51 W, 0x0000000000000000
2026/09/25 11:04:35.621, 3347 MiB, 48 %, 72, 2460 MHz, 46.87 W, 0x0000000000000000
2026/09/25 11:04:37.624, 3347 MiB, 54 %, 72, 2460 MHz, 47.32 W, 0x0000000000000000
2026/09/25 11:04:39.628, 3347 MiB, 50 %, 71, 2460 MHz, 47.49 W, 0x0000000000000000
2026/09/25 11:04:41.640, 3347 MiB, 48 %, 71, 2460 MHz, 45.44 W, 0x0000000000000000
2026/09/25 11:04:43.648, 3347 MiB, 46 %, 70, 2460 MHz, 44.77 W, 0x0000000000000000
2026/09/25 11:04:45.649, 3347 MiB, 45 %, 71, 2460 MHz, 45.67 W, 0x0000000000000000
2026/09/25 11:04:47.665, 3347 MiB, 46 %, 69, 2460 MHz, 44.39 W, 0x0000000000000000
2026/09/25 11:04:49.676, 3347 MiB, 50 %, 70, 2460 MHz, 44.78 W, 0x0000000000000000
2026/09/25 11:04:51.678, 3347 MiB, 46 %, 70, 2460 MHz, 45.26 W, 0x0000000000000000
2026/09/25 11:04:53.686, 3347 MiB, 53 %, 71, 2460 MHz, 44.01 W, 0x0000000000000000
2026/09/25 11:04:55.694, 3347 MiB, 47 %, 69, 2460 MHz, 44.35 W, 0x0000000000000000
2026/09/25 11:04:57.704, 3347 MiB, 46 %, 69, 2460 MHz, 43.86 W, 0x0000000000000000
2026/09/25 11:04:59.711, 3347 MiB, 40 %, 69, 2460 MHz, 45.12 W, 0x0000000000000000
2026/09/25 11:05:01.726, 3347 MiB, 42 %, 70, 2460 MHz, 43.69 W, 0x0000000000000000
2026/09/25 11:05:03.731, 3347 MiB, 50 %, 69, 2460 MHz, 41.72 W, 0x0000000000000000
2026/09/25 11:05:05.733, 3347 MiB, 47 %, 68, 2460 MHz, 42.73 W, 0x0000000000000000
2026/09/25 11:05:07.746, 3347 MiB, 49 %, 69, 2460 MHz, 43.14 W, 0x0000000000000000
2026/09/25 11:05:09.759, 3347 MiB, 45 %, 69, 2460 MHz, 43.24 W, 0x0000000000000000
2026/09/25 11:05:11.770, 3347 MiB, 39 %, 69, 2460 MHz, 42.81 W, 0x0000000000000000
2026/09/25 11:05:13.773, 3347 MiB, 44 %, 69, 2460 MHz, 42.13 W, 0x0000000000000000
2026/09/25 11:05:15.788, 3347 MiB, 47 %, 69, 2460 MHz, 42.14 W, 0x0000000000000000
2026/09/25 11:05:17.800, 3347 MiB, 44 %, 69, 2460 MHz, 42.15 W, 0x0000000000000000
2026/09/25 11:05:19.807, 3347 MiB, 42 %, 68, 2460 MHz, 41.42 W, 0x0000000000000000
2026/09/25 11:05:21.818, 3347 MiB, 40 %, 69, 2460 MHz, 42.14 W, 0x0000000000000000
2026/09/25 11:05:23.832, 3347 MiB, 44 %, 68, 2460 MHz, 41.08 W, 0x0000000000000000
2026/09/25 11:05:25.837, 3347 MiB, 48 %, 69, 2460 MHz, 42.83 W, 0x0000000000000000
2026/09/25 11:05:27.848, 3347 MiB, 48 %, 68, 2460 MHz, 42.33 W, 0x0000000000000000
2026/09/25 11:05:29.859, 3347 MiB, 40 %, 67, 2460 MHz, 40.21 W, 0x0000000000000000
2026/09/25 11:05:31.873, 3347 MiB, 48 %, 68, 2460 MHz, 41.95 W, 0x0000000000000000
2026/09/25 11:05:33.884, 3347 MiB, 45 %, 67, 2460 MHz, 41.79 W, 0x0000000000000000
2026/09/25 11:05:35.894, 3347 MiB, 38 %, 66, 2460 MHz, 40.82 W, 0x0000000000000000
2026/09/25 11:05:37.909, 3347 MiB, 43 %, 67, 2460 MHz, 41.32 W, 0x0000000000000000
2026/09/25 11:05:39.919, 3347 MiB, 46 %, 67, 2460 MHz, 41.25 W, 0x0000000000000000
2026/09/25 11:05:41.922, 3347 MiB, 38 %, 67, 2460 MHz, 40.17 W, 0x0000000000000000
2026/09/25 11:05:43.930, 3347 MiB, 46 %, 67, 2460 MHz, 39.95 W, 0x0000000000000000
2026/09/25 11:05:45.932, 3347 MiB, 43 %, 66, 2460 MHz, 38.30 W, 0x0000000000000000
2026/09/25 11:05:47.941, 3347 MiB, 37 %, 66, 2460 MHz, 35.93 W, 0x0000000000000000
2026/09/25 11:05:49.943, 3347 MiB, 33 %, 63, 2040 MHz, 27.66 W, 0x0000000000000001
2026/09/25 11:05:51.949, 3347 MiB, 34 %, 62, 1785 MHz, 20.99 W, 0x0000000000000001
2026/09/25 11:05:53.952, 3347 MiB, 36 %, 61, 1620 MHz, 18.99 W, 0x0000000000000001
2026/09/25 11:05:55.961, 3347 MiB, 41 %, 60, 1560 MHz, 18.53 W, 0x0000000000000001
2026/09/25 11:05:57.967, 3347 MiB, 37 %, 60, 1560 MHz, 18.44 W, 0x0000000000000001
2026/09/25 11:05:59.970, 3347 MiB, 38 %, 60, 1590 MHz, 18.58 W, 0x0000000000000001
2026/09/25 11:06:01.985, 3347 MiB, 40 %, 59, 1605 MHz, 18.80 W, 0x0000000000000001
2026/09/25 11:06:03.987, 3347 MiB, 42 %, 59, 1590 MHz, 18.29 W, 0x0000000000000001
2026/09/25 11:06:05.990, 3347 MiB, 34 %, 59, 1500 MHz, 17.22 W, 0x0000000000000001
2026/09/25 11:06:08.001, 3347 MiB, 31 %, 58, 1575 MHz, 15.98 W, 0x0000000000000001
2026/09/25 11:06:10.008, 3347 MiB, 39 %, 58, 1425 MHz, 16.99 W, 0x0000000000000001
2026/09/25 11:06:12.012, 3347 MiB, 34 %, 58, 1530 MHz, 16.91 W, 0x0000000000000001
2026/09/25 11:06:14.018, 3347 MiB, 39 %, 57, 1455 MHz, 16.53 W, 0x0000000000000001
2026/09/25 11:06:16.033, 3347 MiB, 36 %, 58, 1665 MHz, 17.61 W, 0x0000000000000001
2026/09/25 11:06:18.045, 3347 MiB, 33 %, 57, 1815 MHz, 16.36 W, 0x0000000000000001
2026/09/25 11:06:20.048, 3347 MiB, 36 %, 57, 1485 MHz, 17.97 W, 0x0000000000000001
2026/09/25 11:06:22.057, 3347 MiB, 32 %, 57, 1680 MHz, 16.14 W, 0x0000000000000001
2026/09/25 11:06:24.063, 3347 MiB, 37 %, 57, 1440 MHz, 16.71 W, 0x0000000000000001
2026/09/25 11:06:26.078, 3347 MiB, 28 %, 56, 1800 MHz, 17.27 W, 0x0000000000000001
2026/09/25 11:06:28.087, 3347 MiB, 28 %, 56, 1845 MHz, 16.98 W, 0x0000000000000001
2026/09/25 11:06:30.095, 3347 MiB, 25 %, 56, 2025 MHz, 18.39 W, 0x0000000000000001
2026/09/25 11:06:32.110, 3347 MiB, 30 %, 56, 1455 MHz, 14.65 W, 0x0000000000000001
2026/09/25 11:06:34.121, 3347 MiB, 32 %, 56, 1515 MHz, 14.88 W, 0x0000000000000001
2026/09/25 11:06:36.127, 3347 MiB, 31 %, 55, 1485 MHz, 14.84 W, 0x0000000000000001
2026/09/25 11:06:38.135, 3347 MiB, 30 %, 55, 1470 MHz, 14.71 W, 0x0000000000000001
2026/09/25 11:06:40.136, 3347 MiB, 34 %, 55, 1620 MHz, 14.61 W, 0x0000000000000001
2026/09/25 11:06:42.152, 3347 MiB, 28 %, 55, 1755 MHz, 15.68 W, 0x0000000000000001
2026/09/25 11:06:44.163, 3347 MiB, 28 %, 55, 1710 MHz, 15.65 W, 0x0000000000000001
2026/09/25 11:06:46.164, 3347 MiB, 30 %, 55, 1575 MHz, 15.17 W, 0x0000000000000001
2026/09/25 11:06:48.170, 3347 MiB, 27 %, 55, 1605 MHz, 14.42 W, 0x0000000000000001
2026/09/25 11:06:50.179, 3349 MiB, 30 %, 54, 1620 MHz, 15.29 W, 0x0000000000000001
2026/09/25 11:06:52.188, 3349 MiB, 21 %, 54, 1215 MHz, 13.90 W, 0x0000000000000001
2026/09/25 11:06:54.203, 3349 MiB, 82 %, 62, 2460 MHz, 57.11 W, 0x0000000000000000
2026/09/25 11:06:56.207, 3349 MiB, 81 %, 64, 2460 MHz, 59.95 W, 0x0000000000000004
2026/09/25 11:06:58.221, 3349 MiB, 71 %, 62, 2460 MHz, 60.10 W, 0x0000000000000000
2026/09/25 11:07:00.225, 3349 MiB, 66 %, 65, 2460 MHz, 58.45 W, 0x0000000000000004
2026/09/25 11:07:02.241, 3349 MiB, 84 %, 66, 2460 MHz, 58.32 W, 0x0000000000000000
2026/09/25 11:07:04.247, 3349 MiB, 83 %, 68, 2325 MHz, 59.58 W, 0x0000000000000000
2026/09/25 11:07:06.252, 3349 MiB, 82 %, 66, 2460 MHz, 59.22 W, 0x0000000000000000
2026/09/25 11:07:08.255, 3349 MiB, 80 %, 67, 2460 MHz, 61.45 W, 0x0000000000000000
2026/09/25 11:07:10.269, 3349 MiB, 7 %, 62, 2460 MHz, 50.08 W, 0x0000000000000000
2026/09/25 11:07:12.277, 3349 MiB, 85 %, 68, 2460 MHz, 59.15 W, 0x0000000000000000
2026/09/25 11:07:14.291, 3349 MiB, 85 %, 68, 2460 MHz, 59.79 W, 0x0000000000000000
2026/09/25 11:07:16.304, 3349 MiB, 82 %, 66, 2460 MHz, 61.96 W, 0x0000000000000000
2026/09/25 11:07:18.306, 3349 MiB, 63 %, 69, 2460 MHz, 59.87 W, 0x0000000000000004
2026/09/25 11:07:20.321, 3349 MiB, 84 %, 69, 2460 MHz, 59.45 W, 0x0000000000000000
2026/09/25 11:07:22.322, 3349 MiB, 83 %, 71, 2460 MHz, 59.81 W, 0x0000000000000000
2026/09/25 11:07:24.326, 3349 MiB, 83 %, 70, 2460 MHz, 59.71 W, 0x0000000000000004
2026/09/25 11:07:26.331, 3349 MiB, 83 %, 70, 2460 MHz, 62.15 W, 0x0000000000000004
2026/09/25 11:07:28.341, 3349 MiB, 65 %, 71, 2460 MHz, 60.86 W, 0x0000000000000000
2026/09/25 11:07:30.356, 3351 MiB, 74 %, 70, 2460 MHz, 59.70 W, 0x0000000000000000
2026/09/25 11:07:32.357, 3351 MiB, 82 %, 71, 2460 MHz, 58.82 W, 0x0000000000000000
2026/09/25 11:07:34.370, 3351 MiB, 81 %, 71, 2370 MHz, 60.18 W, 0x0000000000000000
2026/09/25 11:07:36.374, 3351 MiB, 81 %, 71, 2460 MHz, 59.83 W, 0x0000000000000000
2026/09/25 11:07:38.389, 3351 MiB, 83 %, 72, 2460 MHz, 60.65 W, 0x0000000000000000
2026/09/25 11:07:40.394, 3351 MiB, 78 %, 72, 2460 MHz, 60.92 W, 0x0000000000000004
2026/09/25 11:07:42.407, 3351 MiB, 80 %, 70, 2460 MHz, 62.11 W, 0x0000000000000000
2026/09/25 11:07:44.415, 3351 MiB, 55 %, 71, 2460 MHz, 59.79 W, 0x0000000000000000
2026/09/25 11:07:46.427, 3351 MiB, 68 %, 72, 2460 MHz, 60.21 W, 0x0000000000000000
2026/09/25 11:07:48.440, 3351 MiB, 83 %, 72, 2460 MHz, 60.32 W, 0x0000000000000000
2026/09/25 11:07:50.454, 3351 MiB, 14 %, 71, 2460 MHz, 50.22 W, 0x0000000000000000
2026/09/25 11:07:52.458, 3351 MiB, 80 %, 73, 2400 MHz, 60.93 W, 0x0000000000000000
2026/09/25 11:07:54.460, 3351 MiB, 80 %, 72, 2460 MHz, 61.05 W, 0x0000000000000000
2026/09/25 11:07:56.461, 3351 MiB, 80 %, 73, 2460 MHz, 60.62 W, 0x0000000000000004
2026/09/25 11:07:58.471, 3351 MiB, 84 %, 73, 2460 MHz, 61.69 W, 0x0000000000000004
2026/09/25 11:08:00.477, 3351 MiB, 85 %, 71, 2460 MHz, 63.75 W, 0x0000000000000004
2026/09/25 11:08:02.480, 3351 MiB, 63 %, 73, 2460 MHz, 60.88 W, 0x0000000000000000
2026/09/25 11:08:04.496, 3351 MiB, 84 %, 73, 2460 MHz, 60.50 W, 0x0000000000000000
2026/09/25 11:08:06.509, 3351 MiB, 82 %, 75, 2460 MHz, 60.73 W, 0x0000000000000000
2026/09/25 11:08:08.524, 3351 MiB, 80 %, 74, 2460 MHz, 60.68 W, 0x0000000000000000
2026/09/25 11:08:10.527, 3351 MiB, 84 %, 74, 2445 MHz, 62.75 W, 0x0000000000000004
2026/09/25 11:08:12.528, 3351 MiB, 82 %, 73, 2460 MHz, 62.87 W, 0x0000000000000000
2026/09/25 11:08:14.535, 3351 MiB, 69 %, 74, 2460 MHz, 43.40 W, 0x0000000000000000
2026/09/25 11:08:16.542, 3351 MiB, 60 %, 75, 2460 MHz, 59.99 W, 0x0000000000000000
2026/09/25 11:08:18.546, 3351 MiB, 68 %, 75, 2460 MHz, 57.40 W, 0x0000000000000000
2026/09/25 11:08:20.557, 3351 MiB, 69 %, 76, 2460 MHz, 61.10 W, 0x0000000000000000
2026/09/25 11:08:22.567, 3351 MiB, 64 %, 75, 2460 MHz, 58.05 W, 0x0000000000000000
2026/09/25 11:08:24.574, 3351 MiB, 63 %, 75, 2385 MHz, 58.14 W, 0x0000000000000004
2026/09/25 11:08:26.576, 3351 MiB, 62 %, 76, 2385 MHz, 57.93 W, 0x0000000000000004
2026/09/25 11:08:28.583, 3351 MiB, 65 %, 76, 2325 MHz, 57.58 W, 0x0000000000000004
2026/09/25 11:08:30.593, 3351 MiB, 66 %, 75, 2460 MHz, 56.86 W, 0x0000000000000000
2026/09/25 11:08:32.604, 3351 MiB, 57 %, 74, 2460 MHz, 58.01 W, 0x0000000000000000
2026/09/25 11:08:34.617, 3351 MiB, 67 %, 76, 2460 MHz, 57.55 W, 0x0000000000000000
2026/09/25 11:08:36.621, 3351 MiB, 50 %, 74, 2460 MHz, 56.01 W, 0x0000000000000000
2026/09/25 11:08:38.621, 3351 MiB, 56 %, 75, 2460 MHz, 56.48 W, 0x0000000000000000
2026/09/25 11:08:40.622, 3351 MiB, 61 %, 75, 2460 MHz, 56.81 W, 0x0000000000000000
2026/09/25 11:08:42.634, 3351 MiB, 67 %, 75, 2460 MHz, 56.63 W, 0x0000000000000000
2026/09/25 11:08:44.640, 3351 MiB, 59 %, 76, 2460 MHz, 56.44 W, 0x0000000000000000
2026/09/25 11:08:46.653, 3351 MiB, 65 %, 76, 2460 MHz, 56.99 W, 0x0000000000000000
2026/09/25 11:08:48.657, 3351 MiB, 61 %, 75, 2400 MHz, 56.10 W, 0x0000000000000004
2026/09/25 11:08:50.672, 3351 MiB, 65 %, 76, 2460 MHz, 56.67 W, 0x0000000000000000
2026/09/25 11:08:52.685, 3351 MiB, 58 %, 74, 2460 MHz, 57.44 W, 0x0000000000000000
2026/09/25 11:08:54.701, 3351 MiB, 69 %, 77, 2460 MHz, 57.59 W, 0x0000000000000000
2026/09/25 11:08:56.716, 3351 MiB, 59 %, 75, 2385 MHz, 58.13 W, 0x0000000000000000
2026/09/25 11:08:58.717, 3351 MiB, 64 %, 76, 2460 MHz, 58.37 W, 0x0000000000000000
2026/09/25 11:09:00.722, 3351 MiB, 65 %, 75, 2460 MHz, 57.64 W, 0x0000000000000000
2026/09/25 11:09:02.726, 3351 MiB, 60 %, 75, 2460 MHz, 57.80 W, 0x0000000000000000
2026/09/25 11:09:04.736, 3351 MiB, 63 %, 76, 2460 MHz, 58.08 W, 0x0000000000000000
2026/09/25 11:09:06.743, 3351 MiB, 66 %, 76, 2460 MHz, 59.20 W, 0x0000000000000000
2026/09/25 11:09:08.744, 3351 MiB, 58 %, 75, 2460 MHz, 57.77 W, 0x0000000000000000
2026/09/25 11:09:10.747, 3351 MiB, 66 %, 76, 2460 MHz, 58.09 W, 0x0000000000000000
2026/09/25 11:09:12.756, 3351 MiB, 63 %, 75, 2460 MHz, 58.14 W, 0x0000000000000000
2026/09/25 11:09:14.762, 3351 MiB, 56 %, 76, 2460 MHz, 57.72 W, 0x0000000000000000
2026/09/25 11:09:16.777, 3351 MiB, 65 %, 75, 2460 MHz, 57.56 W, 0x0000000000000000
2026/09/25 11:09:18.790, 3351 MiB, 57 %, 75, 2460 MHz, 58.40 W, 0x0000000000000004
2026/09/25 11:09:20.799, 3351 MiB, 65 %, 75, 2460 MHz, 57.53 W, 0x0000000000000000
2026/09/25 11:09:22.809, 3351 MiB, 67 %, 76, 2460 MHz, 58.39 W, 0x0000000000000000
2026/09/25 11:09:24.824, 3351 MiB, 68 %, 76, 2460 MHz, 58.87 W, 0x0000000000000000
2026/09/25 11:09:26.828, 3351 MiB, 63 %, 74, 2445 MHz, 58.53 W, 0x0000000000000000
2026/09/25 11:09:28.835, 3351 MiB, 65 %, 76, 2445 MHz, 59.15 W, 0x0000000000000000
2026/09/25 11:09:30.838, 3351 MiB, 69 %, 77, 2445 MHz, 59.29 W, 0x0000000000000000
2026/09/25 11:09:32.844, 3351 MiB, 65 %, 76, 2445 MHz, 60.17 W, 0x0000000000000000
2026/09/25 11:09:34.846, 3351 MiB, 68 %, 76, 2445 MHz, 60.35 W, 0x0000000000000000
2026/09/25 11:09:36.859, 3351 MiB, 62 %, 77, 2445 MHz, 59.00 W, 0x0000000000000004
2026/09/25 11:09:38.871, 3351 MiB, 71 %, 77, 2445 MHz, 60.58 W, 0x0000000000000000
2026/09/25 11:09:40.877, 3351 MiB, 63 %, 77, 2430 MHz, 59.37 W, 0x0000000000000004
2026/09/25 11:09:42.887, 3351 MiB, 68 %, 76, 2445 MHz, 59.83 W, 0x0000000000000000
2026/09/25 11:09:44.902, 3351 MiB, 68 %, 77, 2445 MHz, 58.70 W, 0x0000000000000000
2026/09/25 11:09:46.909, 3351 MiB, 64 %, 77, 2445 MHz, 59.75 W, 0x0000000000000000
2026/09/25 11:09:48.923, 3351 MiB, 68 %, 76, 2445 MHz, 58.25 W, 0x0000000000000000
2026/09/25 11:09:50.935, 3351 MiB, 67 %, 76, 2400 MHz, 60.66 W, 0x0000000000000000
2026/09/25 11:09:52.938, 3351 MiB, 67 %, 76, 2445 MHz, 59.87 W, 0x0000000000000000
2026/09/25 11:09:54.945, 3351 MiB, 58 %, 76, 2445 MHz, 58.08 W, 0x0000000000000000
2026/09/25 11:09:56.958, 3351 MiB, 67 %, 76, 2445 MHz, 58.62 W, 0x0000000000000000
2026/09/25 11:09:58.961, 3351 MiB, 60 %, 76, 2445 MHz, 57.74 W, 0x0000000000000000
2026/09/25 11:10:00.972, 3351 MiB, 61 %, 77, 2445 MHz, 57.13 W, 0x0000000000000000
2026/09/25 11:10:02.982, 3351 MiB, 62 %, 77, 2430 MHz, 58.09 W, 0x0000000000000000
2026/09/25 11:10:04.985, 3351 MiB, 58 %, 76, 2445 MHz, 57.06 W, 0x0000000000000000
2026/09/25 11:10:06.995, 3351 MiB, 59 %, 75, 2445 MHz, 57.60 W, 0x0000000000000004
2026/09/25 11:10:09.004, 3351 MiB, 60 %, 76, 2445 MHz, 57.37 W, 0x0000000000000000
2026/09/25 11:10:11.019, 3351 MiB, 66 %, 76, 2445 MHz, 58.69 W, 0x0000000000000000
2026/09/25 11:10:13.034, 3351 MiB, 62 %, 76, 2445 MHz, 56.28 W, 0x0000000000000000
2026/09/25 11:10:15.036, 3351 MiB, 63 %, 76, 2445 MHz, 58.17 W, 0x0000000000000000
2026/09/25 11:10:17.042, 3351 MiB, 61 %, 76, 2445 MHz, 56.80 W, 0x0000000000000000
2026/09/25 11:10:19.053, 3351 MiB, 62 %, 75, 2445 MHz, 56.16 W, 0x0000000000000000
2026/09/25 11:10:21.063, 3351 MiB, 66 %, 76, 2445 MHz, 56.80 W, 0x0000000000000000
2026/09/25 11:10:23.065, 3351 MiB, 69 %, 76, 2445 MHz, 56.78 W, 0x0000000000000000
2026/09/25 11:10:25.075, 3351 MiB, 65 %, 76, 2445 MHz, 58.11 W, 0x0000000000000000
2026/09/25 11:10:27.081, 3351 MiB, 63 %, 77, 2445 MHz, 57.15 W, 0x0000000000000000
2026/09/25 11:10:29.085, 3351 MiB, 67 %, 76, 2445 MHz, 57.86 W, 0x0000000000000000
2026/09/25 11:10:31.101, 3351 MiB, 58 %, 75, 2445 MHz, 56.72 W, 0x0000000000000000
2026/09/25 11:10:33.111, 3351 MiB, 56 %, 76, 2445 MHz, 56.28 W, 0x0000000000000000
2026/09/25 11:10:35.120, 3351 MiB, 65 %, 76, 2370 MHz, 56.44 W, 0x0000000000000004
2026/09/25 11:10:37.124, 3351 MiB, 63 %, 75, 2445 MHz, 56.72 W, 0x0000000000000000
2026/09/25 11:10:39.136, 3351 MiB, 63 %, 75, 2445 MHz, 56.10 W, 0x0000000000000000
2026/09/25 11:10:41.150, 3351 MiB, 52 %, 75, 2445 MHz, 56.50 W, 0x0000000000000000
2026/09/25 11:10:43.163, 3351 MiB, 66 %, 75, 2445 MHz, 56.40 W, 0x0000000000000000
2026/09/25 11:10:45.169, 3351 MiB, 48 %, 74, 2445 MHz, 53.79 W, 0x0000000000000000
2026/09/25 11:10:47.175, 3351 MiB, 66 %, 75, 2445 MHz, 55.11 W, 0x0000000000000000
2026/09/25 11:10:49.178, 3351 MiB, 70 %, 76, 2445 MHz, 57.28 W, 0x0000000000000000
2026/09/25 11:10:51.180, 3351 MiB, 67 %, 74, 2445 MHz, 55.45 W, 0x0000000000000000
2026/09/25 11:10:53.186, 3351 MiB, 63 %, 74, 2460 MHz, 56.12 W, 0x0000000000000000
2026/09/25 11:10:55.199, 3351 MiB, 63 %, 75, 2460 MHz, 55.66 W, 0x0000000000000000
2026/09/25 11:10:57.202, 3351 MiB, 58 %, 75, 2460 MHz, 53.81 W, 0x0000000000000000
2026/09/25 11:10:59.202, 3351 MiB, 68 %, 75, 2460 MHz, 56.23 W, 0x0000000000000000
2026/09/25 11:11:01.215, 3351 MiB, 65 %, 74, 2460 MHz, 55.36 W, 0x0000000000000000
2026/09/25 11:11:03.217, 3351 MiB, 59 %, 74, 2460 MHz, 52.47 W, 0x0000000000000000
2026/09/25 11:11:05.232, 3351 MiB, 68 %, 74, 2460 MHz, 54.66 W, 0x0000000000000000
2026/09/25 11:11:07.235, 3351 MiB, 56 %, 73, 2460 MHz, 53.10 W, 0x0000000000000000
2026/09/25 11:11:09.248, 3351 MiB, 56 %, 73, 2460 MHz, 52.45 W, 0x0000000000000000
2026/09/25 11:11:11.256, 3351 MiB, 63 %, 73, 2460 MHz, 53.75 W, 0x0000000000000000
2026/09/25 11:11:13.270, 3351 MiB, 59 %, 74, 2460 MHz, 53.17 W, 0x0000000000000000
2026/09/25 11:11:15.283, 3351 MiB, 62 %, 75, 2460 MHz, 51.11 W, 0x0000000000000000
2026/09/25 11:11:17.294, 3351 MiB, 62 %, 74, 2460 MHz, 52.37 W, 0x0000000000000000
2026/09/25 11:11:19.301, 3351 MiB, 58 %, 74, 2460 MHz, 51.81 W, 0x0000000000000000
2026/09/25 11:11:21.307, 3351 MiB, 61 %, 73, 2460 MHz, 51.53 W, 0x0000000000000000
2026/09/25 11:11:23.323, 3351 MiB, 63 %, 73, 2460 MHz, 50.63 W, 0x0000000000000000
2026/09/25 11:11:25.338, 3351 MiB, 62 %, 72, 2460 MHz, 53.54 W, 0x0000000000000000
2026/09/25 11:11:27.342, 3351 MiB, 60 %, 73, 2460 MHz, 50.45 W, 0x0000000000000000
2026/09/25 11:11:29.357, 3351 MiB, 59 %, 73, 2460 MHz, 50.85 W, 0x0000000000000000
2026/09/25 11:11:31.371, 3351 MiB, 59 %, 73, 2460 MHz, 50.70 W, 0x0000000000000000
2026/09/25 11:11:33.373, 3351 MiB, 58 %, 72, 2460 MHz, 51.25 W, 0x0000000000000000
2026/09/25 11:11:35.382, 3351 MiB, 48 %, 72, 2460 MHz, 48.54 W, 0x0000000000000000
2026/09/25 11:11:37.384, 3351 MiB, 60 %, 73, 2460 MHz, 49.47 W, 0x0000000000000000
2026/09/25 11:11:39.390, 3351 MiB, 60 %, 72, 2460 MHz, 50.16 W, 0x0000000000000000
2026/09/25 11:11:41.394, 3351 MiB, 60 %, 73, 2460 MHz, 49.35 W, 0x0000000000000000
2026/09/25 11:11:43.404, 3351 MiB, 62 %, 72, 2460 MHz, 49.59 W, 0x0000000000000000
2026/09/25 11:11:45.413, 3351 MiB, 59 %, 72, 2460 MHz, 49.65 W, 0x0000000000000000
2026/09/25 11:11:47.423, 3351 MiB, 62 %, 72, 2460 MHz, 49.10 W, 0x0000000000000000
2026/09/25 11:11:49.427, 3351 MiB, 53 %, 71, 2460 MHz, 48.71 W, 0x0000000000000000
2026/09/25 11:11:51.438, 3351 MiB, 60 %, 72, 2460 MHz, 49.61 W, 0x0000000000000000
2026/09/25 11:11:53.442, 3351 MiB, 57 %, 73, 2460 MHz, 49.67 W, 0x0000000000000000
2026/09/25 11:11:55.452, 3351 MiB, 53 %, 72, 2460 MHz, 48.78 W, 0x0000000000000000
2026/09/25 11:11:57.458, 3351 MiB, 61 %, 72, 2460 MHz, 48.57 W, 0x0000000000000000
2026/09/25 11:11:59.465, 3351 MiB, 48 %, 71, 2460 MHz, 48.32 W, 0x0000000000000000
2026/09/25 11:12:01.470, 3351 MiB, 48 %, 71, 2460 MHz, 48.31 W, 0x0000000000000000
2026/09/25 11:12:03.476, 3351 MiB, 54 %, 72, 2460 MHz, 48.84 W, 0x0000000000000000
2026/09/25 11:12:05.478, 3351 MiB, 60 %, 72, 2460 MHz, 48.90 W, 0x0000000000000000
2026/09/25 11:12:07.486, 3351 MiB, 63 %, 71, 2460 MHz, 48.81 W, 0x0000000000000000
2026/09/25 11:12:09.497, 3351 MiB, 53 %, 70, 2460 MHz, 49.97 W, 0x0000000000000000
2026/09/25 11:12:11.512, 3351 MiB, 61 %, 72, 2460 MHz, 48.65 W, 0x0000000000000000
2026/09/25 11:12:13.516, 3351 MiB, 57 %, 71, 2460 MHz, 47.11 W, 0x0000000000000000
2026/09/25 11:12:15.531, 3351 MiB, 53 %, 71, 2460 MHz, 48.51 W, 0x0000000000000000
2026/09/25 11:12:17.537, 3351 MiB, 58 %, 70, 2460 MHz, 47.44 W, 0x0000000000000000
2026/09/25 11:12:19.543, 3351 MiB, 55 %, 70, 2460 MHz, 47.10 W, 0x0000000000000000
2026/09/25 11:12:21.551, 3351 MiB, 59 %, 71, 2460 MHz, 47.84 W, 0x0000000000000000
2026/09/25 11:12:23.553, 3351 MiB, 59 %, 70, 2460 MHz, 47.43 W, 0x0000000000000000
2026/09/25 11:12:25.554, 3351 MiB, 60 %, 71, 2460 MHz, 47.36 W, 0x0000000000000000
2026/09/25 11:12:27.555, 3351 MiB, 52 %, 70, 2460 MHz, 48.91 W, 0x0000000000000000
2026/09/25 11:12:29.566, 3351 MiB, 55 %, 71, 2460 MHz, 48.19 W, 0x0000000000000000
2026/09/25 11:12:31.580, 3352 MiB, 56 %, 70, 2460 MHz, 46.84 W, 0x0000000000000000
2026/09/25 11:12:33.587, 3352 MiB, 55 %, 71, 2460 MHz, 47.51 W, 0x0000000000000000
2026/09/25 11:12:35.599, 3352 MiB, 57 %, 70, 2460 MHz, 47.77 W, 0x0000000000000000
2026/09/25 11:12:37.613, 3352 MiB, 60 %, 71, 2460 MHz, 47.38 W, 0x0000000000000000
2026/09/25 11:12:39.623, 3352 MiB, 59 %, 71, 2460 MHz, 47.13 W, 0x0000000000000000
2026/09/25 11:12:41.630, 3352 MiB, 60 %, 71, 2460 MHz, 48.20 W, 0x0000000000000000
2026/09/25 11:12:43.639, 3352 MiB, 60 %, 69, 2460 MHz, 46.96 W, 0x0000000000000000
2026/09/25 11:12:45.642, 3352 MiB, 54 %, 70, 2460 MHz, 47.55 W, 0x0000000000000000
2026/09/25 11:12:47.656, 3352 MiB, 53 %, 71, 2460 MHz, 47.42 W, 0x0000000000000000
2026/09/25 11:12:49.659, 3352 MiB, 57 %, 70, 2460 MHz, 48.25 W, 0x0000000000000000
2026/09/25 11:12:51.665, 3352 MiB, 59 %, 70, 2460 MHz, 48.42 W, 0x0000000000000000
2026/09/25 11:12:53.669, 3352 MiB, 60 %, 70, 2460 MHz, 47.12 W, 0x0000000000000000
2026/09/25 11:12:55.684, 3352 MiB, 59 %, 70, 2460 MHz, 47.05 W, 0x0000000000000000
2026/09/25 11:12:57.693, 3352 MiB, 48 %, 70, 2460 MHz, 47.90 W, 0x0000000000000000
2026/09/25 11:12:59.707, 3352 MiB, 61 %, 70, 2460 MHz, 47.53 W, 0x0000000000000000
2026/09/25 11:13:01.708, 3352 MiB, 57 %, 70, 2460 MHz, 48.02 W, 0x0000000000000000
2026/09/25 11:13:03.711, 3352 MiB, 57 %, 70, 2460 MHz, 48.29 W, 0x0000000000000000
2026/09/25 11:13:05.718, 3352 MiB, 52 %, 70, 2460 MHz, 46.58 W, 0x0000000000000000
2026/09/25 11:13:07.720, 3352 MiB, 58 %, 70, 2460 MHz, 47.26 W, 0x0000000000000000
2026/09/25 11:13:09.734, 3352 MiB, 60 %, 70, 2460 MHz, 47.74 W, 0x0000000000000000
2026/09/25 11:13:11.740, 3352 MiB, 59 %, 70, 2460 MHz, 46.98 W, 0x0000000000000000
2026/09/25 11:13:13.752, 3352 MiB, 56 %, 69, 2460 MHz, 46.81 W, 0x0000000000000000
2026/09/25 11:13:15.758, 3352 MiB, 56 %, 69, 2460 MHz, 47.62 W, 0x0000000000000000
2026/09/25 11:13:17.772, 3352 MiB, 57 %, 70, 2460 MHz, 46.34 W, 0x0000000000000000
2026/09/25 11:13:19.784, 3352 MiB, 59 %, 70, 2460 MHz, 46.38 W, 0x0000000000000000
2026/09/25 11:13:21.793, 3352 MiB, 58 %, 69, 2460 MHz, 45.49 W, 0x0000000000000000
2026/09/25 11:13:23.808, 3352 MiB, 57 %, 70, 2460 MHz, 46.10 W, 0x0000000000000000
2026/09/25 11:13:25.814, 3352 MiB, 58 %, 70, 2460 MHz, 46.39 W, 0x0000000000000000
2026/09/25 11:13:27.823, 3352 MiB, 46 %, 69, 2460 MHz, 44.77 W, 0x0000000000000000
2026/09/25 11:13:29.830, 3352 MiB, 51 %, 68, 2460 MHz, 45.03 W, 0x0000000000000000
2026/09/25 11:13:31.842, 3352 MiB, 53 %, 69, 2460 MHz, 43.88 W, 0x0000000000000000
2026/09/25 11:13:33.849, 3352 MiB, 49 %, 68, 2460 MHz, 43.62 W, 0x0000000000000000
2026/09/25 11:13:35.856, 3352 MiB, 54 %, 69, 2460 MHz, 44.25 W, 0x0000000000000000
2026/09/25 11:13:37.861, 3352 MiB, 55 %, 68, 2460 MHz, 43.65 W, 0x0000000000000000
2026/09/25 11:13:39.864, 3352 MiB, 51 %, 69, 2460 MHz, 43.81 W, 0x0000000000000000
2026/09/25 11:13:41.869, 3352 MiB, 54 %, 68, 2460 MHz, 42.83 W, 0x0000000000000000
2026/09/25 11:13:43.881, 3352 MiB, 54 %, 68, 2460 MHz, 42.98 W, 0x0000000000000000
2026/09/25 11:13:45.883, 3352 MiB, 52 %, 67, 2460 MHz, 42.17 W, 0x0000000000000000
2026/09/25 11:13:47.892, 3352 MiB, 53 %, 67, 2460 MHz, 40.58 W, 0x0000000000000000
2026/09/25 11:13:49.898, 3352 MiB, 46 %, 68, 2460 MHz, 40.91 W, 0x0000000000000000
2026/09/25 11:13:51.899, 3352 MiB, 49 %, 67, 2460 MHz, 41.15 W, 0x0000000000000000
2026/09/25 11:13:53.908, 3352 MiB, 48 %, 67, 2460 MHz, 40.32 W, 0x0000000000000000
2026/09/25 11:13:55.910, 3352 MiB, 45 %, 67, 2460 MHz, 40.02 W, 0x0000000000000000
2026/09/25 11:13:57.915, 3352 MiB, 42 %, 67, 2460 MHz, 40.42 W, 0x0000000000000000
2026/09/25 11:13:59.928, 3352 MiB, 47 %, 67, 2460 MHz, 40.05 W, 0x0000000000000000
2026/09/25 11:14:01.941, 3352 MiB, 48 %, 67, 2460 MHz, 40.84 W, 0x0000000000000000
2026/09/25 11:14:03.955, 3352 MiB, 53 %, 67, 2460 MHz, 41.23 W, 0x0000000000000000
2026/09/25 11:14:05.959, 3352 MiB, 50 %, 67, 2460 MHz, 41.12 W, 0x0000000000000000
2026/09/25 11:14:07.971, 3352 MiB, 50 %, 66, 2460 MHz, 40.29 W, 0x0000000000000000
2026/09/25 11:14:09.983, 3352 MiB, 46 %, 66, 2460 MHz, 40.12 W, 0x0000000000000000
2026/09/25 11:14:11.986, 3352 MiB, 43 %, 66, 2460 MHz, 40.35 W, 0x0000000000000000
2026/09/25 11:14:13.993, 3352 MiB, 45 %, 67, 2460 MHz, 41.03 W, 0x0000000000000000
2026/09/25 11:14:16.005, 3352 MiB, 50 %, 66, 2460 MHz, 40.87 W, 0x0000000000000000
2026/09/25 11:14:18.016, 3352 MiB, 46 %, 66, 2460 MHz, 39.79 W, 0x0000000000000000
2026/09/25 11:14:20.032, 3352 MiB, 50 %, 66, 2460 MHz, 39.66 W, 0x0000000000000000
2026/09/25 11:14:22.036, 3352 MiB, 43 %, 66, 2460 MHz, 39.83 W, 0x0000000000000000
2026/09/25 11:14:24.044, 3352 MiB, 47 %, 65, 2460 MHz, 39.41 W, 0x0000000000000000
2026/09/25 11:14:26.051, 3352 MiB, 51 %, 66, 2460 MHz, 38.11 W, 0x0000000000000000
2026/09/25 11:14:28.059, 3352 MiB, 45 %, 65, 2460 MHz, 36.40 W, 0x0000000000000000
2026/09/25 11:14:30.066, 3352 MiB, 34 %, 64, 2460 MHz, 34.02 W, 0x0000000000000000
2026/09/25 11:14:32.074, 3352 MiB, 39 %, 64, 2460 MHz, 33.20 W, 0x0000000000000000
2026/09/25 11:14:34.076, 3352 MiB, 35 %, 63, 2460 MHz, 32.67 W, 0x0000000000000000
2026/09/25 11:14:36.087, 3352 MiB, 29 %, 62, 2310 MHz, 28.67 W, 0x0000000000000001
2026/09/25 11:14:38.092, 3352 MiB, 36 %, 62, 2295 MHz, 26.01 W, 0x0000000000000001
2026/09/25 11:14:40.094, 3352 MiB, 38 %, 61, 2235 MHz, 25.69 W, 0x0000000000000001
2026/09/25 11:14:42.099, 3352 MiB, 40 %, 61, 2055 MHz, 23.22 W, 0x0000000000000001
2026/09/25 11:14:44.111, 3352 MiB, 43 %, 61, 2235 MHz, 25.60 W, 0x0000000000000001
2026/09/25 11:14:46.120, 3352 MiB, 42 %, 60, 1995 MHz, 23.61 W, 0x0000000000000001
2026/09/25 11:14:48.130, 3352 MiB, 31 %, 60, 1905 MHz, 21.53 W, 0x0000000000000001
2026/09/25 11:14:50.137, 3352 MiB, 33 %, 59, 1890 MHz, 19.36 W, 0x0000000000000001
2026/09/25 11:14:52.150, 3352 MiB, 37 %, 58, 1800 MHz, 19.07 W, 0x0000000000000001
2026/09/25 11:14:54.155, 3352 MiB, 34 %, 58, 1815 MHz, 18.86 W, 0x0000000000000001
2026/09/25 11:14:56.162, 3352 MiB, 34 %, 58, 1740 MHz, 18.21 W, 0x0000000000000001
2026/09/25 11:14:58.176, 3352 MiB, 37 %, 57, 1485 MHz, 16.25 W, 0x0000000000000001
2026/09/25 11:15:00.183, 3352 MiB, 37 %, 57, 1740 MHz, 16.52 W, 0x0000000000000001
2026/09/25 11:15:02.196, 3352 MiB, 38 %, 57, 1440 MHz, 16.01 W, 0x0000000000000001
2026/09/25 11:15:04.209, 3352 MiB, 30 %, 56, 1665 MHz, 16.09 W, 0x0000000000000001
2026/09/25 11:15:06.213, 3352 MiB, 37 %, 56, 1620 MHz, 16.88 W, 0x0000000000000001
2026/09/25 11:15:08.221, 3352 MiB, 39 %, 56, 1530 MHz, 16.44 W, 0x0000000000000001
2026/09/25 11:15:10.229, 3352 MiB, 30 %, 56, 1500 MHz, 13.84 W, 0x0000000000000001
2026/09/25 11:15:12.243, 3352 MiB, 30 %, 55, 1455 MHz, 14.28 W, 0x0000000000000001
2026/09/25 11:15:14.250, 3352 MiB, 24 %, 55, 1440 MHz, 13.71 W, 0x0000000000000001
2026/09/25 11:15:16.263, 3352 MiB, 60 %, 55, 1230 MHz, 13.65 W, 0x0000000000000001
2026/09/25 11:15:18.279, 3352 MiB, 41 %, 54, 1230 MHz, 14.95 W, 0x0000000000000001
2026/09/25 11:15:20.281, 3352 MiB, 28 %, 55, 1605 MHz, 15.23 W, 0x0000000000000001
2026/09/25 11:15:22.290, 3352 MiB, 30 %, 54, 1575 MHz, 15.00 W, 0x0000000000000001
2026/09/25 11:15:24.294, 3352 MiB, 41 %, 59, 2475 MHz, 41.63 W, 0x0000000000000000
2026/09/25 11:15:26.306, 3352 MiB, 38 %, 60, 2475 MHz, 41.57 W, 0x0000000000000000
2026/09/25 11:15:28.308, 3352 MiB, 30 %, 59, 2460 MHz, 38.50 W, 0x0000000000000000
2026/09/25 11:15:30.318, 3352 MiB, 40 %, 61, 2460 MHz, 41.19 W, 0x0000000000000000
2026/09/25 11:15:32.327, 3352 MiB, 48 %, 60, 2460 MHz, 34.90 W, 0x0000000000000000
2026/09/25 11:15:34.333, 3352 MiB, 61 %, 65, 2460 MHz, 40.20 W, 0x0000000000000004
2026/09/25 11:15:36.348, 3352 MiB, 67 %, 65, 2460 MHz, 58.02 W, 0x0000000000000000
2026/09/25 11:15:38.351, 3352 MiB, 67 %, 66, 2460 MHz, 55.17 W, 0x0000000000000000
2026/09/25 11:15:40.361, 3352 MiB, 72 %, 68, 2460 MHz, 59.16 W, 0x0000000000000004
2026/09/25 11:15:42.369, 3352 MiB, 57 %, 67, 2460 MHz, 56.08 W, 0x0000000000000000
2026/09/25 11:15:44.376, 3352 MiB, 62 %, 68, 2460 MHz, 56.94 W, 0x0000000000000000
2026/09/25 11:15:46.380, 3352 MiB, 66 %, 68, 2460 MHz, 56.24 W, 0x0000000000000000
2026/09/25 11:15:48.390, 3352 MiB, 64 %, 68, 2460 MHz, 55.86 W, 0x0000000000000000
2026/09/25 11:15:50.399, 3352 MiB, 61 %, 67, 2460 MHz, 55.59 W, 0x0000000000000000
2026/09/25 11:15:52.409, 3352 MiB, 62 %, 69, 2460 MHz, 56.48 W, 0x0000000000000000
2026/09/25 11:15:54.422, 3352 MiB, 66 %, 68, 2385 MHz, 57.15 W, 0x0000000000000000
2026/09/25 11:15:56.432, 3352 MiB, 63 %, 70, 2460 MHz, 57.53 W, 0x0000000000000000
2026/09/25 11:15:58.444, 3352 MiB, 60 %, 69, 2460 MHz, 57.52 W, 0x0000000000000000
2026/09/25 11:16:00.447, 3352 MiB, 61 %, 70, 2460 MHz, 55.59 W, 0x0000000000000000
2026/09/25 11:16:02.450, 3352 MiB, 57 %, 70, 2460 MHz, 55.95 W, 0x0000000000000000
2026/09/25 11:16:04.453, 3352 MiB, 62 %, 70, 2460 MHz, 57.20 W, 0x0000000000000000
2026/09/25 11:16:06.461, 3352 MiB, 65 %, 71, 2460 MHz, 56.55 W, 0x0000000000000000
2026/09/25 11:16:08.468, 3352 MiB, 66 %, 71, 2460 MHz, 57.09 W, 0x0000000000000000
2026/09/25 11:16:10.469, 3352 MiB, 60 %, 71, 2460 MHz, 57.08 W, 0x0000000000000000
2026/09/25 11:16:12.480, 3608 MiB, 65 %, 72, 2460 MHz, 57.00 W, 0x0000000000000000
2026/09/25 11:16:14.482, 3608 MiB, 62 %, 72, 2460 MHz, 57.55 W, 0x0000000000000000
2026/09/25 11:16:16.493, 3608 MiB, 68 %, 72, 2460 MHz, 58.40 W, 0x0000000000000000
2026/09/25 11:16:18.499, 3608 MiB, 60 %, 72, 2460 MHz, 58.64 W, 0x0000000000000000
2026/09/25 11:16:20.504, 3608 MiB, 71 %, 73, 2460 MHz, 59.70 W, 0x0000000000000000
2026/09/25 11:16:22.507, 3608 MiB, 69 %, 73, 2460 MHz, 58.14 W, 0x0000000000000004
2026/09/25 11:16:24.512, 3608 MiB, 66 %, 73, 2460 MHz, 59.04 W, 0x0000000000000000
2026/09/25 11:16:26.526, 3608 MiB, 67 %, 73, 2460 MHz, 58.84 W, 0x0000000000000000
2026/09/25 11:16:28.531, 3608 MiB, 69 %, 73, 2460 MHz, 57.73 W, 0x0000000000000000
2026/09/25 11:16:30.534, 3608 MiB, 69 %, 74, 2385 MHz, 59.45 W, 0x0000000000000004
2026/09/25 11:16:32.537, 3608 MiB, 68 %, 73, 2460 MHz, 57.87 W, 0x0000000000000000
2026/09/25 11:16:34.549, 3608 MiB, 61 %, 73, 2460 MHz, 58.54 W, 0x0000000000000000
2026/09/25 11:16:36.555, 3608 MiB, 65 %, 72, 2460 MHz, 58.68 W, 0x0000000000000000
2026/09/25 11:16:38.568, 3608 MiB, 69 %, 73, 2460 MHz, 58.42 W, 0x0000000000000000
2026/09/25 11:16:40.580, 3608 MiB, 69 %, 73, 2460 MHz, 57.14 W, 0x0000000000000000
2026/09/25 11:16:42.589, 3608 MiB, 56 %, 73, 2460 MHz, 56.69 W, 0x0000000000000000
2026/09/25 11:16:44.596, 3608 MiB, 58 %, 72, 2460 MHz, 57.03 W, 0x0000000000000000
2026/09/25 11:16:46.603, 3608 MiB, 66 %, 73, 2460 MHz, 55.93 W, 0x0000000000000000
2026/09/25 11:16:48.613, 3608 MiB, 68 %, 74, 2460 MHz, 58.47 W, 0x0000000000000000
2026/09/25 11:16:50.629, 3608 MiB, 70 %, 74, 2460 MHz, 58.73 W, 0x0000000000000000
2026/09/25 11:16:52.641, 3608 MiB, 66 %, 73, 2445 MHz, 58.46 W, 0x0000000000000004
2026/09/25 11:16:54.649, 3608 MiB, 62 %, 72, 2460 MHz, 57.87 W, 0x0000000000000000
2026/09/25 11:16:56.664, 3608 MiB, 67 %, 75, 2460 MHz, 57.57 W, 0x0000000000000000
2026/09/25 11:16:58.676, 3608 MiB, 68 %, 74, 2460 MHz, 57.09 W, 0x0000000000000000
2026/09/25 11:17:00.678, 3608 MiB, 60 %, 75, 2415 MHz, 57.64 W, 0x0000000000000004
2026/09/25 11:17:02.688, 3608 MiB, 67 %, 74, 2460 MHz, 56.28 W, 0x0000000000000000
2026/09/25 11:17:04.690, 3608 MiB, 62 %, 74, 2460 MHz, 56.61 W, 0x0000000000000000
2026/09/25 11:17:06.702, 3608 MiB, 55 %, 74, 2460 MHz, 56.97 W, 0x0000000000000000
2026/09/25 11:17:08.708, 3608 MiB, 62 %, 76, 2370 MHz, 58.83 W, 0x0000000000000004
2026/09/25 11:17:10.709, 3608 MiB, 65 %, 75, 2460 MHz, 58.58 W, 0x0000000000000000
2026/09/25 11:17:12.717, 3608 MiB, 69 %, 75, 2460 MHz, 57.72 W, 0x0000000000000000
2026/09/25 11:17:14.718, 3608 MiB, 67 %, 74, 2460 MHz, 55.77 W, 0x0000000000000000
2026/09/25 11:17:16.729, 3608 MiB, 58 %, 75, 2445 MHz, 56.49 W, 0x0000000000000000
2026/09/25 11:17:18.734, 3608 MiB, 66 %, 75, 2460 MHz, 57.62 W, 0x0000000000000000
2026/09/25 11:17:20.741, 3608 MiB, 65 %, 75, 2460 MHz, 58.22 W, 0x0000000000000000
2026/09/25 11:17:22.744, 3608 MiB, 65 %, 75, 2460 MHz, 57.56 W, 0x0000000000000000
2026/09/25 11:17:24.744, 3608 MiB, 66 %, 75, 2460 MHz, 56.11 W, 0x0000000000000000
2026/09/25 11:17:26.748, 3608 MiB, 68 %, 74, 2460 MHz, 54.84 W, 0x0000000000000000
2026/09/25 11:17:28.760, 3608 MiB, 63 %, 74, 2460 MHz, 54.17 W, 0x0000000000000000
2026/09/25 11:17:30.766, 3608 MiB, 65 %, 74, 2460 MHz, 55.03 W, 0x0000000000000000
2026/09/25 11:17:32.773, 3608 MiB, 60 %, 75, 2460 MHz, 55.55 W, 0x0000000000000000
2026/09/25 11:17:34.779, 3608 MiB, 64 %, 74, 2460 MHz, 54.58 W, 0x0000000000000000
2026/09/25 11:17:36.783, 3608 MiB, 60 %, 74, 2460 MHz, 54.33 W, 0x0000000000000000
2026/09/25 11:17:38.791, 3608 MiB, 64 %, 74, 2460 MHz, 53.12 W, 0x0000000000000000
2026/09/25 11:17:40.805, 3608 MiB, 57 %, 74, 2460 MHz, 52.31 W, 0x0000000000000000
2026/09/25 11:17:42.813, 3608 MiB, 50 %, 73, 2460 MHz, 52.86 W, 0x0000000000000000
2026/09/25 11:17:44.823, 3608 MiB, 64 %, 74, 2445 MHz, 54.18 W, 0x0000000000000000
2026/09/25 11:17:46.828, 3608 MiB, 55 %, 73, 2460 MHz, 52.01 W, 0x0000000000000000
2026/09/25 11:17:48.843, 3608 MiB, 62 %, 74, 2460 MHz, 52.30 W, 0x0000000000000000
2026/09/25 11:17:50.848, 3608 MiB, 53 %, 72, 2460 MHz, 51.96 W, 0x0000000000000000
2026/09/25 11:17:52.854, 3608 MiB, 61 %, 74, 2460 MHz, 51.85 W, 0x0000000000000000
2026/09/25 11:17:54.855, 3608 MiB, 61 %, 74, 2460 MHz, 52.18 W, 0x0000000000000000
2026/09/25 11:17:56.868, 3608 MiB, 57 %, 72, 2460 MHz, 51.39 W, 0x0000000000000000
2026/09/25 11:17:58.874, 3608 MiB, 60 %, 74, 2460 MHz, 51.23 W, 0x0000000000000000
2026/09/25 11:18:00.889, 3608 MiB, 54 %, 74, 2460 MHz, 50.16 W, 0x0000000000000000
2026/09/25 11:18:02.896, 3608 MiB, 65 %, 74, 2460 MHz, 51.90 W, 0x0000000000000000
2026/09/25 11:18:04.911, 3608 MiB, 61 %, 74, 2460 MHz, 49.12 W, 0x0000000000000000
2026/09/25 11:18:06.919, 3608 MiB, 49 %, 73, 2460 MHz, 50.44 W, 0x0000000000000000
2026/09/25 11:18:08.926, 3608 MiB, 50 %, 73, 2460 MHz, 47.56 W, 0x0000000000000000
2026/09/25 11:18:10.941, 3608 MiB, 64 %, 73, 2460 MHz, 49.96 W, 0x0000000000000000
2026/09/25 11:18:12.943, 3608 MiB, 54 %, 72, 2460 MHz, 48.92 W, 0x0000000000000000
2026/09/25 11:18:14.946, 3608 MiB, 55 %, 73, 2460 MHz, 49.18 W, 0x0000000000000000
2026/09/25 11:18:16.956, 3608 MiB, 58 %, 72, 2460 MHz, 50.79 W, 0x0000000000000000
2026/09/25 11:18:18.961, 3608 MiB, 61 %, 73, 2460 MHz, 50.20 W, 0x0000000000000000
2026/09/25 11:18:20.975, 3608 MiB, 55 %, 72, 2460 MHz, 49.46 W, 0x0000000000000000
2026/09/25 11:18:22.989, 3608 MiB, 57 %, 73, 2460 MHz, 50.04 W, 0x0000000000000000
2026/09/25 11:18:25.003, 3608 MiB, 54 %, 72, 2460 MHz, 49.25 W, 0x0000000000000000
2026/09/25 11:18:27.005, 3608 MiB, 51 %, 72, 2460 MHz, 49.65 W, 0x0000000000000000
2026/09/25 11:18:29.008, 3608 MiB, 57 %, 72, 2460 MHz, 49.83 W, 0x0000000000000000
2026/09/25 11:18:31.012, 3608 MiB, 61 %, 72, 2460 MHz, 48.50 W, 0x0000000000000000
2026/09/25 11:18:33.013, 3608 MiB, 64 %, 72, 2460 MHz, 48.98 W, 0x0000000000000000
2026/09/25 11:18:35.016, 3608 MiB, 62 %, 72, 2460 MHz, 49.40 W, 0x0000000000000000
2026/09/25 11:18:37.026, 3608 MiB, 58 %, 72, 2460 MHz, 49.42 W, 0x0000000000000000
2026/09/25 11:18:39.035, 3608 MiB, 59 %, 72, 2460 MHz, 49.03 W, 0x0000000000000000
2026/09/25 11:18:41.036, 3608 MiB, 57 %, 72, 2460 MHz, 48.49 W, 0x0000000000000000
2026/09/25 11:18:43.039, 3608 MiB, 57 %, 71, 2460 MHz, 47.42 W, 0x0000000000000000
2026/09/25 11:18:45.042, 3608 MiB, 58 %, 72, 2460 MHz, 46.78 W, 0x0000000000000000
2026/09/25 11:18:47.055, 3608 MiB, 50 %, 71, 2460 MHz, 46.02 W, 0x0000000000000000
2026/09/25 11:18:49.057, 3608 MiB, 53 %, 69, 2460 MHz, 47.68 W, 0x0000000000000000
2026/09/25 11:18:51.069, 3608 MiB, 50 %, 71, 2460 MHz, 46.01 W, 0x0000000000000000
2026/09/25 11:18:53.080, 3608 MiB, 57 %, 71, 2460 MHz, 47.90 W, 0x0000000000000000
2026/09/25 11:18:55.083, 3608 MiB, 58 %, 72, 2460 MHz, 47.00 W, 0x0000000000000000
2026/09/25 11:18:57.090, 3608 MiB, 57 %, 71, 2460 MHz, 46.91 W, 0x0000000000000000
2026/09/25 11:18:59.102, 3608 MiB, 50 %, 70, 2460 MHz, 46.46 W, 0x0000000000000000
2026/09/25 11:19:01.104, 3608 MiB, 56 %, 71, 2460 MHz, 47.65 W, 0x0000000000000000
2026/09/25 11:19:03.108, 3608 MiB, 61 %, 70, 2460 MHz, 46.39 W, 0x0000000000000000
2026/09/25 11:19:05.113, 3608 MiB, 54 %, 69, 2460 MHz, 46.32 W, 0x0000000000000000
2026/09/25 11:19:07.126, 3608 MiB, 60 %, 70, 2460 MHz, 47.00 W, 0x0000000000000000
2026/09/25 11:19:09.132, 3608 MiB, 56 %, 70, 2460 MHz, 46.51 W, 0x0000000000000000
2026/09/25 11:19:11.132, 3608 MiB, 51 %, 70, 2460 MHz, 45.98 W, 0x0000000000000000
2026/09/25 11:19:13.142, 3608 MiB, 48 %, 70, 2460 MHz, 46.09 W, 0x0000000000000000
2026/09/25 11:19:15.151, 3608 MiB, 56 %, 70, 2460 MHz, 47.43 W, 0x0000000000000000
2026/09/25 11:19:17.157, 3608 MiB, 56 %, 69, 2460 MHz, 46.49 W, 0x0000000000000000
2026/09/25 11:19:19.164, 3608 MiB, 54 %, 71, 2460 MHz, 46.53 W, 0x0000000000000000
2026/09/25 11:19:21.176, 3608 MiB, 55 %, 69, 2460 MHz, 46.15 W, 0x0000000000000000
2026/09/25 11:19:23.179, 3608 MiB, 57 %, 69, 2460 MHz, 45.77 W, 0x0000000000000000
2026/09/25 11:19:25.182, 3608 MiB, 57 %, 70, 2460 MHz, 45.22 W, 0x0000000000000000
2026/09/25 11:19:27.195, 3608 MiB, 57 %, 71, 2460 MHz, 46.18 W, 0x0000000000000000
2026/09/25 11:19:29.198, 3608 MiB, 47 %, 69, 2460 MHz, 45.18 W, 0x0000000000000000
2026/09/25 11:19:31.201, 3608 MiB, 58 %, 70, 2460 MHz, 46.06 W, 0x0000000000000000
2026/09/25 11:19:33.206, 3608 MiB, 50 %, 70, 2460 MHz, 45.72 W, 0x0000000000000000
2026/09/25 11:19:35.207, 3608 MiB, 59 %, 70, 2460 MHz, 46.35 W, 0x0000000000000000
2026/09/25 11:19:37.209, 3608 MiB, 57 %, 71, 2460 MHz, 46.94 W, 0x0000000000000000
2026/09/25 11:19:39.212, 3608 MiB, 55 %, 70, 2460 MHz, 46.48 W, 0x0000000000000000
2026/09/25 11:19:41.219, 3608 MiB, 52 %, 70, 2460 MHz, 46.61 W, 0x0000000000000000
2026/09/25 11:19:43.231, 3608 MiB, 53 %, 71, 2460 MHz, 47.46 W, 0x0000000000000000
2026/09/25 11:19:45.244, 3608 MiB, 59 %, 70, 2460 MHz, 47.30 W, 0x0000000000000000
2026/09/25 11:19:47.252, 3608 MiB, 62 %, 70, 2460 MHz, 46.89 W, 0x0000000000000000
2026/09/25 11:19:49.254, 3608 MiB, 56 %, 70, 2460 MHz, 46.87 W, 0x0000000000000000
2026/09/25 11:19:51.261, 3608 MiB, 60 %, 69, 2460 MHz, 46.34 W, 0x0000000000000000
2026/09/25 11:19:53.263, 3608 MiB, 57 %, 70, 2460 MHz, 45.96 W, 0x0000000000000000
2026/09/25 11:19:55.264, 3608 MiB, 60 %, 69, 2460 MHz, 47.00 W, 0x0000000000000000
2026/09/25 11:19:57.272, 3608 MiB, 55 %, 69, 2460 MHz, 45.54 W, 0x0000000000000000
2026/09/25 11:19:59.285, 3608 MiB, 55 %, 68, 2460 MHz, 47.51 W, 0x0000000000000000
2026/09/25 11:20:01.291, 3608 MiB, 48 %, 70, 2460 MHz, 46.23 W, 0x0000000000000000
2026/09/25 11:20:03.303, 3608 MiB, 56 %, 70, 2460 MHz, 45.80 W, 0x0000000000000000
2026/09/25 11:20:05.311, 3608 MiB, 59 %, 70, 2460 MHz, 46.14 W, 0x0000000000000000
2026/09/25 11:20:07.320, 3608 MiB, 54 %, 70, 2460 MHz, 45.96 W, 0x0000000000000000
2026/09/25 11:20:09.323, 3608 MiB, 55 %, 69, 2460 MHz, 45.72 W, 0x0000000000000000
2026/09/25 11:20:11.325, 3608 MiB, 57 %, 69, 2460 MHz, 45.21 W, 0x0000000000000000
2026/09/25 11:20:13.328, 3608 MiB, 53 %, 69, 2460 MHz, 46.26 W, 0x0000000000000000
2026/09/25 11:20:15.331, 3608 MiB, 57 %, 69, 2460 MHz, 46.18 W, 0x0000000000000000
2026/09/25 11:20:17.344, 3608 MiB, 59 %, 70, 2460 MHz, 45.06 W, 0x0000000000000000
2026/09/25 11:20:19.349, 3608 MiB, 54 %, 70, 2460 MHz, 45.30 W, 0x0000000000000000
2026/09/25 11:20:21.351, 3608 MiB, 59 %, 69, 2460 MHz, 46.54 W, 0x0000000000000000
2026/09/25 11:20:23.365, 3608 MiB, 56 %, 69, 2460 MHz, 45.68 W, 0x0000000000000000
2026/09/25 11:20:25.376, 3608 MiB, 58 %, 69, 2460 MHz, 45.61 W, 0x0000000000000000
2026/09/25 11:20:27.387, 3608 MiB, 54 %, 69, 2460 MHz, 45.57 W, 0x0000000000000000
2026/09/25 11:20:29.402, 3608 MiB, 58 %, 69, 2460 MHz, 46.39 W, 0x0000000000000000
2026/09/25 11:20:31.407, 3608 MiB, 49 %, 69, 2460 MHz, 44.71 W, 0x0000000000000000
2026/09/25 11:20:33.412, 3608 MiB, 52 %, 69, 2460 MHz, 45.43 W, 0x0000000000000000
2026/09/25 11:20:35.414, 3608 MiB, 56 %, 69, 2460 MHz, 44.78 W, 0x0000000000000000
2026/09/25 11:20:37.416, 3608 MiB, 54 %, 70, 2460 MHz, 45.97 W, 0x0000000000000000
2026/09/25 11:20:39.420, 3608 MiB, 55 %, 68, 2460 MHz, 45.46 W, 0x0000000000000000
2026/09/25 11:20:41.423, 3608 MiB, 57 %, 69, 2460 MHz, 45.18 W, 0x0000000000000000
2026/09/25 11:20:43.426, 3608 MiB, 53 %, 69, 2460 MHz, 45.01 W, 0x0000000000000000
2026/09/25 11:20:45.442, 3608 MiB, 50 %, 68, 2460 MHz, 45.33 W, 0x0000000000000000
2026/09/25 11:20:47.445, 3608 MiB, 55 %, 68, 2460 MHz, 43.55 W, 0x0000000000000000
2026/09/25 11:20:49.457, 3608 MiB, 46 %, 69, 2460 MHz, 43.68 W, 0x0000000000000000
2026/09/25 11:20:51.464, 3608 MiB, 48 %, 68, 2460 MHz, 41.66 W, 0x0000000000000000
2026/09/25 11:20:53.470, 3608 MiB, 52 %, 68, 2460 MHz, 43.16 W, 0x0000000000000000
2026/09/25 11:20:55.478, 3608 MiB, 56 %, 69, 2460 MHz, 43.30 W, 0x0000000000000000
2026/09/25 11:20:57.484, 3608 MiB, 55 %, 68, 2460 MHz, 42.79 W, 0x0000000000000000
2026/09/25 11:20:59.486, 3608 MiB, 48 %, 67, 2460 MHz, 41.89 W, 0x0000000000000000
2026/09/25 11:21:01.502, 3608 MiB, 51 %, 68, 2460 MHz, 40.88 W, 0x0000000000000000
2026/09/25 11:21:03.513, 3608 MiB, 50 %, 67, 2460 MHz, 40.56 W, 0x0000000000000000
2026/09/25 11:21:05.523, 3608 MiB, 54 %, 67, 2460 MHz, 41.64 W, 0x0000000000000000
2026/09/25 11:21:07.525, 3608 MiB, 48 %, 68, 2460 MHz, 41.04 W, 0x0000000000000000
2026/09/25 11:21:09.534, 3608 MiB, 54 %, 68, 2460 MHz, 41.91 W, 0x0000000000000000
2026/09/25 11:21:11.549, 3608 MiB, 52 %, 68, 2460 MHz, 40.92 W, 0x0000000000000000
2026/09/25 11:21:13.562, 3608 MiB, 48 %, 67, 2460 MHz, 40.58 W, 0x0000000000000000
2026/09/25 11:21:15.572, 3608 MiB, 55 %, 68, 2460 MHz, 41.70 W, 0x0000000000000000
2026/09/25 11:21:17.582, 3608 MiB, 50 %, 66, 2460 MHz, 41.22 W, 0x0000000000000000
2026/09/25 11:21:19.584, 3608 MiB, 47 %, 67, 2460 MHz, 40.20 W, 0x0000000000000000
2026/09/25 11:21:21.585, 3608 MiB, 47 %, 67, 2460 MHz, 38.59 W, 0x0000000000000000
2026/09/25 11:21:23.588, 3608 MiB, 50 %, 67, 2460 MHz, 38.60 W, 0x0000000000000000
2026/09/25 11:21:25.597, 3608 MiB, 47 %, 67, 2460 MHz, 38.21 W, 0x0000000000000000
2026/09/25 11:21:27.607, 3608 MiB, 47 %, 66, 2460 MHz, 38.64 W, 0x0000000000000000
2026/09/25 11:21:29.611, 3608 MiB, 49 %, 66, 2460 MHz, 38.70 W, 0x0000000000000000
2026/09/25 11:21:31.626, 3608 MiB, 49 %, 66, 2460 MHz, 39.32 W, 0x0000000000000000
2026/09/25 11:21:33.628, 3608 MiB, 51 %, 67, 2460 MHz, 39.38 W, 0x0000000000000000
2026/09/25 11:21:35.636, 3608 MiB, 48 %, 66, 2460 MHz, 37.97 W, 0x0000000000000000
2026/09/25 11:21:37.648, 3608 MiB, 50 %, 67, 2460 MHz, 39.42 W, 0x0000000000000000
2026/09/25 11:21:39.655, 3608 MiB, 52 %, 66, 2460 MHz, 39.27 W, 0x0000000000000000
2026/09/25 11:21:41.659, 3608 MiB, 44 %, 66, 2460 MHz, 37.63 W, 0x0000000000000000
2026/09/25 11:21:43.660, 3608 MiB, 44 %, 65, 2460 MHz, 36.89 W, 0x0000000000000000
2026/09/25 11:21:45.672, 3608 MiB, 41 %, 65, 2460 MHz, 35.85 W, 0x0000000000000000
2026/09/25 11:21:47.679, 3608 MiB, 42 %, 65, 2460 MHz, 35.23 W, 0x0000000000000000
2026/09/25 11:21:49.693, 3608 MiB, 38 %, 64, 2460 MHz, 34.66 W, 0x0000000000000000
2026/09/25 11:21:51.694, 3608 MiB, 38 %, 65, 2460 MHz, 36.08 W, 0x0000000000000000
2026/09/25 11:21:53.697, 3608 MiB, 36 %, 64, 2460 MHz, 34.24 W, 0x0000000000000000
2026/09/25 11:21:55.706, 3608 MiB, 46 %, 64, 2460 MHz, 33.78 W, 0x0000000000000000
2026/09/25 11:21:57.716, 3608 MiB, 41 %, 64, 2460 MHz, 33.69 W, 0x0000000000000000
2026/09/25 11:21:59.721, 3608 MiB, 39 %, 64, 2460 MHz, 34.01 W, 0x0000000000000000
2026/09/25 11:22:01.722, 3608 MiB, 43 %, 64, 2460 MHz, 34.62 W, 0x0000000000000000
2026/09/25 11:22:03.725, 3608 MiB, 38 %, 63, 2460 MHz, 32.79 W, 0x0000000000000000
2026/09/25 11:22:05.728, 3608 MiB, 39 %, 63, 2460 MHz, 33.81 W, 0x0000000000000000
2026/09/25 11:22:07.742, 3608 MiB, 50 %, 64, 2460 MHz, 34.48 W, 0x0000000000000000
2026/09/25 11:22:09.749, 3608 MiB, 45 %, 64, 2460 MHz, 34.16 W, 0x0000000000000000
2026/09/25 11:22:11.750, 3608 MiB, 44 %, 64, 2460 MHz, 34.24 W, 0x0000000000000000
2026/09/25 11:22:13.762, 3608 MiB, 46 %, 64, 2460 MHz, 34.67 W, 0x0000000000000000
2026/09/25 11:22:15.769, 3608 MiB, 46 %, 63, 2460 MHz, 33.63 W, 0x0000000000000000
2026/09/25 11:22:17.777, 3608 MiB, 44 %, 64, 2460 MHz, 32.63 W, 0x0000000000000000
2026/09/25 11:22:19.789, 3608 MiB, 37 %, 63, 2460 MHz, 34.02 W, 0x0000000000000000
2026/09/25 11:22:21.790, 3608 MiB, 41 %, 63, 2460 MHz, 33.04 W, 0x0000000000000000
2026/09/25 11:22:23.798, 3608 MiB, 31 %, 64, 2460 MHz, 32.69 W, 0x0000000000000000
2026/09/25 11:22:25.811, 3608 MiB, 39 %, 63, 2460 MHz, 33.04 W, 0x0000000000000000
2026/09/25 11:22:27.813, 3608 MiB, 41 %, 63, 2460 MHz, 31.65 W, 0x0000000000000000
2026/09/25 11:22:29.815, 3608 MiB, 37 %, 63, 2460 MHz, 31.54 W, 0x0000000000000000
2026/09/25 11:22:31.823, 3608 MiB, 39 %, 62, 2460 MHz, 31.77 W, 0x0000000000000000
2026/09/25 11:22:33.837, 3608 MiB, 36 %, 62, 2460 MHz, 31.79 W, 0x0000000000000000
2026/09/25 11:22:35.839, 3608 MiB, 37 %, 62, 2460 MHz, 30.60 W, 0x0000000000000000
2026/09/25 11:22:37.840, 3608 MiB, 38 %, 61, 2235 MHz, 27.44 W, 0x0000000000000001
2026/09/25 11:22:39.843, 3608 MiB, 37 %, 60, 1950 MHz, 21.44 W, 0x0000000000000001
2026/09/25 11:22:41.850, 3608 MiB, 37 %, 59, 1800 MHz, 19.63 W, 0x0000000000000001
2026/09/25 11:22:43.851, 3608 MiB, 32 %, 59, 1950 MHz, 20.60 W, 0x0000000000000001
2026/09/25 11:22:45.858, 3608 MiB, 41 %, 59, 1935 MHz, 20.38 W, 0x0000000000000001
2026/09/25 11:22:47.859, 3608 MiB, 34 %, 59, 1875 MHz, 19.60 W, 0x0000000000000001
2026/09/25 11:22:49.865, 3608 MiB, 33 %, 58, 1785 MHz, 20.02 W, 0x0000000000000001
2026/09/25 11:22:51.876, 3608 MiB, 33 %, 58, 1755 MHz, 17.74 W, 0x0000000000000001
2026/09/25 11:22:53.878, 3608 MiB, 39 %, 57, 1620 MHz, 16.77 W, 0x0000000000000001
2026/09/25 11:22:55.879, 3608 MiB, 33 %, 57, 1515 MHz, 16.54 W, 0x0000000000000001
2026/09/25 11:22:57.884, 3608 MiB, 34 %, 56, 1410 MHz, 15.89 W, 0x0000000000000001
2026/09/25 11:22:59.887, 3608 MiB, 37 %, 57, 1575 MHz, 18.16 W, 0x0000000000000001
2026/09/25 11:23:01.888, 3608 MiB, 42 %, 56, 1590 MHz, 16.70 W, 0x0000000000000001
2026/09/25 11:23:03.898, 3608 MiB, 31 %, 56, 1470 MHz, 16.14 W, 0x0000000000000001
2026/09/25 11:23:05.900, 3608 MiB, 30 %, 56, 1530 MHz, 15.24 W, 0x0000000000000001
2026/09/25 11:23:07.913, 3608 MiB, 32 %, 55, 1500 MHz, 15.37 W, 0x0000000000000001
2026/09/25 11:23:09.915, 3608 MiB, 31 %, 55, 1590 MHz, 15.73 W, 0x0000000000000001
2026/09/25 11:23:11.918, 3608 MiB, 29 %, 55, 1635 MHz, 15.92 W, 0x0000000000000001
2026/09/25 11:23:13.923, 3608 MiB, 28 %, 55, 1635 MHz, 15.94 W, 0x0000000000000001
2026/09/25 11:23:15.937, 3608 MiB, 31 %, 55, 1665 MHz, 15.80 W, 0x0000000000000001
2026/09/25 11:23:17.949, 3608 MiB, 25 %, 55, 1755 MHz, 16.37 W, 0x0000000000000001
2026/09/25 11:23:19.963, 3608 MiB, 29 %, 55, 1575 MHz, 15.28 W, 0x0000000000000001
2026/09/25 11:23:21.969, 3608 MiB, 31 %, 54, 1425 MHz, 14.84 W, 0x0000000000000001
